20181221,1730,2474.50,2478.75,2471.50,2477.00,0,0
20181221,1800,2477.00,2477.25,2475.50,2476.50,0,0
20181221,1830,2476.50,2477.00,2473.00,2473.00,0,0
20181221,1900,2473.00,2480.50,2473.00,2478.75,0,0
20181221,1930,2478.75,2482.25,2478.00,2480.25,0,0
20181221,2000,2480.25,2482.50,2480.25,2482.50,0,0
20181221,2030,2482.50,2482.50,2477.50,2477.50,0,0
20181221,2100,2477.50,2481.75,2475.75,2481.75,0,0
20181221,2130,2481.75,2484.25,2480.00,2484.25,0,0
20181221,2200,2490.00,2495.50,2487.50,2489.25,0,0
20181221,2230,2489.25,2495.50,2478.25,2479.00,0,0
20181221,2300,2479.00,2487.75,2476.25,2482.75,0,0
20181221,2330,2482.75,2510.75,2475.00,2500.25,0,0
20181222,0000,2500.25,2500.50,2485.00,2486.25,0,0
20181222,0030,2486.25,2486.25,2465.00,2475.75,0,0
20181224,0830,2418.75,2419.25,2418.50,2419.25,0,0
20181224,0900,2419.25,2419.25,2413.00,2417.50,0,0
20181224,0930,2417.50,2422.50,2417.50,2422.00,0,0
20181224,1000,2422.00,2427.00,2422.00,2427.00,0,0
20181224,1030,2427.00,2428.25,2427.00,2427.00,0,0
20181224,1100,2427.00,2433.25,2427.00,2428.75,0,0
20181224,1130,2428.75,2431.50,2428.00,2430.00,0,0
20181224,1200,2430.00,2430.00,2430.00,2430.00,0,0
20181224,1230,2430.00,2434.25,2430.00,2434.00,0,0
20181224,1300,2434.00,2436.25,2433.25,2433.25,0,0
20181224,1330,2433.25,2433.25,2433.00,2433.00,0,0
20181224,1400,2433.00,2433.00,2432.00,2432.00,0,0
20181224,1430,2432.00,2432.00,2432.00,2432.00,0,0
20181224,1500,2432.00,2432.00,2430.75,2430.75,0,0
20181224,1530,2430.75,2434.50,2430.75,2432.25,0,0
20181224,1600,2432.25,2433.00,2432.25,2432.25,0,0
20181224,1630,2432.25,2435.00,2431.25,2431.25,0,0
20181224,1700,2431.25,2432.75,2429.75,2429.75,0,0
20181224,1730,2429.75,2431.50,2428.00,2428.00,0,0
20181224,1800,2428.00,2429.00,2425.00,2429.00,0,0
20181224,1830,2429.00,2430.00,2429.00,2430.00,0,0
20181224,1900,2430.00,2430.00,2428.25,2430.00,0,0
20181224,1930,2430.00,2431.50,2430.00,2430.50,0,0
20181224,2000,2430.50,2430.50,2424.75,2424.75,0,0
20181224,2030,2424.75,2424.75,2399.00,2405.00,0,0
20181224,2100,2405.00,2409.00,2396.00,2396.00,0,0
20181224,2130,2396.00,2417.25,2394.25,2411.00,0,0
20181224,2200,2411.00,2412.50,2402.00,2404.00,0,0
20181224,2230,2404.00,2409.75,2401.75,2404.25,0,0
20181224,2300,2403.25,2411.75,2378.25,2385.50,0,0
20181224,2330,2385.50,2391.00,2372.00,2388.25,0,0
20181225,0000,2390.75,2414.00,2390.50,2399.00,0,0
20181225,0030,2399.00,2403.00,2378.50,2381.25,0,0
20181225,0100,2382.00,2389.00,2372.25,2374.75,0,0
20181225,0130,2374.75,2382.25,2366.75,2372.75,0,0
20181225,0200,2372.75,2378.50,2356.25,2356.25,0,0
20181225,0230,2357.25,2357.25,2343.00,2344.25,0,0
20181225,0300,2344.25,2344.25,2344.25,2344.25,0,0
20181225,0330,2344.25,2344.25,2344.25,2344.25,0,0
20181225,0400,2344.25,2344.25,2344.25,2344.25,0,0
20181225,0430,2344.25,2344.25,2344.25,2344.25,0,0
20181225,0500,2344.25,2344.25,2344.25,2344.25,0,0
20181225,0530,2344.25,2344.25,2344.25,2344.25,0,0
20181225,0600,2344.25,2344.25,2344.25,2344.25,0,0
20181225,0630,2344.25,2344.25,2344.25,2344.25,0,0
20181225,0700,2344.25,2344.25,2344.25,2344.25,0,0
20181226,1400,2331.25,2337.50,2331.25,2337.25,0,0
20181226,1430,2338.50,2345.00,2337.50,2343.50,0,0
20181226,1500,2343.50,2344.00,2342.25,2344.00,0,0
20181226,1530,2344.00,2344.00,2338.50,2338.50,0,0
20181226,1600,2338.50,2345.50,2338.50,2345.50,0,0
20181226,1630,2345.50,2354.50,2345.50,2353.50,0,0
20181226,1700,2353.50,2354.25,2351.25,2353.50,0,0
20181226,1730,2353.50,2353.50,2349.00,2352.25,0,0
20181226,1800,2352.25,2361.50,2352.25,2361.50,0,0
20181226,1830,2361.50,2361.75,2353.25,2358.50,0,0
20181226,1900,2358.50,2358.50,2354.25,2356.25,0,0
20181226,1930,2356.25,2361.25,2356.25,2359.75,0,0
20181226,2000,2359.75,2359.75,2356.50,2356.75,0,0
20181226,2030,2356.75,2370.00,2356.25,2368.25,0,0
20181226,2100,2368.25,2370.50,2364.75,2367.25,0,0
20181226,2130,2367.25,2368.25,2361.75,2364.75,0,0
20181226,2200,2364.75,2364.75,2357.75,2362.25,0,0
20181226,2230,2362.25,2374.50,2360.00,2370.00,0,0
20181226,2300,2373.25,2388.50,2366.25,2366.25,0,0
20181226,2330,2366.00,2369.50,2352.00,2366.00,0,0
20181227,0000,2366.00,2366.00,2347.75,2350.00,0,0
20181227,0030,2352.00,2377.75,2352.00,2375.00,0,0
20181227,0100,2375.50,2394.75,2371.75,2394.75,0,0
20181227,0130,2394.00,2412.00,2393.50,2400.50,0,0
20181227,0200,2400.50,2417.00,2398.75,2415.25,0,0
20181227,0230,2412.00,2414.25,2396.25,2403.75,0,0
20181227,0300,2403.50,2424.25,2403.50,2423.50,0,0
20181227,0330,2425.00,2425.00,2412.50,2414.25,0,0
20181227,0400,2414.25,2424.00,2414.25,2424.00,0,0
20181227,0430,2424.00,2438.00,2423.00,2438.00,0,0
20181227,0500,2438.00,2467.75,2438.00,2467.75,0,0
20181227,0530,2467.75,2480.75,2467.75,2472.75,0,0
20181227,0600,2472.75,2476.50,2470.00,2471.00,0,0
20181227,0630,2471.00,2471.00,2470.75,2471.00,0,0
20181227,0700,2471.00,2473.00,2471.00,2473.00,0,0
20181227,0930,2463.75,2468.00,2463.75,2465.25,0,0
20181227,1000,2465.25,2465.25,2462.50,2462.50,0,0
20181227,1030,2462.50,2465.50,2462.50,2464.50,0,0
20181227,1100,2464.50,2467.25,2464.25,2467.25,0,0
20181227,1130,2467.25,2467.25,2467.25,2467.25,0,0
20181227,1200,2467.25,2467.25,2464.50,2464.50,0,0
20181227,1230,2464.50,2468.00,2464.50,2466.00,0,0
20181227,1300,2466.00,2469.25,2466.00,2469.25,0,0
20181227,1330,2469.25,2483.00,2469.25,2482.00,0,0
20181227,1400,2482.00,2482.00,2465.00,2466.25,0,0
20181227,1430,2463.00,2464.00,2460.00,2461.75,0,0
20181227,1500,2461.75,2466.75,2461.50,2465.25,0,0
20181227,1530,2465.25,2465.25,2460.50,2463.25,0,0
20181227,1600,2463.25,2463.25,2459.50,2459.50,0,0
20181227,1630,2459.50,2459.50,2452.50,2453.75,0,0
20181227,1700,2453.75,2453.75,2446.00,2446.00,0,0
20181227,1730,2446.00,2446.75,2438.00,2438.00,0,0
20181227,1800,2437.25,2437.25,2427.50,2427.50,0,0
20181227,1830,2427.50,2440.75,2427.00,2438.50,0,0
20181227,1900,2438.50,2441.25,2429.50,2432.50,0,0
20181227,1930,2432.50,2438.00,2430.25,2438.00,0,0
20181227,2000,2438.00,2440.25,2434.75,2435.00,0,0
20181227,2030,2435.00,2436.75,2430.75,2432.50,0,0
20181227,2100,2432.50,2441.50,2432.50,2436.00,0,0
20181227,2130,2436.00,2444.00,2430.75,2438.50,0,0
20181227,2200,2438.50,2441.75,2435.25,2435.25,0,0
20181227,2230,2435.25,2439.75,2432.50,2437.50,0,0
20181227,2300,2437.50,2448.00,2422.75,2427.00,0,0
20181227,2330,2427.00,2430.00,2417.25,2420.50,0,0
20181228,0000,2420.50,2439.75,2416.00,2428.00,0,0
20181228,0030,2428.00,2440.75,2421.50,2440.25,0,0
20181228,0100,2440.25,2447.25,2430.75,2431.75,0,0
20181228,0130,2431.75,2435.25,2419.75,2423.25,0,0
20181228,0200,2423.25,2429.25,2420.00,2424.50,0,0
20181228,0230,2427.25,2430.00,2421.50,2421.50,0,0
20181228,0300,2421.50,2424.50,2407.00,2411.50,0,0
20181228,0330,2411.50,2413.75,2400.25,2409.25,0,0
20181228,0400,2409.25,2432.00,2405.75,2429.50,0,0
20181228,0430,2429.50,2460.75,2423.00,2460.25,0,0
20181228,0500,2460.25,2492.75,2452.25,2492.75,0,0
20181228,0530,2492.75,2501.50,2492.75,2495.75,0,0
20181228,0600,2495.75,2495.75,2488.00,2492.75,0,0
20181228,0630,2492.75,2492.75,2492.75,2492.75,0,0
20181228,0700,2492.75,2493.50,2492.75,2493.50,0,0
20190102,1130,2496.75,2496.75,2496.75,2496.75,0,0
20190102,1200,2496.25,2496.75,2495.50,2496.75,0,0
20190102,1230,2496.75,2496.75,2484.75,2488.00,0,0
20190102,1300,2488.00,2488.25,2487.50,2488.25,0,0
20190102,1330,2488.00,2488.25,2486.75,2486.75,0,0
20190102,1400,2486.75,2488.25,2481.50,2481.50,0,0
20190102,1430,2481.50,2488.50,2481.50,2488.50,0,0
20190102,1500,2488.50,2488.50,2486.00,2486.00,0,0
20190102,1530,2482.00,2482.25,2479.75,2482.00,0,0
20190102,1600,2482.00,2486.00,2479.25,2479.25,0,0
20190102,1630,2479.25,2479.25,2458.00,2461.75,0,0
20190102,1700,2461.75,2461.75,2457.50,2458.75,0,0
20190102,1730,2462.50,2469.50,2462.50,2469.50,0,0
20190102,1800,2469.50,2472.50,2467.50,2469.50,0,0
20190102,1830,2469.50,2474.50,2469.50,2472.00,0,0
20190102,1900,2472.00,2472.00,2468.00,2468.00,0,0
20190102,1930,2468.00,2474.25,2468.00,2474.25,0,0
20190102,2000,2474.25,2474.25,2470.25,2471.00,0,0
20190102,2030,2471.00,2479.25,2471.00,2479.25,0,0
20190102,2100,2479.25,2479.25,2472.25,2472.25,0,0
20190102,2130,2472.25,2474.00,2464.75,2466.00,0,0
20190102,2200,2466.00,2469.50,2465.75,2468.00,0,0
20190102,2230,2468.00,2472.50,2468.00,2471.75,0,0
20190102,2300,2470.25,2484.25,2470.25,2482.00,0,0
20190102,2330,2482.00,2499.00,2477.25,2490.50,0,0
20190103,0000,2490.50,2502.25,2486.00,2501.25,0,0
20190103,0030,2501.25,2515.50,2497.75,2506.00,0,0
20190103,0100,2506.00,2511.50,2501.00,2501.00,0,0
20190103,0130,2501.00,2503.50,2498.50,2501.75,0,0
20190103,0200,2501.75,2514.75,2501.75,2512.50,0,0
20190103,0230,2512.50,2522.25,2512.50,2521.00,0,0
20190103,0300,2521.00,2523.75,2517.00,2523.75,0,0
20190103,0330,2523.75,2523.75,2509.25,2515.75,0,0
20190103,0400,2515.75,2521.25,2510.50,2510.50,0,0
20190103,0430,2510.50,2511.00,2500.50,2505.75,0,0
20190103,0500,2505.75,2515.50,2499.00,2515.25,0,0
20190103,0530,2515.25,2515.25,2514.50,2514.75,0,0
20190103,0600,2514.75,2514.75,2492.00,2493.00,0,0
20190103,0630,2493.00,2493.00,2493.00,2493.00,0,0
20190103,0700,2493.00,2493.00,2483.25,2483.75,0,0
20190103,0830,2479.75,2484.25,2479.75,2481.75,0,0
20190103,0900,2481.75,2482.25,2479.00,2479.50,0,0
20190103,0930,2479.50,2481.00,2478.00,2478.25,0,0
20190103,1000,2478.25,2484.25,2478.25,2484.25,0,0
20190103,1030,2484.25,2487.75,2484.25,2485.50,0,0
20190103,1100,2485.50,2487.50,2481.00,2481.00,0,0
20190103,1130,2481.00,2481.50,2479.75,2479.75,0,0
20190103,1200,2479.75,2480.75,2479.75,2480.75,0,0
20190103,1230,2480.75,2481.25,2480.75,2481.25,0,0
20190103,1300,2481.25,2481.25,2480.00,2481.00,0,0
20190103,1330,2481.00,2481.00,2477.00,2477.00,0,0
20190103,1400,2477.00,2478.50,2474.75,2477.00,0,0
20190103,1430,2477.00,2477.00,2467.00,2471.00,0,0
20190103,1500,2471.00,2475.50,2471.00,2475.50,0,0
20190103,1530,2475.50,2482.25,2475.50,2479.75,0,0
20190103,1600,2479.75,2482.25,2477.25,2482.00,0,0
20190103,1630,2482.00,2482.00,2476.50,2482.00,0,0
20190103,1700,2482.00,2484.25,2478.75,2478.75,0,0
20190103,1730,2478.75,2483.00,2478.75,2480.00,0,0
20190103,1800,2480.00,2480.00,2475.00,2475.00,0,0
20190103,1830,2475.00,2475.00,2471.50,2474.00,0,0
20190103,1900,2474.00,2474.00,2471.75,2471.75,0,0
20190103,1930,2471.75,2481.00,2471.75,2474.00,0,0
20190103,2000,2474.00,2474.00,2472.25,2472.25,0,0
20190103,2030,2472.25,2479.50,2472.25,2478.50,0,0
20190103,2100,2478.50,2483.00,2478.50,2483.00,0,0
20190103,2130,2483.00,2492.00,2483.00,2488.00,0,0
20190103,2200,2488.00,2494.00,2487.25,2492.25,0,0
20190103,2230,2492.25,2496.00,2489.75,2494.75,0,0
20190103,2300,2494.75,2496.00,2479.50,2482.00,0,0
20190103,2330,2479.50,2479.50,2459.00,2466.75,0,0
20190104,0000,2466.75,2466.75,2450.75,2463.00,0,0
20190104,0030,2463.00,2475.00,2461.00,2469.25,0,0
20190104,0100,2469.25,2490.75,2465.25,2481.00,0,0
20190104,0130,2481.00,2483.75,2474.25,2477.50,0,0
20190104,0200,2477.50,2482.75,2471.25,2480.50,0,0
20190104,0230,2480.75,2480.75,2459.50,2464.75,0,0
20190104,0300,2464.75,2472.50,2462.00,2462.50,0,0
20190104,0330,2462.50,2473.25,2461.00,2473.00,0,0
20190104,0400,2473.00,2476.00,2455.50,2459.75,0,0
20190104,0430,2459.75,2460.75,2452.50,2456.00,0,0
20190104,0500,2456.00,2464.00,2447.25,2447.25,0,0
20190104,0530,2447.25,2457.50,2447.25,2451.00,0,0
20190104,0600,2452.50,2455.75,2450.50,2454.50,0,0
20190104,0630,2454.50,2454.50,2454.50,2454.50,0,0
20190104,0700,2454.50,2455.00,2453.25,2453.25,0,0
20190104,0830,2455.50,2455.50,2442.25,2443.00,0,0
20190104,0900,2443.00,2446.00,2443.00,2443.25,0,0
20190104,0930,2443.25,2447.50,2443.25,2446.25,0,0
20190104,1000,2446.25,2454.25,2446.25,2454.25,0,0
20190104,1030,2454.25,2454.25,2448.25,2451.75,0,0
20190104,1100,2451.75,2458.75,2451.75,2458.75,0,0
20190104,1130,2458.75,2464.50,2458.50,2463.75,0,0
20190104,1200,2463.75,2463.75,2461.00,2461.00,0,0
20190104,1230,2461.00,2465.00,2461.00,2463.00,0,0
20190104,1300,2463.00,2463.75,2461.50,2463.50,0,0
20190104,1330,2463.50,2463.50,2463.00,2463.00,0,0
20190104,1400,2463.00,2468.75,2463.00,2465.00,0,0
20190104,1430,2465.00,2471.00,2465.00,2471.00,0,0
20190104,1500,2471.00,2473.75,2469.25,2473.75,0,0
20190104,1530,2473.75,2475.50,2473.50,2474.25,0,0
20190104,1600,2474.25,2474.50,2471.50,2474.50,0,0
20190104,1630,2474.50,2479.75,2472.75,2475.50,0,0
20190104,1700,2475.50,2476.25,2471.50,2476.25,0,0
20190104,1730,2476.25,2483.75,2474.00,2483.75,0,0
20190104,1800,2484.75,2486.00,2482.00,2482.50,0,0
20190104,1830,2482.50,2483.25,2480.00,2480.00,0,0
20190104,1900,2480.00,2486.00,2479.75,2485.75,0,0
20190104,1930,2485.75,2488.75,2485.50,2488.75,0,0
20190104,2000,2488.75,2488.75,2484.75,2485.50,0,0
20190104,2030,2485.50,2485.50,2485.50,2485.50,0,0
20190104,2100,2485.50,2485.50,2480.75,2481.50,0,0
20190104,2130,2481.50,2484.25,2480.00,2483.50,0,0
20190104,2200,2483.50,2487.00,2474.00,2482.75,0,0
20190104,2230,2482.75,2490.00,2479.75,2489.00,0,0
20190104,2300,2487.50,2501.50,2482.75,2501.50,0,0
20190104,2330,2501.50,2520.25,2495.50,2520.00,0,0
20190105,0000,2520.00,2524.75,2512.50,2522.00,0,0
20190105,0030,2522.00,2530.00,2515.75,2518.00,0,0
20190105,0100,2518.00,2527.00,2514.50,2524.00,0,0
20190105,0130,2524.00,2532.75,2518.00,2530.00,0,0
20190105,0200,2530.00,2539.00,2528.00,2536.25,0,0
20190105,0230,2536.25,2542.75,2536.25,2536.50,0,0
20190105,0300,2536.50,2540.75,2530.25,2531.25,0,0
20190105,0330,2531.25,2536.75,2528.50,2535.75,0,0
20190105,0400,2535.75,2539.75,2528.75,2529.75,0,0
20190105,0430,2529.75,2537.00,2527.50,2529.00,0,0
20190105,0500,2529.00,2537.25,2529.00,2537.00,0,0
20190105,0530,2537.00,2538.00,2533.75,2535.50,0,0
20190105,0600,2535.50,2535.50,2534.00,2534.00,0,0
20190105,0630,2534.00,2534.00,2534.00,2534.00,0,0
20190105,0700,2534.00,2534.00,2534.00,2534.00,0,0
20190107,0830,2543.75,2555.75,2543.75,2555.00,0,0
20190107,0900,2555.00,2555.75,2549.50,2549.50,0,0
20190107,0930,2549.50,2550.00,2548.00,2549.50,0,0
20190107,1000,2549.50,2549.50,2544.00,2545.00,0,0
20190107,1030,2545.00,2547.75,2543.75,2543.75,0,0
20190107,1100,2543.75,2545.50,2543.00,2543.00,0,0
20190107,1130,2543.00,2543.00,2541.25,2543.00,0,0
20190107,1200,2543.00,2544.50,2543.00,2543.50,0,0
20190107,1230,2543.50,2544.50,2543.25,2544.50,0,0
20190107,1300,2544.50,2544.50,2544.50,2544.50,0,0
20190107,1330,2544.50,2544.50,2544.50,2544.50,0,0
20190107,1400,2544.50,2544.50,2540.25,2540.25,0,0
20190107,1430,2540.25,2540.25,2539.75,2539.75,0,0
20190107,1500,2539.75,2539.75,2539.75,2539.75,0,0
20190107,1530,2539.75,2545.00,2539.75,2545.00,0,0
20190107,1600,2545.00,2545.00,2544.50,2545.00,0,0
20190107,1630,2545.00,2545.00,2539.00,2540.25,0,0
20190107,1700,2540.25,2542.00,2537.00,2537.00,0,0
20190107,1730,2537.00,2538.75,2535.00,2535.50,0,0
20190107,1800,2535.50,2535.50,2531.00,2531.50,0,0
20190107,1830,2531.50,2535.00,2530.75,2533.25,0,0
20190107,1900,2533.25,2535.75,2531.50,2534.75,0,0
20190107,1930,2534.75,2534.75,2531.00,2531.25,0,0
20190107,2000,2531.25,2532.50,2528.75,2532.25,0,0
20190107,2030,2532.25,2535.00,2531.50,2535.00,0,0
20190107,2100,2535.00,2537.50,2534.00,2537.50,0,0
20190107,2130,2537.50,2537.50,2534.75,2534.75,0,0
20190107,2200,2534.75,2534.75,2533.25,2533.75,0,0
20190107,2230,2533.75,2538.75,2533.75,2538.00,0,0
20190107,2300,2539.25,2541.00,2529.00,2535.75,0,0
20190107,2330,2535.75,2543.75,2534.75,2542.25,0,0
20190108,0000,2542.25,2553.00,2542.25,2550.00,0,0
20190108,0030,2550.00,2555.00,2549.00,2551.50,0,0
20190108,0100,2551.50,2566.50,2551.50,2566.50,0,0
20190108,0130,2565.50,2566.25,2560.50,2565.75,0,0
20190108,0200,2565.75,2568.00,2564.00,2568.00,0,0
20190108,0230,2568.00,2571.00,2568.00,2569.50,0,0
20190108,0300,2569.50,2571.00,2560.00,2561.75,0,0
20190108,0330,2561.75,2563.75,2558.25,2559.00,0,0
20190108,0400,2559.00,2560.00,2551.50,2553.50,0,0
20190108,0430,2553.50,2562.75,2553.50,2562.50,0,0
20190108,0500,2562.50,2562.50,2553.00,2553.00,0,0
20190108,0530,2553.00,2556.75,2553.00,2556.00,0,0
20190108,0600,2556.00,2558.00,2554.75,2558.00,0,0
20190108,0630,2558.00,2558.00,2558.00,2558.00,0,0
20190108,0700,2558.00,2558.00,2557.75,2557.75,0,0
20190108,0830,2557.50,2559.50,2557.50,2559.25,0,0
20190108,0900,2559.25,2560.50,2559.25,2560.50,0,0
20190108,0930,2560.50,2563.50,2560.50,2561.00,0,0
20190108,1000,2561.00,2561.00,2559.75,2560.00,0,0
20190108,1030,2560.00,2561.50,2560.00,2561.50,0,0
20190108,1100,2561.50,2565.25,2561.50,2564.50,0,0
20190108,1130,2564.50,2565.25,2564.50,2565.25,0,0
20190108,1200,2565.25,2565.25,2565.25,2565.25,0,0
20190108,1230,2565.25,2565.25,2563.25,2563.25,0,0
20190108,1300,2563.25,2566.00,2563.25,2566.00,0,0
20190108,1330,2566.00,2566.00,2563.25,2563.25,0,0
20190108,1400,2563.25,2563.25,2560.00,2560.50,0,0
20190108,1430,2560.50,2560.50,2559.00,2560.00,0,0
20190108,1500,2560.00,2562.00,2560.00,2562.00,0,0
20190108,1530,2562.00,2563.75,2560.00,2562.00,0,0
20190108,1600,2562.00,2562.00,2559.00,2560.25,0,0
20190108,1630,2560.25,2565.25,2558.50,2565.25,0,0
20190108,1700,2565.25,2569.00,2565.25,2568.00,0,0
20190108,1730,2568.00,2572.75,2568.00,2570.00,0,0
20190108,1800,2570.00,2570.00,2566.25,2566.25,0,0
20190108,1830,2566.25,2566.25,2564.75,2564.75,0,0
20190108,1900,2564.75,2572.00,2564.75,2572.00,0,0
20190108,1930,2572.00,2572.00,2569.50,2569.50,0,0
20190108,2000,2569.50,2575.25,2569.50,2575.25,0,0
20190108,2030,2575.25,2575.25,2572.50,2572.50,0,0
20190108,2100,2572.50,2572.50,2569.00,2569.00,0,0
20190108,2130,2569.00,2576.00,2569.00,2573.25,0,0
20190108,2200,2573.25,2578.00,2572.50,2577.00,0,0
20190108,2230,2577.00,2581.25,2577.00,2581.25,0,0
20190108,2300,2581.25,2584.75,2573.50,2575.00,0,0
20190108,2330,2575.00,2579.50,2563.00,2566.50,0,0
20190109,0000,2566.50,2568.00,2553.00,2556.00,0,0
20190109,0030,2556.00,2565.00,2556.00,2561.00,0,0
20190109,0100,2559.75,2565.50,2556.50,2565.50,0,0
20190109,0130,2565.50,2572.75,2563.75,2571.75,0,0
20190109,0200,2570.50,2571.50,2559.75,2564.25,0,0
20190109,0230,2564.25,2569.50,2561.50,2568.75,0,0
20190109,0300,2568.75,2576.50,2566.75,2575.00,0,0
20190109,0330,2575.00,2576.00,2571.00,2572.00,0,0
20190109,0400,2572.00,2578.25,2572.00,2573.75,0,0
20190109,0430,2574.25,2579.00,2571.00,2577.25,0,0
20190109,0500,2577.25,2581.25,2577.25,2579.75,0,0
20190109,0530,2579.75,2579.75,2578.00,2578.00,0,0
20190109,0600,2578.00,2578.00,2575.00,2575.00,0,0
20190109,0630,2575.00,2575.00,2575.00,2575.00,0,0
20190109,0700,2575.00,2575.00,2575.00,2575.00,0,0
20190109,0830,2580.75,2584.00,2580.75,2584.00,0,0
20190109,0900,2584.00,2584.00,2581.50,2581.50,0,0
20190109,0930,2581.50,2588.00,2581.25,2587.00,0,0
20190109,1000,2587.00,2589.25,2587.00,2588.75,0,0
20190109,1030,2588.75,2589.25,2586.75,2587.75,0,0
20190109,1100,2587.75,2591.75,2587.75,2589.25,0,0
20190109,1130,2589.25,2589.75,2588.25,2589.00,0,0
20190109,1200,2589.00,2589.50,2587.25,2589.50,0,0
20190109,1230,2589.50,2589.50,2589.00,2589.00,0,0
20190109,1300,2589.00,2589.25,2587.50,2589.00,0,0
20190109,1330,2589.00,2589.00,2587.50,2587.50,0,0
20190109,1400,2587.50,2589.50,2587.50,2588.75,0,0
20190109,1430,2588.75,2588.75,2586.50,2586.50,0,0
20190109,1500,2586.50,2586.50,2583.00,2583.00,0,0
20190109,1530,2583.00,2587.25,2583.00,2585.25,0,0
20190109,1600,2585.25,2585.25,2580.50,2581.00,0,0
20190109,1630,2581.00,2583.75,2580.75,2583.50,0,0
20190109,1700,2583.50,2588.00,2582.00,2587.75,0,0
20190109,1730,2587.75,2588.75,2585.50,2588.75,0,0
20190109,1800,2588.75,2590.00,2586.75,2586.75,0,0
20190109,1830,2586.75,2587.50,2583.75,2583.75,0,0
20190109,1900,2583.75,2585.25,2583.50,2585.25,0,0
20190109,1930,2585.25,2586.00,2583.25,2584.00,0,0
20190109,2000,2584.00,2584.00,2582.25,2583.75,0,0
20190109,2030,2583.75,2584.25,2580.75,2582.50,0,0
20190109,2100,2582.50,2586.75,2581.25,2586.75,0,0
20190109,2130,2586.75,2589.00,2586.25,2589.00,0,0
20190109,2200,2589.00,2590.00,2588.00,2589.00,0,0
20190109,2230,2589.00,2589.00,2586.75,2588.50,0,0
20190109,2300,2588.00,2593.50,2583.75,2592.75,0,0
20190109,2330,2593.50,2595.00,2587.50,2590.00,0,0
20190110,0000,2590.00,2590.00,2574.75,2580.25,0,0
20190110,0030,2580.25,2592.25,2580.25,2592.00,0,0
20190110,0100,2592.00,2597.25,2588.50,2594.00,0,0
20190110,0130,2594.00,2595.50,2591.75,2594.25,0,0
20190110,0200,2594.25,2600.00,2593.75,2598.50,0,0
20190110,1130,2575.00,2576.25,2575.00,2576.25,0,0
20190110,1200,2576.25,2578.50,2576.25,2578.50,0,0
20190110,1230,2578.50,2578.50,2576.00,2577.00,0,0
20190110,1300,2577.00,2578.00,2577.00,2578.00,0,0
20190110,1330,2578.00,2579.25,2577.00,2577.00,0,0
20190110,1400,2577.00,2577.00,2574.25,2574.50,0,0
20190110,1430,2574.50,2575.75,2572.50,2575.75,0,0
20190110,1500,2575.75,2575.75,2573.25,2573.25,0,0
20190110,1530,2573.25,2575.00,2573.00,2574.25,0,0
20190110,1600,2574.25,2574.25,2571.75,2572.00,0,0
20190110,1630,2572.00,2572.00,2567.75,2567.75,0,0
20190110,1700,2567.75,2570.00,2565.75,2568.50,0,0
20190110,1730,2568.50,2571.25,2568.50,2571.00,0,0
20190110,1800,2571.00,2574.00,2571.00,2572.00,0,0
20190110,1830,2572.00,2577.50,2572.00,2574.25,0,0
20190110,1900,2574.25,2575.00,2570.50,2571.25,0,0
20190110,1930,2571.25,2573.50,2570.50,2572.25,0,0
20190110,2000,2572.25,2572.25,2572.25,2572.25,0,0
20190110,2030,2572.25,2574.75,2572.25,2574.75,0,0
20190110,2100,2574.75,2574.75,2571.50,2571.75,0,0
20190110,2130,2571.75,2571.75,2571.75,2571.75,0,0
20190110,2200,2571.75,2575.50,2571.75,2574.25,0,0
20190110,2230,2574.25,2576.00,2574.25,2575.00,0,0
20190110,2300,2575.00,2575.75,2567.25,2570.75,0,0
20190110,2330,2570.75,2582.50,2569.25,2582.50,0,0
20190111,0000,2582.50,2587.50,2581.00,2587.50,0,0
20190111,0030,2587.50,2591.50,2585.75,2587.25,0,0
20190111,0100,2588.00,2594.25,2588.00,2593.00,0,0
20190111,0130,2593.00,2595.50,2589.00,2591.50,0,0
20190111,0200,2591.50,2598.50,2590.00,2594.25,0,0
20190111,0230,2594.25,2595.00,2581.50,2585.50,0,0
20190111,0300,2585.50,2586.25,2579.25,2584.75,0,0
20190111,0330,2584.75,2600.00,2584.75,2595.75,0,0
20190111,0400,2595.75,2597.50,2591.00,2592.75,0,0
20190111,0430,2592.75,2599.25,2592.75,2598.50,0,0
20190111,0500,2598.50,2604.00,2596.75,2602.75,0,0
20190111,0530,2602.75,2603.25,2599.00,2599.00,0,0
20190111,0600,2599.00,2599.25,2599.00,2599.25,0,0
20190111,0630,2599.25,2599.25,2599.25,2599.25,0,0
20190111,0700,2599.25,2599.25,2598.00,2598.00,0,0
20190111,0830,2596.50,2600.25,2596.50,2598.25,0,0
20190111,1300,2595.50,2595.50,2595.50,2595.50,0,0
20190111,1330,2595.50,2595.75,2595.50,2595.75,0,0
20190111,1400,2595.75,2596.00,2595.00,2595.00,0,0
20190111,1430,2595.00,2597.00,2595.00,2597.00,0,0
20190111,1500,2597.00,2597.25,2596.75,2597.25,0,0
20190111,1530,2597.25,2599.25,2597.25,2599.25,0,0
20190111,1600,2599.25,2599.25,2596.25,2596.25,0,0
20190111,1630,2596.25,2597.50,2595.75,2595.75,0,0
20190111,1700,2595.75,2602.25,2595.75,2602.25,0,0
20190111,1730,2602.25,2602.25,2601.50,2602.00,0,0
20190111,1800,2602.00,2602.00,2598.00,2599.25,0,0
20190111,1830,2599.25,2600.00,2597.00,2597.00,0,0
20190111,1900,2597.00,2597.00,2593.50,2594.75,0,0
20190111,1930,2594.75,2594.75,2593.75,2593.75,0,0
20190111,2000,2593.75,2595.50,2593.75,2594.50,0,0
20190111,2030,2594.50,2594.50,2592.00,2593.50,0,0
20190111,2100,2593.50,2595.00,2592.25,2592.25,0,0
20190111,2130,2592.25,2592.50,2589.00,2590.00,0,0
20190111,2200,2590.00,2592.75,2587.50,2589.50,0,0
20190111,2230,2589.50,2591.75,2588.00,2588.00,0,0
20190111,2300,2588.50,2589.75,2583.00,2586.25,0,0
20190111,2330,2586.25,2591.75,2584.00,2584.75,0,0
20190112,0000,2584.75,2593.25,2582.75,2593.25,0,0
20190112,0030,2593.25,2593.25,2588.25,2591.00,0,0
20190112,0100,2591.00,2596.50,2591.00,2594.50,0,0
20190112,0130,2594.50,2597.25,2594.25,2597.25,0,0
20190112,0200,2597.25,2600.75,2597.25,2599.75,0,0
20190112,0230,2599.75,2599.75,2591.00,2593.00,0,0
20190112,0300,2593.00,2596.75,2593.00,2596.75,0,0
20190112,0330,2596.75,2597.25,2595.00,2596.25,0,0
20190112,0400,2596.25,2597.25,2594.25,2594.25,0,0
20190112,0430,2594.25,2597.25,2594.00,2595.25,0,0
20190112,0500,2595.25,2601.50,2595.25,2600.00,0,0
20190112,0530,2601.00,2601.50,2600.00,2600.00,0,0
20190112,0600,2600.00,2600.50,2599.50,2600.00,0,0
20190112,0630,2600.00,2600.00,2600.00,2600.00,0,0
20190112,0700,2600.00,2600.00,2600.00,2600.00,0,0
20190114,0830,2588.25,2589.50,2587.50,2589.00,0,0
20190114,0900,2589.00,2589.25,2588.25,2588.75,0,0
20190114,0930,2588.75,2588.75,2588.75,2588.75,0,0
20190114,1000,2588.75,2588.75,2579.50,2580.00,0,0
20190114,1030,2580.00,2580.50,2578.25,2578.75,0,0
20190114,1100,2578.75,2581.00,2577.75,2581.00,0,0
20190114,1130,2581.00,2581.00,2576.50,2578.50,0,0
20190114,1200,2578.50,2579.25,2578.50,2579.25,0,0
20190114,1230,2579.25,2580.50,2579.25,2580.50,0,0
20190114,1300,2580.50,2580.75,2580.50,2580.75,0,0
20190114,1330,2580.75,2580.75,2580.75,2580.75,0,0
20190114,1400,2580.75,2580.75,2579.50,2579.50,0,0
20190114,1430,2579.50,2579.75,2577.00,2577.00,0,0
20190114,1500,2577.00,2577.00,2576.50,2577.00,0,0
20190114,1530,2577.00,2578.50,2577.00,2578.50,0,0
20190114,1600,2578.50,2578.50,2578.50,2578.50,0,0
20190114,1630,2578.50,2579.75,2578.50,2579.75,0,0
20190114,1700,2579.75,2582.25,2579.75,2580.75,0,0
20190114,1730,2580.75,2581.75,2580.75,2581.75,0,0
20190114,1800,2581.75,2581.75,2577.50,2577.50,0,0
20190114,1830,2577.50,2577.50,2573.75,2573.75,0,0
20190114,1900,2573.75,2574.75,2573.75,2574.75,0,0
20190114,1930,2574.75,2575.00,2574.25,2575.00,0,0
20190114,2000,2575.00,2577.25,2575.00,2577.25,0,0
20190114,2030,2577.25,2578.50,2577.25,2578.50,0,0
20190114,2100,2578.50,2582.00,2578.50,2579.00,0,0
20190114,2130,2578.00,2580.00,2577.75,2578.25,0,0
20190114,2200,2578.25,2582.25,2577.50,2581.00,0,0
20190114,2230,2581.00,2581.00,2579.00,2580.00,0,0
20190114,2300,2580.00,2585.25,2576.25,2583.25,0,0
20190114,2330,2583.25,2589.50,2582.25,2587.00,0,0
20190115,0000,2587.00,2591.50,2586.25,2586.75,0,0
20190115,0030,2586.75,2591.00,2583.25,2583.25,0,0
20190115,0100,2583.25,2591.00,2583.25,2587.25,0,0
20190115,0130,2587.25,2592.75,2587.25,2591.75,0,0
20190115,0200,2591.75,2591.75,2590.00,2590.00,0,0
20190115,0230,2590.00,2593.50,2589.75,2592.75,0,0
20190115,0300,2592.75,2594.25,2591.75,2591.75,0,0
20190115,0330,2591.75,2592.00,2587.00,2587.75,0,0
20190115,0400,2587.75,2591.75,2587.75,2591.75,0,0
20190115,0430,2591.75,2593.00,2591.50,2592.00,0,0
20190115,0500,2592.00,2592.00,2586.00,2586.75,0,0
20190115,0530,2586.75,2586.75,2582.50,2583.75,0,0
20190115,0600,2583.75,2587.50,2583.75,2585.50,0,0
20190115,0630,2585.50,2585.50,2585.50,2585.50,0,0
20190115,0700,2585.50,2585.50,2585.00,2585.00,0,0
20190115,0830,2588.00,2592.75,2588.00,2592.75,0,0
20190115,0900,2592.75,2593.00,2592.75,2592.75,0,0
20190115,0930,2592.75,2599.50,2592.75,2596.50,0,0
20190115,1000,2596.50,2600.50,2596.50,2599.50,0,0
20190115,1030,2599.50,2601.75,2599.50,2601.00,0,0
20190115,1100,2601.00,2601.00,2599.00,2599.00,0,0
20190115,1130,2599.00,2602.50,2599.00,2601.50,4,0
20190115,1200,2601.50,2601.50,2599.75,2601.25,9,0
20190115,1230,2601.25,2601.50,2601.25,2601.50,3,0
20190115,1300,2601.50,2601.75,2600.75,2601.00,35,0
20190115,1330,2601.00,2601.00,2600.50,2600.50,3,0
20190115,1400,2600.50,2604.50,2600.25,2603.75,14,0
20190115,1430,2603.75,2603.75,2602.75,2603.25,13,0
20190115,1500,2603.25,2603.25,2602.25,2602.25,9,0
20190115,1530,2602.25,2602.25,2601.75,2601.75,1,0
20190115,1600,2601.75,2601.75,2598.75,2599.75,10,0
20190115,1630,2599.75,2602.00,2598.25,2598.25,15,0
20190115,1700,2598.25,2598.25,2595.75,2596.50,12,0
20190115,1730,2596.50,2596.50,2591.50,2593.50,66,0
20190115,1800,2593.50,2593.50,2590.00,2590.00,20,0
20190115,1830,2590.00,2590.00,2590.00,2590.00,0,0
20190115,1900,2590.00,2593.25,2590.00,2593.25,2,0
20190115,1930,2593.25,2595.25,2593.25,2594.00,12,0
20190115,2000,2594.00,2595.25,2586.50,2588.00,77,0
20190115,2030,2588.00,2588.25,2588.00,2588.00,4,0
20190115,2100,2588.00,2588.50,2586.50,2588.50,15,0
20190115,2130,2588.50,2590.00,2587.25,2587.25,8,0
20190115,2200,2587.25,2588.00,2585.25,2587.75,24,0
20190115,2230,2587.75,2590.00,2587.25,2590.00,45,0
20190115,2300,2590.00,2605.00,2590.00,2602.50,267,0
20190115,2330,2602.50,2612.00,2597.75,2601.50,255,0
20190116,0000,2601.50,2607.75,2600.00,2604.00,1316,0
20190116,0030,2604.00,2609.25,2603.25,2605.25,3003,0
20190116,0100,2605.25,2614.25,2605.00,2613.75,1431,0
20190116,0130,2613.75,2618.50,2613.50,2615.75,739,0
20190116,0200,2615.75,2615.75,2611.00,2612.75,13,0
20190116,0230,2612.75,2613.50,2611.00,2612.00,38,0
20190116,0300,2612.00,2614.50,2612.00,2613.00,772,0
20190116,0330,2613.00,2616.25,2603.00,2604.00,91,0
20190116,0400,2604.00,2608.75,2601.25,2607.75,1757,0
20190116,0430,2607.75,2613.50,2607.75,2611.75,235,0
20190116,0500,2611.75,2617.25,2609.75,2615.00,1144,0
20190116,0530,2615.00,2615.00,2610.50,2610.50,42,0
20190116,0600,2610.50,2611.75,2609.75,2611.75,7,0
20190116,0630,2611.75,2611.75,2611.75,2611.75,0,0
20190116,0700,2611.75,2611.75,2611.75,2611.75,0,0
20190116,0930,2612.25,2614.25,2612.00,2614.25,9,0
20190116,1000,2614.25,2614.25,2608.50,2610.00,10,0
20190116,1030,2610.00,2614.50,2610.00,2614.50,10,0
20190116,1100,2614.50,2615.50,2614.50,2615.50,4,0
20190116,1130,2615.50,2615.75,2615.25,2615.25,2,0
20190116,1200,2615.25,2615.25,2615.00,2615.00,1,0
20190116,1230,2615.00,2615.00,2615.00,2615.00,0,0
20190116,1300,2615.00,2617.00,2615.00,2616.25,3,0
20190116,1330,2616.25,2618.00,2616.25,2618.00,1,0
20190116,1400,2618.00,2618.50,2616.00,2618.50,5,0
20190116,1430,2618.50,2618.50,2618.50,2618.50,0,0
20190116,1500,2618.50,2618.50,2616.75,2616.75,1,0
20190116,1530,2616.75,2621.25,2616.75,2619.25,34,0
20190116,1600,2619.25,2619.75,2618.75,2619.25,7,0
20190116,1630,2619.25,2619.25,2618.00,2618.00,3,0
20190116,1700,2618.00,2619.75,2618.00,2619.50,2,0
20190116,1730,2619.50,2619.50,2616.25,2616.25,2,0
20190116,1800,2616.25,2616.25,2616.25,2616.25,0,0
20190116,1830,2616.25,2616.25,2616.25,2616.25,0,0
20190116,1900,2616.25,2616.25,2615.00,2615.00,1,0
20190116,1930,2615.00,2615.00,2613.75,2613.75,1,0
20190116,2000,2613.75,2615.25,2613.75,2615.25,6,0
20190116,2030,2615.25,2615.25,2612.75,2612.75,2,0
20190116,2100,2612.75,2617.75,2612.75,2617.75,5,0
20190116,2130,2617.75,2617.75,2616.50,2616.50,17,0
20190116,2200,2616.50,2617.50,2616.50,2617.25,4,0
20190116,2230,2617.25,2621.00,2617.25,2619.25,27,0
20190116,2300,2619.25,2628.00,2618.25,2626.25,771,0
20190116,2330,2626.25,2629.50,2625.00,2625.75,130,0
20190117,0000,2625.75,2626.00,2619.00,2624.00,1699,0
20190117,0030,2624.00,2627.00,2618.50,2626.00,1331,0
20190117,0100,2626.00,2628.25,2620.50,2622.25,55,0
20190117,0130,2622.25,2625.00,2620.00,2624.25,145,0
20190117,0200,2624.25,2626.75,2622.00,2626.00,50,0
20190117,0230,2626.00,2626.00,2624.00,2624.50,117,0
20190117,0300,2624.50,2626.25,2624.50,2626.00,35,0
20190117,0330,2626.00,2629.75,2626.00,2629.75,51,0
20190117,0400,2629.75,2631.50,2626.50,2627.00,52,0
20190117,0430,2627.00,2630.00,2626.50,2629.75,123,0
20190117,0500,2629.75,2629.75,2621.00,2621.00,394,0
20190117,0530,2621.25,2622.25,2618.00,2618.50,61,0
20190117,0600,2618.50,2621.00,2618.50,2621.00,449,0
20190117,0630,2621.00,2621.00,2621.00,2621.00,0,0
20190117,0700,2621.00,2621.00,2621.00,2621.00,0,0
20190117,0830,2617.50,2617.50,2615.00,2616.00,14,0
20190117,0900,2616.00,2616.75,2615.25,2616.75,4,0
20190117,0930,2616.75,2619.00,2616.75,2617.00,16,0
20190117,1000,2617.00,2617.00,2610.25,2610.50,51,0
20190117,1030,2610.50,2611.75,2609.00,2611.75,8,0
20190117,1100,2611.75,2613.00,2611.50,2613.00,3,0
20190117,1130,2613.00,2613.00,2613.00,2613.00,3,0
20190117,1200,2613.00,2613.00,2613.00,2613.00,0,0
20190117,1230,2613.00,2613.00,2613.00,2613.00,0,0
20190117,1300,2613.00,2613.00,2613.00,2613.00,0,0
20190117,1330,2613.00,2613.00,2610.00,2610.00,1,0
20190117,1400,2610.00,2610.75,2610.00,2610.75,4,0
20190117,1430,2610.75,2610.75,2610.75,2610.75,0,0
20190117,1500,2610.75,2610.75,2607.00,2607.25,10,0
20190117,1530,2607.25,2608.75,2606.00,2606.00,5,0
20190117,1600,2606.00,2607.75,2604.75,2604.75,9,0
20190117,1630,2604.75,2606.75,2601.25,2603.25,50,0
20190117,1700,2603.25,2608.75,2603.25,2608.75,16,0
20190117,1730,2608.75,2610.25,2608.75,2610.25,3,0
20190117,1800,2610.25,2610.25,2606.00,2607.50,8,0
20190117,1830,2607.50,2609.75,2607.50,2609.75,1,0
20190117,1900,2609.75,2611.00,2608.00,2609.50,5,0
20190117,1930,2609.50,2610.00,2609.50,2610.00,1,0
20190117,2000,2610.00,2610.00,2610.00,2610.00,5,0
20190117,2030,2610.00,2610.25,2606.50,2607.50,71,0
20190117,2100,2607.50,2609.50,2606.50,2607.75,21,0
20190117,2130,2607.75,2610.75,2607.75,2609.50,36,0
20190117,2200,2609.50,2614.25,2609.50,2611.50,117,0
20190117,2230,2611.50,2612.75,2610.25,2610.25,10,0
20190117,2300,2610.25,2622.75,2610.25,2621.25,78,0
20190117,2330,2621.25,2623.50,2616.75,2622.75,118,0
20190118,0000,2622.75,2622.75,2619.25,2621.75,81,0
20190118,0030,2621.75,2626.00,2621.75,2624.75,74,0
20190118,0100,2624.75,2628.00,2624.75,2626.50,37,0
20190118,0130,2626.50,2628.25,2625.25,2626.00,17,0
20190118,0200,2626.00,2628.00,2623.50,2624.50,190,0
20190118,0230,2624.50,2630.75,2624.50,2630.00,160,0
20190118,0300,2630.00,2630.75,2627.50,2628.50,33,0
20190118,0330,2628.50,2629.75,2628.50,2629.75,4,0
20190118,0830,2638.00,2644.00,2638.00,2643.00,21,0
20190118,0900,2643.00,2648.75,2643.00,2646.00,16,0
20190118,0930,2646.00,2649.00,2644.75,2649.00,16,0
20190118,1000,2649.00,2650.00,2649.00,2649.25,3,0
20190118,1030,2649.25,2649.25,2648.00,2648.00,5,0
20190118,1100,2648.00,2648.00,2647.25,2647.25,1,0
20190118,1130,2647.25,2649.00,2647.25,2649.00,2,0
20190118,1200,2649.00,2649.00,2648.25,2648.25,1,0
20190118,1230,2648.25,2648.25,2646.50,2646.50,18,0
20190118,1300,2646.50,2646.50,2646.50,2646.50,0,0
20190118,1330,2646.50,2646.50,2646.50,2646.50,0,0
20190118,1400,2646.50,2647.00,2646.50,2646.75,2,0
20190118,1430,2646.75,2647.50,2646.75,2647.00,2,0
20190118,1500,2646.75,2647.75,2646.25,2647.75,6,0
20190118,1530,2647.75,2647.75,2645.50,2645.50,7,0
20190118,1600,2645.50,2646.75,2644.75,2644.75,9,0
20190118,1630,2644.75,2648.25,2644.75,2648.25,31,0
20190118,1700,2648.25,2648.25,2645.25,2646.25,40,0
20190118,1730,2646.25,2649.50,2646.25,2649.50,2,0
20190118,1800,2649.50,2649.50,2648.25,2648.25,4,0
20190118,1830,2648.25,2648.25,2645.75,2645.75,14,0
20190118,1900,2645.75,2648.00,2645.00,2648.00,12,0
20190118,1930,2648.00,2648.75,2648.00,2648.75,26,0
20190118,2000,2648.75,2652.50,2648.75,2652.50,17,0
20190118,2030,2652.50,2653.75,2652.00,2652.00,8,0
20190118,2100,2652.00,2653.00,2652.00,2652.50,8,0
20190118,2130,2652.50,2652.75,2651.25,2652.50,10,0
20190118,2200,2652.25,2654.50,2651.75,2654.25,19,0
20190118,2230,2654.25,2662.50,2654.00,2661.50,153,0
20190118,2300,2661.50,2662.75,2653.50,2654.75,602,0
20190118,2330,2654.75,2666.00,2653.50,2659.25,3056,0
20190119,0000,2659.25,2669.00,2659.25,2667.75,618,0
20190119,0030,2667.75,2674.75,2667.75,2674.75,610,0
20190119,0100,2674.75,2676.75,2672.00,2676.25,74,0
20190119,0130,2678.00,2681.75,2674.75,2680.00,486,0
20190119,0200,2680.00,2682.00,2677.50,2679.25,939,0
20190119,0230,2679.25,2681.00,2672.75,2674.25,400,0
20190119,0300,2674.25,2676.00,2671.50,2675.50,206,0
20190119,0330,2675.50,2677.50,2671.00,2671.75,615,0
20190119,0400,2671.75,2672.50,2668.00,2672.50,24,0
20190119,0430,2672.50,2674.50,2669.25,2672.25,872,0
20190119,0500,2672.25,2676.75,2670.00,2676.75,92,0
20190119,0530,2676.75,2678.00,2675.00,2677.00,39,0
20190119,0600,2677.00,2683.00,2677.00,2683.00,40,0
20190119,0630,2683.00,2683.00,2683.00,2683.00,0,0
20190121,0830,2673.50,2675.00,2673.25,2675.00,11,0
20190121,0900,2675.00,2675.00,2675.00,2675.00,0,0
20190121,0930,2675.00,2675.00,2666.75,2666.75,34,0
20190121,1000,2666.75,2670.00,2666.75,2670.00,2,0
20190121,1030,2670.00,2672.50,2669.75,2669.75,23,0
20190121,1100,2669.75,2670.50,2669.75,2670.50,2,0
20190121,1130,2670.50,2671.50,2670.50,2670.50,2,0
20190121,1200,2670.50,2670.50,2669.50,2669.50,8,0
20190121,1230,2669.50,2669.50,2669.00,2669.00,10,0
20190121,1300,2669.00,2671.75,2669.00,2671.75,6,0
20190121,1330,2671.75,2671.75,2669.25,2669.25,3,0
20190121,1400,2669.25,2669.75,2669.25,2669.75,1,0
20190121,1430,2669.75,2669.75,2669.75,2669.75,1,0
20190121,1500,2669.75,2669.75,2669.75,2669.75,0,0
20190121,1530,2669.75,2670.50,2669.75,2670.50,1,0
20190121,1600,2670.50,2670.50,2670.50,2670.50,0,0
20190121,1630,2670.50,2670.50,2669.00,2669.00,1,0
20190121,1700,2669.00,2669.00,2667.50,2667.50,7,0
20190121,1730,2667.50,2667.50,2664.00,2664.00,12,0
20190121,1800,2664.00,2665.00,2664.00,2665.00,16,0
20190121,1830,2665.00,2665.75,2665.00,2665.75,1,0
20190121,1900,2665.75,2667.00,2665.75,2667.00,11,0
20190121,1930,2667.00,2667.00,2665.75,2665.75,3,0
20190121,2000,2665.75,2667.00,2665.00,2667.00,10,0
20190121,2030,2667.00,2667.50,2667.00,2667.50,10,0
20190121,2100,2667.50,2668.75,2667.50,2668.75,15,0
20190121,2130,2668.75,2668.75,2667.50,2667.50,1,0
20190121,2200,2667.50,2667.50,2667.50,2667.50,1,0
20190121,2230,2667.50,2667.50,2667.50,2667.50,0,0
20190121,2300,2667.50,2667.50,2662.00,2665.00,42,0
20190121,2330,2665.00,2665.25,2665.00,2665.25,2,0
20190122,0000,2665.25,2665.25,2665.25,2665.25,0,0
20190122,0030,2665.25,2665.25,2665.25,2665.25,0,0
20190122,0100,2666.00,2667.25,2666.00,2667.25,25,0
20190122,0130,2667.25,2668.00,2667.25,2668.00,7,0
20190122,0200,2668.00,2668.00,2668.00,2668.00,3,0
20190122,0830,2668.50,2671.50,2668.50,2668.50,2,0
20190122,0900,2668.50,2668.50,2663.50,2663.50,7,0
20190122,0930,2663.50,2666.25,2663.50,2666.25,7,0
20190122,1000,2666.25,2666.25,2661.50,2661.50,2,0
20190122,1030,2661.50,2663.00,2661.50,2663.00,4,0
20190122,1100,2663.00,2663.00,2659.50,2660.50,36,0
20190122,1130,2660.50,2661.50,2660.50,2661.50,10,0
20190122,1200,2661.50,2661.50,2658.00,2658.00,18,0
20190122,1230,2658.00,2658.50,2658.00,2658.25,6,0
20190122,1300,2658.25,2658.25,2658.25,2658.25,3,0
20190122,1330,2658.25,2658.25,2657.75,2657.75,2,0
20190122,1400,2657.75,2657.75,2656.25,2657.00,38,0
20190122,1430,2657.00,2657.00,2655.00,2655.00,5,0
20190122,1500,2655.00,2656.25,2655.00,2656.00,5,0
20190122,1530,2656.00,2658.00,2656.00,2658.00,29,0
20190122,1600,2658.00,2658.50,2658.00,2658.25,4,0
20190122,1630,2658.25,2660.00,2656.75,2659.50,11,0
20190122,1700,2659.50,2661.50,2659.50,2660.00,1,0
20190122,1730,2660.00,2661.75,2660.00,2661.75,4,0
20190122,1800,2661.75,2663.00,2661.00,2661.75,13,0
20190122,1830,2661.75,2661.75,2661.75,2661.75,0,0
20190122,1900,2661.75,2661.75,2659.25,2659.25,24,0
20190122,1930,2659.25,2659.25,2655.00,2655.00,11,0
20190122,2000,2655.00,2657.00,2655.00,2657.00,10,0
20190122,2030,2657.00,2661.00,2657.00,2661.00,31,0
20190122,2100,2661.00,2662.00,2660.25,2660.25,69,0
20190122,2130,2660.25,2661.50,2660.25,2660.50,24,0
20190122,2200,2660.50,2660.50,2657.75,2659.50,42,0
20190122,2230,2659.50,2661.00,2658.50,2658.50,39,0
20190122,2300,2658.50,2661.25,2652.00,2656.00,119,0
20190122,2330,2656.00,2656.00,2647.00,2653.00,328,0
20190123,0000,2653.00,2655.00,2649.25,2650.00,63,0
20190123,0030,2650.00,2653.00,2647.75,2651.00,34,0
20190123,0100,2651.00,2652.75,2641.00,2641.00,277,0
20190123,0130,2641.00,2644.25,2638.50,2639.50,131,0
20190123,0200,2639.50,2643.50,2639.00,2641.50,507,0
20190123,0230,2641.50,2641.50,2629.50,2634.00,436,0
20190123,0300,2634.00,2637.25,2633.00,2637.25,46,0
20190123,0330,2637.25,2637.25,2630.50,2630.50,2383,0
20190123,0400,2630.50,2630.50,2623.75,2627.00,117,0
20190123,0430,2627.00,2631.00,2622.50,2630.50,110,0
20190123,0500,2630.50,2640.00,2624.50,2640.00,236,0
20190123,0530,2640.00,2643.75,2637.50,2637.75,56,0
20190123,0600,2637.75,2637.75,2636.50,2637.25,18,0
20190123,0630,2637.25,2637.25,2637.25,2637.25,0,0
20190123,0700,2637.25,2637.25,2637.25,2637.25,0,0
20190123,0830,2636.75,2639.75,2636.50,2637.25,8,0
20190123,0900,2637.25,2639.75,2637.25,2639.50,18,0
20190123,0930,2639.50,2640.50,2637.50,2640.00,48,0
20190123,1000,2640.00,2647.00,2640.00,2646.75,65,0
20190123,1030,2646.75,2646.75,2645.00,2645.25,20,0
20190123,1100,2645.25,2645.25,2645.25,2645.25,10,0
20190123,1130,2645.25,2645.25,2645.25,2645.25,0,0
20190123,1200,2645.25,2645.25,2643.25,2643.25,1,0
20190123,1230,2643.25,2643.25,2643.25,2643.25,4,0
20190123,1300,2643.25,2643.25,2641.25,2641.25,6,0
20190123,1330,2641.25,2641.25,2641.25,2641.25,0,0
20190123,1400,2641.25,2641.50,2641.25,2641.50,4,0
20190123,1430,2641.50,2642.75,2641.50,2642.75,11,0
20190123,1500,2642.75,2643.00,2642.50,2642.50,2,0
20190123,1530,2642.50,2642.50,2638.25,2638.25,5,0
20190123,1600,2638.25,2638.25,2637.75,2637.75,4,0
20190123,1630,2637.75,2637.75,2635.00,2635.00,6,0
20190123,1700,2635.00,2635.75,2634.25,2635.75,3,0
20190123,1730,2635.75,2641.50,2635.75,2641.50,2,0
20190123,1800,2641.50,2644.50,2640.50,2644.50,22,0
20190123,1830,2644.50,2645.50,2643.25,2645.50,43,0
20190123,1900,2645.50,2646.25,2643.50,2644.25,32,0
20190123,1930,2644.25,2644.25,2642.25,2643.00,23,0
20190123,2000,2643.00,2646.50,2643.00,2646.50,21,0
20190123,2030,2646.50,2652.25,2646.00,2652.00,61,0
20190123,2100,2652.00,2652.50,2650.00,2650.00,52,0
20190123,2130,2650.00,2652.25,2648.50,2649.25,76,0
20190123,2200,2649.25,2649.75,2647.00,2649.75,16,0
20190123,2230,2649.75,2652.00,2649.50,2652.00,14,0
20190123,2300,2652.00,2658.00,2652.00,2656.75,184,0
20190123,2330,2656.75,2659.00,2646.50,2646.50,236,0
20190124,0000,2646.50,2647.75,2638.50,2638.50,758,0
20190124,0030,2638.50,2644.00,2631.75,2634.25,390,0
20190124,0100,2634.25,2637.25,2621.50,2623.25,112,0
20190124,0130,2623.25,2627.00,2618.00,2625.00,201,0
20190124,0200,2625.00,2633.00,2625.00,2633.00,29,0
20190124,0230,2633.00,2635.00,2627.50,2634.50,31,0
20190124,0300,2634.50,2636.75,2633.75,2636.00,53,0
20190124,0330,2636.00,2641.25,2633.75,2638.75,29,0
20190124,0400,2638.75,2639.00,2631.00,2634.50,67,0
20190124,0430,2634.50,2645.00,2634.50,2642.50,41,0
20190124,0500,2642.50,2645.00,2639.50,2644.00,40,0
20190124,0530,2644.75,2644.75,2641.75,2643.50,69,0
20190124,0600,2643.50,2643.75,2643.00,2643.25,8,0
20190124,0630,2643.25,2643.25,2643.25,2643.25,0,0
20190124,0700,2643.25,2643.25,2643.25,2643.25,0,0
20190124,0830,2639.25,2641.00,2639.25,2639.50,6,0
20190124,0900,2639.50,2643.00,2639.50,2643.00,7,0
20190124,0930,2643.00,2650.00,2642.25,2646.25,59,0
20190124,1000,2646.25,2646.25,2640.00,2640.00,3,0
20190124,1030,2640.00,2641.25,2638.50,2641.00,7,0
20190124,1100,2641.00,2642.50,2637.00,2642.50,6,0
20190124,1130,2642.50,2642.75,2642.50,2642.75,1,0
20190124,1200,2642.75,2643.25,2642.75,2643.25,1,0
20190124,1230,2643.25,2643.25,2640.25,2640.25,1,0
20190124,1300,2640.25,2640.25,2640.25,2640.25,0,0
20190124,1330,2640.25,2642.00,2640.25,2642.00,3,0
20190124,1400,2642.00,2642.75,2641.50,2642.75,5,0
20190124,1430,2643.50,2643.50,2643.50,2643.50,2,0
20190124,1500,2643.50,2643.50,2643.50,2643.50,0,0
20190124,1530,2643.50,2643.50,2640.00,2640.00,2,0
20190124,1600,2640.00,2640.00,2640.00,2640.00,0,0
20190124,1630,2640.00,2640.00,2639.25,2639.25,11,0
20190124,1700,2639.25,2645.75,2639.25,2645.75,10,0
20190124,1730,2645.75,2648.00,2643.50,2646.75,26,0
20190124,1800,2646.75,2649.50,2646.75,2649.50,9,0
20190124,1830,2649.50,2649.50,2648.50,2648.50,2,0
20190124,1900,2648.50,2648.50,2646.25,2646.25,4,0
20190124,1930,2646.25,2650.75,2646.25,2646.50,27,0
20190124,2000,2646.50,2647.00,2646.00,2646.00,3,0
20190124,2030,2646.00,2648.00,2646.00,2648.00,7,0
20190124,2100,2648.00,2648.00,2648.00,2648.00,1,0
20190124,2130,2648.00,2649.00,2648.00,2648.75,22,0
20190124,2200,2648.75,2648.75,2639.00,2640.00,112,0
20190124,2230,2640.00,2645.00,2640.00,2642.25,43,0
20190124,2300,2643.25,2645.25,2636.50,2640.00,394,0
20190124,2330,2640.00,2651.50,2638.50,2651.50,1274,0
20190125,0000,2651.50,2651.50,2642.50,2645.00,74,0
20190125,0030,2645.00,2646.50,2638.50,2643.00,254,0
20190125,0100,2643.00,2650.00,2640.25,2649.00,1704,0
20190125,0130,2649.00,2649.00,2643.50,2643.50,19,0
20190125,0200,2643.50,2643.75,2637.00,2638.50,859,0
20190125,0230,2638.50,2639.50,2631.50,2635.00,38,0
20190125,0300,2635.00,2639.00,2633.00,2638.00,20,0
20190125,0330,2638.00,2640.00,2636.25,2640.00,74,0
20190125,0400,2640.00,2642.75,2638.25,2641.00,122,0
20190125,0430,2642.00,2646.75,2641.25,2645.00,492,0
20190125,0500,2645.00,2647.75,2642.75,2647.50,140,0
20190125,0530,2647.50,2647.50,2639.00,2639.00,58,0
20190125,0600,2640.00,2642.25,2639.75,2642.25,37,0
20190125,0630,2642.25,2642.25,2642.25,2642.25,0,0
20190125,0700,2642.25,2642.25,2642.25,2642.25,0,0
20190125,0830,2643.00,2646.50,2643.00,2646.50,8,0
20190125,0900,2646.50,2646.50,2643.50,2643.50,6,0
20190125,0930,2643.50,2643.75,2642.50,2642.50,3,0
20190125,1000,2642.50,2647.25,2642.50,2644.75,13,0
20190125,1030,2644.75,2649.00,2644.75,2648.00,41,0
20190125,1100,2648.00,2649.50,2647.50,2647.50,17,0
20190125,1130,2647.50,2651.00,2647.50,2651.00,9,0
20190125,1200,2651.00,2656.00,2649.75,2655.75,52,0
20190125,1230,2655.75,2656.00,2655.75,2656.00,1,0
20190125,1300,2656.00,2656.00,2653.75,2653.75,9,0
20190125,1330,2653.75,2656.00,2653.75,2656.00,7,0
20190125,1400,2656.00,2656.25,2656.00,2656.25,16,0
20190125,1430,2656.25,2656.25,2654.00,2654.00,1,0
20190125,1500,2654.00,2654.25,2652.25,2652.25,11,0
20190125,1530,2652.25,2655.50,2652.25,2655.50,7,0
20190125,1600,2655.50,2655.50,2653.75,2653.75,4,0
20190125,1630,2653.75,2656.25,2652.50,2656.25,3,0
20190125,1700,2656.25,2657.75,2656.25,2657.25,21,0
20190125,1730,2657.25,2657.50,2656.25,2656.25,30,0
20190125,1800,2656.25,2656.25,2653.00,2653.00,6,0
20190125,1830,2653.00,2653.00,2653.00,2653.00,0,0
20190125,1900,2653.00,2659.00,2653.00,2659.00,5,0
20190125,1930,2659.00,2661.25,2659.00,2660.75,51,0
20190125,2000,2660.75,2660.75,2658.00,2659.75,34,0
20190125,2030,2659.75,2659.75,2656.25,2657.25,18,0
20190125,2100,2657.25,2657.25,2656.25,2656.25,33,0
20190125,2130,2656.25,2660.75,2656.25,2660.75,6,0
20190125,2200,2660.75,2666.50,2660.75,2664.00,157,0
20190125,2230,2664.00,2666.25,2664.00,2666.25,484,0
20190125,2300,2666.25,2668.25,2662.50,2667.25,965,0
20190125,2330,2667.25,2672.75,2667.25,2671.50,250,0
20190126,0000,2671.50,2677.00,2668.00,2675.00,1014,0
20190126,0030,2675.00,2675.25,2669.00,2669.25,770,0
20190126,0100,2669.25,2674.50,2669.25,2672.75,259,0
20190126,0130,2672.75,2677.00,2671.25,2677.00,26,0
20190126,0200,2677.00,2677.00,2666.00,2669.00,114,0
20190126,0230,2669.00,2672.50,2669.00,2672.50,1701,0
20190126,0300,2672.50,2672.50,2671.50,2672.50,1012,0
20190126,0330,2672.50,2673.75,2666.00,2666.50,60,0
20190126,0400,2666.50,2671.75,2666.00,2669.50,56,0
20190126,0430,2669.50,2671.25,2666.50,2667.00,154,0
20190126,0500,2667.00,2669.75,2663.75,2668.25,1042,0
20190126,0530,2668.25,2669.00,2666.25,2669.00,213,0
20190126,0600,2669.00,2671.00,2669.00,2670.25,8,0
20190126,0630,2670.25,2670.25,2670.25,2670.25,0,0
20190128,0830,2665.00,2665.00,2663.75,2664.75,8,0
20190128,0900,2664.75,2664.75,2662.75,2662.75,3,0
20190128,0930,2662.75,2663.50,2659.75,2663.50,11,0
20190128,1000,2663.50,2665.75,2663.50,2663.50,17,0
20190128,1030,2663.50,2663.50,2663.50,2663.50,0,0
20190128,1100,2663.50,2663.50,2661.00,2661.00,7,0
20190128,1130,2661.00,2661.00,2661.00,2661.00,0,0
20190128,1200,2661.00,2663.00,2661.00,2662.75,2,0
20190128,1230,2662.75,2664.25,2662.75,2664.25,3,0
20190128,1300,2664.25,2664.25,2664.25,2664.25,0,0
20190128,1330,2664.25,2664.25,2664.25,2664.25,0,0
20190128,1400,2664.25,2664.25,2658.00,2658.00,2,0
20190128,1430,2658.00,2659.50,2658.00,2659.50,1,0
20190128,1500,2659.50,2659.50,2657.75,2657.75,5,0
20190128,1530,2657.75,2658.50,2657.75,2658.50,1,0
20190128,1600,2658.50,2659.50,2658.50,2659.50,1,0
20190128,1630,2659.50,2659.50,2655.75,2657.25,15,0
20190128,1700,2657.25,2657.25,2653.25,2654.50,46,0
20190128,1730,2654.50,2655.75,2654.50,2654.50,6,0
20190128,1800,2654.50,2657.25,2654.50,2657.25,3,0
20190128,1830,2657.25,2657.25,2656.50,2656.50,1,0
20190128,1900,2656.50,2656.50,2656.25,2656.25,4,0
20190128,1930,2656.25,2658.75,2655.00,2657.25,68,0
20190128,2000,2657.25,2657.25,2656.00,2656.00,6,0
20190128,2030,2656.00,2656.00,2656.00,2656.00,30,0
20190128,2100,2656.00,2656.00,2654.50,2655.50,44,0
20190128,2130,2655.50,2655.75,2652.25,2652.50,54,0
20190128,2200,2652.50,2652.50,2651.25,2652.00,3,0
20190128,2230,2652.00,2653.00,2642.50,2644.50,89,0
20190128,2300,2644.50,2644.50,2633.25,2637.75,182,0
20190128,2330,2637.75,2642.75,2631.75,2642.75,324,0
20190129,0000,2642.75,2644.25,2638.50,2639.00,253,0
20190129,0030,2639.00,2641.25,2634.00,2639.50,120,0
20190129,0100,2639.50,2641.00,2629.50,2631.25,191,0
20190129,0130,2631.25,2636.75,2627.75,2636.50,114,0
20190129,0200,2636.50,2637.25,2633.50,2634.50,114,0
20190129,0230,2634.50,2640.50,2633.00,2638.50,70,0
20190129,0300,2638.50,2644.75,2638.50,2643.25,74,0
20190129,0330,2643.25,2643.25,2637.25,2638.25,180,0
20190129,0400,2638.25,2646.75,2638.25,2644.25,123,0
20190129,0430,2644.25,2647.50,2643.00,2646.50,80,0
20190129,0500,2646.50,2647.25,2641.25,2647.25,566,0
20190129,0530,2647.25,2647.75,2646.00,2646.00,134,0
20190129,0600,2646.00,2646.75,2645.75,2646.75,15,0
20190129,0630,2646.75,2646.75,2646.75,2646.75,0,0
20190129,0700,2646.75,2646.75,2646.75,2646.75,0,0
20190129,0830,2640.50,2640.50,2637.50,2638.00,29,0
20190129,0900,2638.00,2638.00,2635.00,2635.00,17,0
20190129,0930,2635.00,2637.50,2634.50,2636.00,22,0
20190129,1000,2636.00,2636.00,2634.50,2634.50,1,0
20190129,1030,2634.50,2637.25,2634.50,2635.75,4,0
20190129,1100,2635.75,2635.75,2635.00,2635.00,2,0
20190129,1130,2635.00,2638.50,2635.00,2638.50,1,0
20190129,1200,2638.50,2638.50,2638.50,2638.50,0,0
20190129,1230,2638.50,2638.50,2638.00,2638.00,2,0
20190129,1300,2638.00,2639.25,2638.00,2638.75,6,0
20190129,1330,2638.75,2639.00,2638.25,2638.25,6,0
20190129,1400,2638.25,2643.75,2638.25,2643.75,13,0
20190129,1430,2643.75,2644.50,2642.50,2643.25,6,0
20190129,1500,2643.25,2643.25,2641.75,2641.75,4,0
20190129,1530,2641.75,2641.75,2641.00,2641.00,1,0
20190129,1600,2641.00,2641.00,2640.50,2640.50,1,0
20190129,1630,2640.50,2640.50,2638.25,2639.00,3,0
20190129,1700,2639.00,2641.50,2639.00,2639.75,7,0
20190129,1730,2639.75,2645.50,2639.25,2639.25,11,0
20190129,1800,2639.25,2639.25,2639.25,2639.25,0,0
20190129,1830,2639.25,2646.75,2639.25,2646.75,5,0
20190129,1900,2646.75,2646.75,2645.50,2645.50,7,0
20190129,1930,2645.50,2645.50,2645.50,2645.50,0,0
20190129,2000,2645.50,2645.50,2644.00,2644.00,11,0
20190129,2030,2644.00,2648.00,2644.00,2647.25,5,0
20190129,2100,2647.25,2650.75,2647.00,2650.00,17,0
20190129,2130,2650.00,2650.00,2650.00,2650.00,0,0
20190129,2200,2650.00,2652.25,2650.00,2651.50,6,0
20190129,2230,2651.50,2651.50,2648.75,2648.75,112,0
20190129,2300,2648.75,2654.00,2646.50,2651.75,79,0
20190129,2330,2651.75,2655.00,2644.25,2649.25,101,0
20190130,0000,2649.25,2650.75,2635.00,2636.50,358,0
20190130,0030,2636.50,2641.25,2636.00,2639.50,70,0
20190130,0100,2639.50,2644.00,2639.50,2643.50,508,0
20190130,0130,2643.50,2649.25,2642.75,2646.25,133,0
20190130,0200,2646.25,2646.50,2643.75,2646.00,591,0
20190130,0230,2646.00,2646.00,2643.25,2645.75,309,0
20190130,0300,2645.75,2649.25,2645.75,2648.00,171,0
20190130,0330,2647.50,2647.50,2645.00,2645.50,25,0
20190130,0400,2645.50,2645.50,2640.25,2641.25,15,0
20190130,0430,2641.25,2643.25,2639.25,2642.50,45,0
20190130,0500,2642.50,2645.00,2640.25,2643.75,42,0
20190130,0530,2643.75,2646.00,2641.75,2646.00,284,0
20190130,0600,2646.00,2652.75,2643.50,2651.50,39,0
20190130,0630,2651.50,2651.50,2651.50,2651.50,0,0
20190130,0700,2651.50,2651.50,2651.50,2651.50,0,0
20190130,0830,2650.25,2650.50,2647.50,2647.50,3,0
20190130,0900,2647.50,2648.00,2647.50,2648.00,6,0
20190130,0930,2648.00,2648.75,2644.00,2644.00,11,0
20190130,1000,2644.00,2647.50,2644.00,2647.50,15,0
20190130,1030,2647.50,2647.50,2646.75,2647.50,2,0
20190130,1100,2647.50,2647.50,2647.50,2647.50,0,0
20190130,1130,2647.50,2651.50,2647.50,2651.50,3,0
20190130,1200,2651.50,2651.50,2650.00,2650.00,2,0
20190130,1230,2650.00,2651.00,2650.00,2650.75,3,0
20190130,1300,2650.75,2650.75,2649.25,2649.25,3,0
20190130,1330,2649.25,2649.25,2647.00,2647.00,1,0
20190130,1400,2647.00,2647.00,2646.50,2646.50,1,0
20190130,1430,2646.50,2646.50,2645.50,2645.50,7,0
20190130,1500,2645.50,2645.50,2643.25,2643.25,7,0
20190130,1530,2643.25,2643.25,2641.50,2643.00,10,0
20190130,1600,2643.00,2644.25,2643.00,2644.25,3,0
20190130,1630,2644.25,2644.50,2644.25,2644.50,1,0
20190130,1700,2644.50,2648.25,2644.50,2648.25,40,0
20190130,1730,2648.25,2651.00,2648.25,2651.00,5,0
20190130,1800,2651.00,2653.00,2651.00,2651.00,5,0
20190130,1830,2651.00,2652.25,2651.00,2651.25,16,0
20190130,1900,2651.25,2651.25,2651.25,2651.25,0,0
20190130,1930,2651.25,2653.25,2651.25,2652.25,28,0
20190130,2000,2652.25,2652.25,2651.75,2651.75,7,0
20190130,2030,2651.75,2656.75,2651.75,2655.50,7,0
20190130,2100,2655.50,2659.50,2655.50,2658.00,37,0
20190130,2130,2658.00,2658.00,2657.25,2657.75,21,0
20190130,2200,2657.75,2658.25,2655.25,2658.25,4,0
20190130,2230,2658.25,2660.00,2658.25,2660.00,22,0
20190130,2300,2660.00,2661.50,2654.25,2654.75,100,0
20190130,2330,2654.75,2656.50,2651.75,2655.75,187,0
20190131,0000,2655.75,2660.00,2655.50,2658.00,108,0
20190131,0030,2658.00,2665.00,2658.00,2664.25,761,0
20190131,0100,2664.25,2667.75,2663.50,2667.75,29,0
20190131,0130,2667.75,2672.00,2667.75,2670.00,962,0
20190131,0200,2670.00,2670.25,2666.50,2668.25,65,0
20190131,0230,2668.25,2668.25,2665.50,2666.00,14,0
20190131,0300,2666.00,2666.00,2662.50,2664.00,3388,0
20190131,0330,2661.50,2689.00,2661.50,2684.25,1079,0
20190131,0400,2684.25,2694.75,2682.50,2694.75,240,0
20190131,0430,2694.75,2694.75,2683.25,2684.00,677,0
20190131,0500,2683.50,2685.00,2680.00,2684.50,80,0
20190131,0530,2684.50,2688.25,2681.00,2687.50,117,0
20190131,0600,2687.50,2689.75,2687.50,2689.75,23,0
20190131,0630,2689.75,2689.75,2689.75,2689.75,0,0
20190131,0700,2689.75,2689.75,2689.75,2689.75,0,0
20190131,0830,2693.25,2693.25,2691.00,2691.00,5,0
20190131,0900,2691.00,2691.00,2688.00,2688.25,25,0
20190131,0930,2688.25,2690.25,2688.25,2690.00,17,0
20190131,1000,2690.00,2690.00,2688.00,2689.75,4,0
20190131,1030,2689.75,2692.75,2689.75,2692.75,2,0
20190131,1100,2692.75,2693.00,2691.75,2693.00,8,0
20190131,1130,2693.00,2695.00,2693.00,2693.25,533,0
20190131,1200,2693.25,2697.25,2693.25,2696.00,73,0
20190131,1230,2696.00,2696.25,2695.50,2696.25,9,0
20190131,1300,2696.25,2696.25,2695.00,2695.00,3,0
20190131,1330,2695.00,2695.00,2691.25,2691.25,2,0
20190131,1400,2691.25,2691.25,2691.25,2691.25,0,0
20190131,1430,2691.25,2692.00,2690.00,2690.00,21,0
20190131,1500,2690.00,2690.75,2690.00,2690.50,6,0
20190131,1530,2690.50,2690.50,2690.50,2690.50,0,0
20190131,1600,2690.50,2691.25,2690.50,2691.25,6,0
20190131,1630,2691.25,2695.25,2690.50,2695.25,19,0
20190131,1700,2695.25,2695.25,2692.75,2692.75,5,0
20190131,1730,2692.75,2692.75,2690.25,2690.25,19,0
20190131,1800,2690.25,2690.50,2688.75,2688.75,52,0
20190131,1830,2688.75,2689.25,2687.00,2687.00,11,0
20190131,1900,2687.00,2690.50,2687.00,2688.50,5,0
20190131,1930,2688.50,2690.00,2688.50,2690.00,5,0
20190131,2000,2690.00,2691.75,2690.00,2691.75,22,0
20190131,2030,2691.75,2691.75,2688.00,2689.50,50,0
20190131,2100,2689.50,2691.75,2687.50,2690.00,124,0
20190131,2130,2690.00,2691.25,2685.50,2685.50,46,0
20190131,2200,2685.50,2687.25,2684.00,2684.00,26,0
20190131,2230,2684.00,2686.25,2681.75,2682.50,171,0
20190131,2300,2682.50,2688.75,2681.75,2687.75,1656,0
20190131,2330,2687.75,2700.00,2687.75,2699.00,716,0
20190201,0000,2699.00,2703.75,2696.75,2698.00,394,0
20190201,0030,2698.00,2703.75,2698.00,2703.25,1999,0
20190201,0100,2703.25,2712.75,2703.00,2712.50,511,0
20190201,0130,2712.50,2712.50,2707.00,2707.00,173,0
20190201,0200,2707.00,2708.75,2702.50,2704.00,521,0
20190201,0230,2704.00,2706.50,2702.50,2702.50,67,0
20190201,0300,2702.50,2705.00,2701.25,2705.00,33,0
20190201,0330,2706.00,2707.25,2703.25,2703.25,159,0
20190201,0400,2703.25,2706.75,2701.75,2706.75,36,0
20190201,0430,2706.75,2706.75,2698.50,2702.50,22,0
20190201,0500,2702.50,2711.75,2702.00,2709.75,116,0
20190201,0530,2709.75,2714.00,2706.00,2712.25,198,0
20190201,0600,2712.25,2718.00,2712.00,2716.75,67,0
20190201,0630,2716.75,2716.75,2716.75,2716.75,0,0
20190201,0700,2716.75,2716.75,2716.75,2716.75,0,0
20190201,0830,2709.50,2715.00,2709.50,2714.00,48,0
20190201,0900,2714.00,2715.00,2712.00,2713.00,15,0
20190201,0930,2713.00,2716.50,2712.50,2714.50,20,0
20190201,1000,2714.50,2714.50,2707.25,2709.50,53,0
20190201,1030,2709.50,2710.25,2707.00,2710.25,16,0
20190201,1100,2710.25,2710.25,2710.25,2710.25,16,0
20190201,1130,2710.25,2710.25,2710.25,2710.25,15,0
20190201,1200,2710.25,2710.75,2710.25,2710.75,2,0
20190201,1230,2710.75,2710.75,2710.75,2710.75,0,0
20190201,1300,2710.75,2710.75,2710.75,2710.75,0,0
20190201,1330,2710.75,2710.75,2710.75,2710.75,0,0
20190201,1400,2710.75,2710.75,2706.75,2707.75,17,0
20190201,1430,2707.75,2707.75,2707.75,2707.75,0,0
20190201,1500,2707.75,2710.75,2707.75,2710.75,7,0
20190201,1530,2710.75,2712.25,2710.75,2710.75,17,0
20190201,1600,2710.75,2712.25,2710.75,2712.25,3,0
20190201,1630,2712.25,2712.25,2710.25,2710.50,7,0
20190201,1700,2710.50,2710.50,2710.50,2710.50,0,0
20190201,1730,2710.50,2710.50,2708.00,2710.25,7,0
20190201,1800,2710.25,2710.25,2708.00,2708.00,5,0
20190201,1830,2708.00,2709.00,2708.00,2709.00,3,0
20190201,1900,2709.00,2709.00,2707.00,2707.00,2,0
20190201,1930,2707.00,2710.25,2707.00,2708.50,25,0
20190201,2000,2708.50,2708.50,2706.00,2707.75,57,0
20190201,2030,2707.75,2708.00,2706.00,2706.75,12,0
20190201,2100,2706.75,2707.00,2704.25,2704.25,32,0
20190201,2130,2704.25,2704.75,2702.25,2704.75,54,0
20190201,2200,2705.00,2714.00,2705.00,2712.50,143,0
20190201,2230,2712.50,2714.00,2709.75,2710.25,29,0
20190201,2300,2709.75,2713.50,2704.50,2704.50,379,0
20190201,2330,2708.50,2721.50,2706.00,2719.00,330,0
20190202,0000,2719.00,2720.00,2713.00,2713.25,132,0
20190202,0030,2713.25,2715.25,2706.75,2714.50,746,0
20190202,0100,2714.50,2719.00,2713.50,2719.00,1126,0
20190202,0130,2719.00,2719.00,2711.25,2712.00,49,0
20190202,0200,2712.00,2713.00,2709.50,2712.50,28,0
20190202,0230,2712.50,2713.25,2709.25,2711.00,513,0
20190202,0300,2711.00,2711.50,2708.50,2709.75,622,0
20190202,0330,2709.75,2709.75,2704.00,2704.75,879,0
20190202,0400,2705.00,2707.50,2702.50,2703.50,27,0
20190202,0430,2703.50,2705.00,2700.50,2703.75,425,0
20190202,0500,2703.75,2710.00,2703.75,2710.00,67,0
20190202,0530,2709.25,2710.50,2709.00,2709.00,560,0
20190202,0600,2709.00,2710.50,2709.00,2709.00,15,0
20190202,0630,2709.00,2709.00,2709.00,2709.00,0,0
20190204,0830,2707.75,2712.25,2707.75,2712.00,4,0
20190204,0900,2712.00,2712.00,2712.00,2712.00,1,0
20190204,0930,2712.00,2712.00,2712.00,2712.00,6,0
20190204,1000,2712.00,2712.00,2712.00,2712.00,0,0
20190204,1030,2712.00,2712.00,2712.00,2712.00,1,0
20190204,1100,2712.00,2712.25,2712.00,2712.25,2,0
20190204,1130,2712.25,2712.25,2712.00,2712.00,3,0
20190204,1200,2712.00,2712.00,2712.00,2712.00,0,0
20190204,1230,2712.00,2712.00,2710.00,2710.00,1,0
20190204,1300,2710.00,2710.00,2710.00,2710.00,0,0
20190204,1330,2710.00,2710.00,2709.75,2709.75,3,0
20190204,1400,2709.75,2709.75,2709.25,2709.25,3,0
20190204,1430,2709.25,2709.25,2709.00,2709.00,1,0
20190204,1500,2709.00,2709.75,2709.00,2709.75,1,0
20190204,1530,2709.75,2709.75,2707.75,2707.75,3,0
20190204,1600,2707.75,2708.00,2707.75,2707.75,5,0
20190204,1630,2707.75,2710.25,2707.75,2710.25,1,0
20190204,1700,2710.25,2710.25,2710.25,2710.25,0,0
20190204,1730,2710.25,2710.25,2709.25,2709.25,3,0
20190204,1800,2709.25,2709.25,2709.25,2709.25,0,0
20190204,1830,2709.25,2711.75,2709.25,2710.50,11,0
20190204,1900,2710.50,2712.50,2710.50,2712.50,1,0
20190204,1930,2712.50,2712.50,2710.75,2710.75,10,0
20190204,2000,2710.75,2710.75,2710.25,2710.25,3,0
20190204,2030,2710.25,2712.50,2710.25,2712.50,1,0
20190204,2100,2712.50,2712.50,2712.25,2712.25,2,0
20190204,2130,2712.25,2712.25,2708.50,2709.00,7,0
20190204,2200,2709.00,2709.00,2708.00,2708.00,1,0
20190204,2230,2708.00,2709.00,2708.00,2709.00,2,0
20190204,2300,2709.00,2711.25,2705.25,2711.25,2219,0
20190204,2330,2711.25,2711.25,2702.25,2705.25,217,0
20190205,0000,2705.25,2710.75,2705.25,2710.00,33,0
20190205,0030,2710.00,2714.25,2710.00,2713.75,1130,0
20190205,0100,2715.00,2717.75,2714.25,2717.00,735,0
20190205,0130,2717.00,2718.50,2717.00,2717.50,34,0
20190205,0200,2717.50,2717.50,2716.50,2717.50,11,0
20190205,0230,2717.50,2719.00,2717.50,2718.25,58,0
20190205,0300,2718.25,2722.75,2718.00,2722.50,1118,0
20190205,0330,2722.50,2724.25,2722.50,2722.75,873,0
20190205,0400,2722.75,2723.25,2721.00,2722.75,27,0
20190205,0430,2722.75,2723.25,2721.25,2722.50,312,0
20190205,0500,2722.50,2728.00,2721.00,2728.00,627,0
20190205,0530,2728.00,2729.50,2725.75,2726.25,1155,0
20190205,0600,2726.25,2727.25,2726.00,2727.25,12,0
20190205,0630,2727.25,2727.25,2727.25,2727.25,0,0
20190205,0700,2727.25,2727.25,2727.25,2727.25,0,0
20190205,0830,2724.00,2726.00,2724.00,2726.00,2,0
20190205,0900,2726.00,2726.00,2721.75,2721.75,4,0
20190205,0930,2721.75,2722.50,2721.75,2722.50,5,0
20190205,1000,2722.50,2723.75,2722.50,2723.75,5,0
20190205,1030,2723.75,2723.75,2723.75,2723.75,0,0
20190205,1100,2723.75,2723.75,2723.75,2723.75,0,0
20190205,1130,2723.75,2723.75,2723.75,2723.75,0,0
20190205,1200,2723.75,2723.75,2723.75,2723.75,0,0
20190205,1230,2723.75,2723.75,2723.75,2723.75,0,0
20190205,1300,2723.75,2724.25,2723.75,2724.25,2,0
20190205,1330,2724.25,2724.25,2724.25,2724.25,0,0
20190205,1400,2724.25,2724.25,2722.50,2722.50,2,0
20190205,1430,2722.50,2722.50,2722.50,2722.50,0,0
20190205,1500,2722.50,2723.75,2722.50,2723.25,1,0
20190205,1530,2723.50,2723.75,2723.25,2723.75,11,0
20190205,1600,2723.75,2724.50,2723.75,2724.50,4,0
20190205,1630,2724.50,2725.00,2724.50,2725.00,1,0
20190205,1700,2725.00,2726.25,2724.75,2725.75,10,0
20190205,1730,2725.75,2729.00,2725.75,2728.50,5,0
20190205,1800,2728.50,2730.50,2728.50,2729.75,3,0
20190205,1830,2729.75,2731.25,2729.50,2729.50,4,0
20190205,1900,2729.50,2730.50,2729.50,2730.00,5,0
20190205,1930,2730.00,2732.50,2730.00,2732.25,23,0
20190205,2000,2732.25,2732.50,2732.25,2732.50,4,0
20190205,2030,2732.50,2732.50,2731.75,2731.75,12,0
20190205,2100,2731.75,2733.00,2731.50,2731.50,7,0
20190205,2130,2731.50,2733.00,2731.50,2733.00,7,0
20190205,2200,2733.00,2733.00,2732.25,2732.50,2,0
20190205,2230,2732.50,2733.50,2731.50,2732.75,27,0
20190205,2300,2732.75,2737.75,2732.75,2737.75,1247,0
20190205,2330,2737.75,2738.50,2734.00,2735.25,78,0
20190206,0000,2735.25,2741.00,2735.25,2740.50,62,0
20190206,0030,2740.50,2741.75,2734.75,2735.50,2654,0
20190206,0100,2735.50,2738.75,2735.50,2737.75,82,0
20190206,0130,2737.75,2737.75,2731.75,2733.50,26,0
20190206,0200,2733.50,2734.00,2728.75,2728.75,1077,0
20190206,0230,2728.75,2732.00,2728.00,2731.75,149,0
20190206,0300,2731.75,2733.00,2731.75,2732.75,716,0
20190206,0330,2732.75,2739.00,2732.75,2738.00,26,0
20190206,0400,2738.00,2739.25,2736.25,2739.00,23,0
20190206,0430,2739.00,2740.50,2737.25,2740.50,7,0
20190206,0500,2740.50,2742.25,2738.25,2740.50,490,0
20190206,0530,2740.50,2740.50,2737.00,2737.00,341,0
20190206,0600,2737.00,2737.00,2737.00,2737.00,1,0
20190206,0630,2737.00,2737.00,2737.00,2737.00,0,0
20190206,0700,2737.00,2737.00,2737.00,2737.00,0,0
20190206,0830,2736.75,2736.75,2735.75,2736.00,7,0
20190206,0900,2736.00,2737.50,2736.00,2737.50,4,0
20190206,0930,2737.50,2738.25,2737.50,2738.25,3,0
20190206,1000,2738.25,2739.25,2737.50,2739.25,7,0
20190206,1030,2739.25,2739.50,2738.75,2738.75,13,0
20190206,1100,2738.75,2738.75,2738.75,2738.75,1,0
20190206,1130,2738.75,2739.00,2738.75,2739.00,3,0
20190206,1200,2739.00,2739.00,2737.75,2737.75,2,0
20190206,1230,2737.75,2737.75,2737.75,2737.75,0,0
20190206,1300,2737.75,2738.00,2737.75,2738.00,3,0
20190206,1330,2738.00,2738.00,2738.00,2738.00,2,0
20190206,1400,2738.00,2738.00,2738.00,2738.00,0,0
20190206,1430,2738.00,2738.00,2738.00,2738.00,0,0
20190206,1500,2738.00,2738.25,2738.00,2738.25,1,0
20190206,1530,2738.25,2738.25,2733.50,2734.50,8,0
20190206,1600,2734.50,2734.50,2732.00,2732.00,7,0
20190206,1630,2732.00,2733.00,2731.75,2733.00,6,0
20190206,1700,2733.00,2733.00,2733.00,2733.00,0,0
20190206,1730,2733.00,2733.00,2730.50,2731.50,4,0
20190206,1800,2731.50,2731.50,2731.00,2731.00,3,0
20190206,1830,2731.00,2731.25,2731.00,2731.25,2,0
20190206,1900,2731.25,2731.25,2731.25,2731.25,0,0
20190206,1930,2731.25,2734.75,2731.25,2734.00,16,0
20190206,2000,2734.00,2734.00,2733.75,2733.75,2,0
20190206,2030,2733.75,2735.50,2733.25,2734.75,7,0
20190206,2100,2734.75,2734.75,2734.75,2734.75,1,0
20190206,2130,2734.75,2736.75,2734.75,2736.25,20,0
20190206,2200,2736.25,2738.25,2736.25,2737.00,8,0
20190206,2230,2737.00,2737.00,2736.75,2736.75,6,0
20190206,2300,2736.75,2740.75,2734.75,2738.00,179,0
20190206,2330,2738.00,2738.00,2727.75,2731.50,89,0
20190207,0000,2731.50,2739.75,2731.50,2739.75,301,0
20190207,0030,2739.75,2740.25,2732.00,2734.50,116,0
20190207,0100,2734.50,2737.75,2734.00,2734.50,34,0
20190207,0130,2734.50,2735.50,2732.00,2734.50,19,0
20190207,0200,2734.50,2737.00,2734.50,2736.00,24,0
20190207,0230,2736.00,2738.25,2736.00,2737.00,777,0
20190207,0300,2737.00,2739.00,2736.50,2736.50,73,0
20190207,0330,2736.50,2736.50,2731.50,2733.25,22,0
20190207,0400,2733.25,2734.25,2730.75,2734.25,36,0
20190207,0430,2734.25,2735.50,2733.75,2735.50,203,0
20190207,0500,2735.50,2736.50,2734.25,2735.25,170,0
20190207,0530,2737.00,2737.50,2734.50,2735.25,99,0
20190207,0600,2735.25,2735.25,2733.00,2733.75,40,0
20190207,0630,2733.75,2733.75,2733.75,2733.75,0,0
20190207,0700,2733.75,2733.75,2733.75,2733.75,0,0
20190207,0830,2733.00,2733.00,2733.00,2733.00,0,0
20190207,0900,2733.00,2733.25,2731.50,2731.50,4,0
20190207,0930,2731.50,2731.50,2727.50,2729.00,15,0
20190207,1000,2729.00,2729.00,2728.50,2728.50,14,0
20190207,1030,2728.50,2729.25,2728.50,2729.00,4,0
20190207,1100,2729.00,2729.00,2729.00,2729.00,0,0
20190207,1130,2729.00,2729.00,2729.00,2729.00,0,0
20190207,1200,2729.00,2729.50,2729.00,2729.50,3,0
20190207,1230,2729.50,2729.50,2729.50,2729.50,0,0
20190207,1300,2729.50,2729.50,2728.25,2728.25,5,0
20190207,1330,2728.25,2728.25,2727.75,2727.75,7,0
20190207,1400,2727.75,2727.75,2727.75,2727.75,0,0
20190207,1430,2727.75,2727.75,2727.75,2727.75,0,0
20190207,1500,2727.75,2727.75,2727.75,2727.75,13,0
20190207,1530,2727.75,2727.75,2726.00,2727.50,7,0
20190207,1600,2727.50,2727.50,2725.50,2725.50,9,0
20190207,1630,2726.00,2726.00,2726.00,2726.00,3,0
20190207,1700,2726.00,2726.00,2726.00,2726.00,1,0
20190207,1730,2726.00,2729.50,2726.00,2729.25,39,0
20190207,1800,2729.25,2730.25,2729.00,2730.25,18,0
20190207,1830,2730.25,2730.25,2722.50,2723.00,40,0
20190207,1900,2723.00,2723.00,2720.25,2721.25,23,0
20190207,1930,2721.25,2722.00,2716.25,2718.50,91,0
20190207,2000,2718.50,2718.50,2715.25,2717.00,27,0
20190207,2030,2717.00,2719.25,2717.00,2719.25,25,0
20190207,2100,2719.25,2719.25,2716.00,2716.00,537,0
20190207,2130,2716.00,2718.25,2713.75,2716.25,317,0
20190207,2200,2716.25,2719.00,2716.25,2719.00,67,0
20190207,2230,2719.00,2720.00,2718.00,2718.00,14,0
20190207,2300,2718.00,2718.25,2711.50,2715.25,360,0
20190207,2330,2715.50,2721.25,2710.75,2720.50,162,0
20190208,0000,2720.50,2722.75,2706.00,2707.00,248,0
20190208,0030,2707.00,2708.50,2699.50,2699.75,282,0
20190208,0100,2699.75,2700.50,2692.25,2693.75,902,0
20190208,0130,2693.75,2699.25,2690.75,2697.00,1094,0
20190208,0200,2697.00,2698.25,2690.75,2692.75,129,0
20190208,0230,2692.75,2702.00,2692.75,2699.00,61,0
20190208,0300,2699.00,2704.25,2699.00,2703.75,1070,0
20190208,0330,2701.50,2702.00,2694.00,2702.00,117,0
20190208,0400,2702.00,2704.00,2700.25,2700.75,34,0
20190208,0430,2700.75,2702.50,2698.00,2702.00,32,0
20190208,0500,2702.00,2709.50,2698.75,2709.50,76,0
20190208,0530,2710.00,2710.25,2708.75,2710.00,25,0
20190208,0600,2710.00,2710.00,2708.00,2708.25,11,0
20190208,0630,2708.25,2708.25,2708.25,2708.25,0,0
20190208,0700,2708.25,2708.25,2708.25,2708.25,0,0
20190208,0830,2703.00,2703.25,2701.50,2702.25,5,0
20190208,0900,2702.25,2704.00,2702.00,2702.00,8,0
20190208,0930,2702.00,2702.25,2699.00,2699.00,12,0
20190208,1000,2699.00,2699.75,2698.00,2699.50,31,0
20190208,1030,2699.50,2699.50,2696.75,2697.00,18,0
20190208,1100,2697.00,2699.00,2697.00,2699.00,5,0
20190208,1130,2699.00,2700.25,2698.50,2699.50,6,0
20190208,1200,2699.50,2699.50,2699.50,2699.50,0,0
20190208,1230,2699.50,2699.50,2697.75,2698.00,2,0
20190208,1300,2698.00,2698.00,2696.50,2697.00,14,0
20190208,1330,2697.00,2697.00,2695.50,2695.50,3,0
20190208,1400,2695.50,2697.00,2695.50,2697.00,1,0
20190208,1430,2697.00,2697.00,2697.00,2697.00,0,0
20190208,1500,2697.00,2697.00,2697.00,2697.00,0,0
20190208,1530,2697.00,2700.75,2697.00,2699.00,3,0
20190208,1600,2699.00,2699.00,2697.75,2697.75,2,0
20190208,1630,2697.75,2699.00,2696.50,2698.75,11,0
20190208,1700,2698.75,2701.50,2698.75,2701.25,61,0
20190208,1730,2701.25,2703.00,2701.25,2703.00,1,0
20190208,1800,2703.00,2703.00,2700.50,2700.50,2,0
20190208,1830,2700.50,2700.50,2699.25,2699.25,2,0
20190208,1900,2699.25,2699.25,2698.00,2698.00,2,0
20190208,1930,2698.00,2699.50,2698.00,2698.50,27,0
20190208,2000,2698.50,2698.50,2695.50,2695.50,12,0
20190208,2030,2695.50,2695.50,2692.00,2693.50,17,0
20190208,2100,2693.50,2694.25,2691.25,2693.00,54,0
20190208,2130,2693.00,2696.25,2693.00,2696.25,12,0
20190208,2200,2696.25,2697.50,2694.50,2695.00,12,0
20190208,2230,2695.00,2696.00,2693.75,2693.75,28,0
20190208,2300,2693.75,2701.25,2692.50,2694.00,179,0
20190208,2330,2693.00,2696.50,2688.00,2693.50,92,0
20190209,0000,2692.50,2698.75,2689.50,2690.50,707,0
20190209,0030,2690.50,2692.25,2687.00,2691.25,516,0
20190209,0100,2691.25,2693.25,2686.00,2692.50,587,0
20190209,0130,2692.50,2694.50,2690.00,2691.75,405,0
20190209,0200,2691.75,2697.00,2691.75,2696.00,1006,0
20190209,0230,2696.00,2699.25,2696.00,2697.00,602,0
20190209,0300,2697.00,2700.25,2696.00,2700.25,1354,0
20190209,0330,2700.25,2704.25,2698.25,2704.00,385,0
20190209,0400,2704.00,2706.25,2703.00,2703.00,918,0
20190209,0430,2703.00,2706.50,2701.50,2705.00,422,0
20190209,0500,2705.00,2712.00,2703.00,2712.00,351,0
20190209,0530,2712.75,2712.75,2709.75,2711.25,91,0
20190209,0600,2711.25,2713.50,2711.25,2712.50,23,0
20190209,0630,2712.50,2712.50,2712.50,2712.50,0,0
20190211,0830,2711.75,2711.75,2709.00,2709.00,16,0
20190211,0900,2709.00,2710.50,2708.25,2708.25,14,0
20190211,0930,2708.25,2709.25,2706.50,2706.50,41,0
20190211,1000,2706.50,2707.00,2705.50,2707.00,6,0
20190211,1030,2707.00,2707.00,2706.50,2706.50,21,0
20190211,1100,2706.50,2711.00,2706.50,2710.50,16,0
20190211,1130,2710.50,2710.50,2709.00,2709.75,9,0
20190211,1200,2709.75,2709.75,2709.00,2709.00,3,0
20190211,1230,2709.00,2709.00,2709.00,2709.00,2,0
20190211,1300,2709.00,2709.00,2707.75,2708.25,5,0
20190211,1330,2708.25,2709.75,2707.75,2709.25,13,0
20190211,1400,2709.25,2709.25,2706.75,2706.75,5,0
20190211,1430,2706.75,2708.00,2706.75,2708.00,2,0
20190211,1500,2708.00,2710.50,2708.00,2710.50,3,0
20190211,1530,2710.50,2710.50,2710.50,2710.50,0,0
20190211,1600,2710.50,2710.50,2709.25,2709.25,3,0
20190211,1630,2709.25,2713.25,2709.25,2713.25,9,0
20190211,1700,2713.25,2721.75,2713.25,2721.75,48,0
20190211,1730,2721.75,2726.75,2721.75,2722.00,86,0
20190211,1800,2722.00,2723.50,2720.50,2723.50,7,0
20190211,1830,2723.50,2723.50,2720.25,2722.00,23,0
20190211,1900,2722.00,2722.00,2720.50,2720.50,2,0
20190211,1930,2720.50,2720.75,2717.25,2717.25,90,0
20190211,2000,2717.25,2717.75,2716.25,2717.50,28,0
20190211,2030,2717.50,2719.75,2716.75,2717.75,48,0
20190211,2100,2717.75,2720.50,2717.75,2720.50,10,0
20190211,2130,2720.50,2725.25,2720.50,2722.25,89,0
20190211,2200,2722.25,2722.25,2719.75,2720.25,31,0
20190211,2230,2720.25,2720.25,2719.00,2719.00,28,0
20190211,2300,2719.25,2721.75,2713.00,2714.75,346,0
20190211,2330,2714.75,2718.50,2712.00,2713.00,1079,0
20190212,0000,2713.00,2715.25,2711.75,2713.50,1188,0
20190212,0030,2713.50,2714.50,2708.50,2714.50,52,0
20190212,0100,2714.50,2714.50,2711.00,2711.75,530,0
20190212,0930,2720.25,2720.25,2716.50,2718.75,0,0
20190212,1000,2718.75,2724.00,2718.75,2723.00,0,0
20190212,1030,2723.00,2723.00,2722.25,2722.50,0,0
20190212,1100,2722.50,2728.00,2722.00,2727.25,0,0
20190212,1130,2727.25,2728.25,2726.00,2728.25,0,0
20190212,1200,2728.25,2728.25,2727.75,2728.25,0,0
20190212,1230,2728.25,2728.25,2727.25,2727.25,0,0
20190212,1300,2727.25,2727.25,2726.50,2726.50,0,0
20190212,1330,2726.50,2726.50,2725.25,2726.00,0,0
20190212,1400,2726.00,2726.00,2725.00,2725.00,0,0
20190212,1430,2725.00,2727.25,2725.00,2726.75,0,0
20190212,1500,2726.75,2727.00,2726.75,2727.00,0,0
20190212,1530,2727.00,2727.50,2725.75,2726.00,0,0
20190212,1600,2726.00,2729.25,2726.00,2729.25,0,0
20190212,1630,2729.25,2731.00,2728.00,2728.25,0,0
20190212,1700,2728.25,2728.50,2727.75,2728.25,0,0
20190212,1730,2728.25,2730.25,2728.00,2728.00,0,0
20190212,1800,2728.00,2728.25,2727.25,2727.25,0,0
20190212,1830,2727.25,2730.00,2727.25,2730.00,0,0
20190212,1900,2730.00,2731.75,2730.00,2731.75,0,0
20190212,1930,2731.75,2732.25,2730.50,2732.25,0,0
20190212,2000,2732.25,2732.75,2731.25,2732.75,0,0
20190212,2030,2732.75,2733.25,2732.00,2732.75,0,0
20190212,2100,2732.75,2735.25,2731.75,2731.75,0,0
20190212,2130,2731.75,2733.00,2731.25,2733.00,0,0
20190212,2200,2733.00,2733.00,2730.75,2730.75,0,0
20190212,2230,2730.75,2733.25,2730.75,2731.50,0,0
20190212,2300,2731.50,2739.00,2730.75,2737.00,0,0
20190212,2330,2737.00,2740.25,2737.00,2737.00,0,0
20190213,0000,2737.00,2744.00,2734.50,2743.50,0,0
20190213,0030,2743.50,2747.00,2743.25,2746.50,0,0
20190213,0100,2746.50,2748.50,2744.25,2748.50,0,0
20190213,0130,2748.50,2749.00,2743.75,2745.75,0,0
20190213,0200,2745.75,2747.25,2744.00,2746.25,0,0
20190213,0230,2746.25,2749.50,2746.00,2749.50,0,0
20190213,0300,2749.50,2753.25,2749.50,2752.50,0,0
20190213,0330,2752.50,2752.50,2750.25,2752.25,0,0
20190213,0400,2752.25,2752.25,2750.00,2750.00,0,0
20190213,0430,2750.00,2751.75,2749.00,2751.50,0,0
20190213,0500,2751.50,2751.50,2746.25,2749.25,0,0
20190213,0530,2749.25,2750.00,2747.25,2749.75,0,0
20190213,0600,2749.75,2751.50,2749.75,2750.75,0,0
20190213,0630,2750.75,2750.75,2750.75,2750.75,0,0
20190213,0700,2750.75,2750.75,2750.75,2750.75,0,0
20190213,0830,2752.00,2760.00,2752.00,2757.00,0,0
20190213,0900,2757.00,2757.00,2755.25,2755.25,0,0
20190213,0930,2755.25,2759.50,2755.25,2757.25,0,0
20190213,1000,2757.25,2759.25,2757.25,2759.25,0,0
20190213,1030,2759.25,2759.50,2757.00,2758.00,0,0
20190213,1100,2758.00,2758.00,2757.00,2757.50,6,0
20190213,1130,2757.50,2761.75,2757.50,2758.75,72,0
20190213,1200,2758.75,2760.00,2758.50,2758.75,22,0
20190213,1230,2758.75,2758.75,2758.75,2758.75,0,0
20190213,1300,2758.75,2758.75,2758.00,2758.00,3,0
20190213,1330,2758.00,2760.00,2758.00,2759.75,8,0
20190213,1400,2759.75,2759.75,2759.50,2759.50,5,0
20190213,1430,2759.50,2761.00,2759.50,2761.00,7,0
20190213,1500,2761.00,2761.50,2761.00,2761.50,3,0
20190213,1530,2761.50,2761.50,2759.25,2759.25,18,0
20190213,1600,2759.25,2759.25,2758.25,2758.25,2,0
20190213,1630,2758.25,2758.25,2756.50,2758.00,12,0
20190213,1700,2758.00,2758.50,2758.00,2758.50,2,0
20190213,1730,2758.50,2758.50,2756.25,2756.25,1,0
20190213,1800,2756.25,2756.25,2752.25,2752.25,42,0
20190213,1830,2752.25,2753.50,2751.75,2752.75,9,0
20190213,1900,2752.75,2752.75,2752.75,2752.75,0,0
20190213,1930,2752.75,2755.00,2752.75,2755.00,6,0
20190213,2000,2755.00,2757.75,2755.00,2757.75,14,0
20190213,2030,2757.75,2757.75,2757.25,2757.25,10,0
20190213,2100,2757.25,2757.50,2757.00,2757.50,7,0
20190213,2130,2757.50,2757.50,2755.75,2755.75,19,0
20190213,2200,2755.75,2759.25,2753.25,2758.25,56,0
20190213,2230,2758.25,2758.75,2757.00,2757.00,22,0
20190213,2300,2758.25,2767.50,2758.25,2763.00,917,0
20190213,2330,2763.00,2764.00,2759.25,2762.75,400,0
20190214,0000,2762.50,2765.75,2761.50,2762.50,700,0
20190214,0030,2762.50,2765.75,2757.25,2757.25,1208,0
20190214,0100,2757.25,2757.25,2753.25,2756.25,123,0
20190214,0130,2756.25,2758.25,2753.50,2753.50,110,0
20190214,0200,2753.50,2756.75,2753.50,2756.75,1470,0
20190214,0230,2756.75,2757.25,2755.50,2756.50,127,0
20190214,0300,2756.50,2758.00,2756.50,2757.00,1188,0
20190214,0330,2757.00,2759.00,2757.00,2759.00,242,0
20190214,0400,2759.00,2762.50,2758.75,2762.00,192,0
20190214,0430,2762.00,2763.00,2760.75,2763.00,224,0
20190214,0500,2763.25,2764.50,2756.25,2756.25,238,0
20190214,0530,2756.25,2756.25,2754.50,2754.50,74,0
20190214,0600,2754.50,2755.75,2754.25,2754.25,6,0
20190214,0630,2754.25,2754.25,2754.25,2754.25,0,0
20190214,0700,2754.25,2754.25,2754.25,2754.25,0,0
20190214,0830,2756.00,2756.75,2752.50,2752.50,3,0
20190214,0900,2752.50,2753.00,2752.25,2752.25,2,0
20190214,0930,2752.25,2753.50,2751.75,2753.50,4,0
20190214,1000,2753.50,2757.00,2753.50,2755.50,6,0
20190214,1030,2755.50,2755.50,2755.00,2755.25,9,0
20190214,1100,2755.25,2755.25,2754.75,2754.75,2,0
20190214,1130,2754.75,2754.75,2754.25,2754.50,4,0
20190214,1200,2754.50,2759.75,2754.50,2759.75,5,0
20190214,1230,2759.75,2759.75,2759.25,2759.25,8,0
20190214,1300,2759.25,2759.25,2758.00,2758.00,1,0
20190214,1330,2758.00,2758.00,2757.50,2757.75,4,0
20190214,1400,2757.75,2757.75,2757.75,2757.75,0,0
20190214,1430,2757.75,2762.00,2757.75,2762.00,7,0
20190214,1500,2762.00,2762.00,2762.00,2762.00,1,0
20190214,1530,2762.00,2764.50,2762.00,2763.00,36,0
20190214,1600,2763.00,2765.75,2763.00,2765.75,12,0
20190214,1630,2765.75,2766.00,2763.25,2764.25,17,0
20190214,1700,2764.25,2764.25,2762.00,2762.00,9,0
20190214,1730,2762.00,2763.25,2761.00,2763.25,3,0
20190214,1800,2763.25,2764.25,2763.25,2764.25,1,0
20190214,1830,2764.25,2764.25,2761.50,2762.00,8,0
20190214,1900,2762.00,2762.00,2759.75,2759.75,3,0
20190214,1930,2759.75,2759.75,2759.75,2759.75,0,0
20190214,2000,2759.75,2762.75,2759.75,2762.75,1,0
20190214,2030,2762.75,2762.75,2761.25,2762.50,4,0
20190214,2100,2762.50,2765.00,2762.50,2765.00,7,0
20190214,2130,2765.00,2765.50,2763.75,2765.50,2,0
20190214,2200,2763.75,2763.75,2746.00,2746.50,548,0
20190214,2230,2746.50,2747.00,2741.75,2744.75,150,0
20190214,2300,2744.75,2744.75,2734.50,2743.75,597,0
20190214,2330,2743.75,2749.25,2741.75,2748.00,691,0
20190215,0000,2748.00,2752.75,2740.75,2748.00,402,0
20190215,0030,2748.00,2748.00,2741.75,2743.75,1001,0
20190215,0100,2743.75,2749.50,2740.75,2749.50,104,0
20190215,0130,2749.50,2758.25,2749.50,2757.50,90,0
20190215,0200,2757.50,2758.75,2756.25,2757.50,61,0
20190215,0230,2757.50,2758.00,2755.50,2756.50,189,0
20190215,0300,2756.50,2758.00,2755.25,2756.50,115,0
20190215,0330,2756.50,2758.75,2754.00,2758.75,494,0
20190215,0400,2758.75,2758.75,2753.50,2754.00,130,0
20190215,0430,2754.00,2762.50,2753.00,2755.00,204,0
20190215,0500,2755.00,2759.00,2749.50,2749.50,49,0
20190215,0530,2750.75,2751.25,2747.50,2748.75,58,0
20190215,0600,2750.00,2750.00,2746.00,2746.00,22,0
20190215,0630,2746.00,2746.00,2746.00,2746.00,0,0
20190215,0700,2746.00,2746.00,2746.00,2746.00,1,0
20190215,0830,2748.50,2748.50,2741.50,2745.50,20,0
20190215,0900,2745.50,2745.50,2741.00,2742.00,9,0
20190215,0930,2742.00,2743.75,2742.00,2743.75,11,0
20190215,1000,2743.75,2744.25,2743.75,2744.25,3,0
20190215,1030,2744.25,2744.25,2738.00,2739.75,27,0
20190215,1100,2739.75,2739.75,2738.75,2738.75,109,0
20190215,1130,2738.75,2738.75,2738.25,2738.25,5,0
20190215,1200,2738.25,2739.00,2737.75,2737.75,10,0
20190215,1230,2737.75,2739.00,2737.75,2739.00,3,0
20190215,1300,2739.00,2739.00,2738.50,2738.75,5,0
20190215,1330,2738.75,2738.75,2736.25,2736.25,5,0
20190215,1400,2736.25,2737.75,2736.25,2737.75,22,0
20190215,1430,2737.75,2739.25,2737.50,2737.50,7,0
20190215,1500,2737.50,2737.50,2736.50,2737.00,14,0
20190215,1530,2737.00,2738.00,2735.50,2735.50,4,0
20190215,1600,2735.50,2735.50,2733.25,2734.00,14,0
20190215,1630,2734.00,2737.00,2734.00,2737.00,24,0
20190215,1700,2737.00,2739.75,2737.00,2739.75,3,0
20190215,1730,2739.75,2741.75,2739.75,2740.75,10,0
20190215,1800,2740.75,2744.75,2740.75,2744.75,23,0
20190215,1830,2744.75,2745.75,2742.00,2743.75,9,0
20190215,1900,2743.75,2751.50,2743.75,2751.00,36,0
20190215,1930,2751.00,2751.00,2749.25,2750.25,5,0
20190218,0830,2782.50,2782.50,2780.50,2780.50,7,0
20190218,0900,2780.50,2781.50,2778.75,2780.50,20,0
20190218,0930,2780.50,2783.00,2779.25,2780.00,13,0
20190218,1000,2780.00,2782.25,2780.00,2782.25,2,0
20190218,1030,2782.25,2783.00,2782.00,2783.00,13,0
20190218,1100,2783.00,2783.50,2783.00,2783.50,3,0
20190218,1130,2783.50,2784.25,2783.50,2783.50,14,0
20190218,1200,2783.50,2783.50,2783.00,2783.00,58,0
20190218,1230,2783.00,2783.00,2782.00,2782.00,2,0
20190218,1300,2782.00,2782.25,2781.25,2781.25,3,0
20190218,1330,2781.25,2782.75,2781.25,2782.75,6,0
20190218,1400,2782.75,2782.75,2781.50,2782.00,5,0
20190218,1430,2782.00,2782.00,2782.00,2782.00,0,0
20190218,1500,2782.00,2782.00,2781.50,2781.50,2,0
20190218,1530,2781.50,2783.75,2781.25,2782.25,6,0
20190218,1600,2782.25,2783.00,2782.25,2783.00,1,0
20190218,1630,2783.00,2783.00,2780.50,2780.50,9,0
20190218,1700,2780.50,2780.50,2779.25,2779.25,6,0
20190218,1730,2779.25,2780.50,2777.75,2777.75,6,0
20190218,1800,2777.75,2778.75,2777.75,2778.75,7,0
20190218,1830,2778.75,2778.75,2778.75,2778.75,4,0
20190218,1900,2778.75,2781.25,2778.75,2781.25,5,0
20190218,1930,2781.25,2782.75,2780.50,2780.50,9,0
20190218,2000,2780.50,2780.75,2780.50,2780.75,1,0
20190218,2030,2780.75,2781.25,2780.00,2781.25,3,0
20190218,2100,2781.25,2781.75,2781.00,2781.00,7,0
20190218,2130,2781.00,2781.00,2781.00,2781.00,4,0
20190218,2200,2781.00,2782.25,2781.00,2781.75,49,0
20190218,2230,2781.75,2781.75,2781.00,2781.00,10,0
20190218,2300,2779.75,2782.00,2779.75,2782.00,65,0
20190218,2330,2782.00,2782.75,2782.00,2782.00,19,0
20190219,0000,2782.00,2782.00,2781.75,2781.75,2,0
20190219,0030,2781.75,2781.75,2780.75,2780.75,7,0
20190219,0100,2780.75,2781.75,2780.75,2781.75,4,0
20190219,0130,2781.75,2782.25,2781.50,2782.00,8,0
20190219,0200,2782.00,2783.00,2779.25,2782.50,45,0
20190219,0230,2782.50,2782.50,2782.50,2782.50,0,0
20190219,0300,2782.50,2782.50,2782.50,2782.50,0,0
20190219,0830,2781.25,2781.25,2780.00,2781.00,2,0
20190219,0900,2781.00,2782.25,2780.00,2780.25,8,0
20190219,0930,2780.25,2782.00,2780.25,2781.75,16,0
20190219,1000,2781.75,2784.75,2781.75,2784.75,6,0
20190219,1030,2784.75,2784.75,2781.50,2781.50,31,0
20190219,1100,2781.50,2781.50,2781.50,2781.50,0,0
20190219,1130,2781.50,2782.00,2781.50,2782.00,3,0
20190219,1200,2782.00,2782.00,2781.50,2781.50,2,0
20190219,1230,2781.50,2781.50,2781.00,2781.00,2,0
20190219,1300,2781.00,2781.25,2781.00,2781.25,6,0
20190219,1330,2781.25,2781.25,2780.00,2780.50,6,0
20190219,1400,2780.50,2780.50,2780.50,2780.50,0,0
20190219,1430,2780.50,2780.50,2780.00,2780.00,1,0
20190219,1500,2780.00,2780.75,2780.00,2780.50,2,0
20190219,1530,2780.50,2781.00,2780.50,2781.00,7,0
20190219,1600,2781.00,2781.00,2780.50,2780.50,1,0
20190219,1630,2780.50,2781.25,2779.25,2781.25,27,0
20190219,1700,2781.25,2781.25,2779.25,2779.25,5,0
20190219,1730,2779.25,2782.25,2776.00,2776.25,19,0
20190219,1800,2776.25,2777.00,2776.00,2776.50,9,0
20190219,1830,2776.50,2777.25,2776.00,2777.25,14,0
20190219,1900,2777.25,2778.25,2777.25,2778.25,3,0
20190219,1930,2778.25,2778.25,2774.00,2774.50,20,0
20190219,2000,2774.50,2774.50,2771.50,2773.00,24,0
20190219,2030,2773.00,2774.00,2772.00,2773.00,17,0
20190219,2100,2771.50,2775.75,2771.50,2774.25,70,0
20190219,2130,2774.25,2775.50,2774.25,2774.50,6,0
20190219,2200,2774.50,2774.50,2774.50,2774.50,0,0
20190219,2230,2774.50,2774.50,2770.75,2772.00,126,0
20190219,2300,2772.00,2779.50,2771.50,2778.50,1017,0
20190219,2330,2778.50,2782.00,2778.50,2780.75,161,0
20190220,0000,2781.50,2781.50,2777.00,2778.00,1071,0
20190220,0030,2778.00,2781.25,2778.00,2779.50,641,0
20190220,0100,2779.50,2788.50,2779.50,2788.00,419,0
20190220,0130,2788.50,2788.50,2785.75,2787.00,418,0
20190220,0200,2787.00,2787.00,2785.75,2786.25,175,0
20190220,0230,2786.25,2786.25,2784.25,2784.75,662,0
20190220,0300,2784.75,2785.50,2783.50,2784.75,221,0
20190220,0330,2784.75,2788.00,2784.75,2788.00,223,0
20190220,0400,2788.00,2792.25,2788.00,2791.75,509,0
20190220,0430,2791.75,2791.75,2789.00,2789.25,229,0
20190220,0500,2789.25,2790.00,2783.50,2783.50,842,0
20190220,0530,2783.50,2785.25,2781.50,2782.75,335,0
20190220,0600,2782.75,2783.25,2782.50,2782.75,29,0
20190220,0630,2782.75,2782.75,2782.75,2782.75,1,0
20190220,0700,2782.75,2782.75,2782.75,2782.75,0,0
20190220,0830,2783.50,2783.75,2782.25,2782.25,14,0
20190220,0900,2782.25,2783.25,2781.75,2783.25,18,0
20190220,0930,2783.25,2784.75,2783.25,2784.75,3,0
20190220,1000,2784.75,2786.50,2783.75,2786.50,10,0
20190220,1030,2786.50,2786.50,2784.50,2785.00,3,0
20190220,1100,2785.00,2785.25,2784.50,2784.50,4,0
20190220,1130,2784.50,2784.50,2784.50,2784.50,0,0
20190220,1200,2784.50,2784.50,2779.00,2780.75,18,0
20190220,1230,2780.75,2781.00,2780.75,2781.00,2,0
20190220,1300,2781.00,2781.00,2780.75,2780.75,12,0
20190220,1330,2780.75,2781.25,2780.00,2780.00,13,0
20190220,1400,2780.00,2781.25,2779.25,2781.00,29,0
20190220,1430,2781.00,2784.00,2781.00,2784.00,9,0
20190220,1500,2784.00,2784.00,2782.50,2783.00,6,0
20190220,1530,2783.00,2784.25,2782.00,2782.00,1,0
20190220,1600,2782.00,2782.50,2782.00,2782.50,31,0
20190220,1630,2782.50,2785.25,2782.50,2785.25,3,0
20190220,1700,2785.25,2785.25,2783.00,2783.25,6,0
20190220,1730,2783.25,2784.25,2782.25,2782.75,20,0
20190220,1800,2782.75,2782.75,2778.50,2778.50,21,0
20190220,1830,2778.50,2783.25,2778.50,2780.25,21,0
20190220,1900,2780.25,2781.00,2779.50,2781.00,10,0
20190220,1930,2781.00,2781.00,2780.00,2780.00,20,0
20190220,2000,2780.00,2780.00,2780.00,2780.00,0,0
20190220,2030,2780.00,2782.00,2780.00,2782.00,6,0
20190220,2100,2782.00,2782.50,2782.00,2782.00,17,0
20190220,2130,2782.00,2782.00,2780.50,2780.50,25,0
20190220,2200,2780.50,2780.50,2780.50,2780.50,17,0
20190220,2230,2780.50,2785.00,2780.50,2785.00,11,0
20190220,2300,2785.00,2786.00,2782.75,2786.00,787,0
20190220,2330,2786.00,2787.50,2784.25,2787.50,296,0
20190221,0000,2787.50,2790.00,2787.50,2787.75,372,0
20190221,0030,2787.75,2787.75,2787.00,2787.00,3293,0
20190221,0100,2787.00,2791.00,2787.00,2789.50,120,0
20190221,0130,2789.50,2789.75,2782.50,2782.50,604,0
20190221,0200,2782.50,2784.50,2780.75,2782.25,92,0
20190221,0230,2782.25,2789.00,2782.25,2788.50,163,0
20190221,0300,2788.50,2791.50,2787.75,2790.50,446,0
20190221,0330,2790.50,2795.00,2778.25,2783.25,389,0
20190221,0400,2783.25,2791.75,2783.25,2791.50,248,0
20190221,0430,2791.50,2791.50,2789.00,2790.50,300,0
20190221,0500,2790.50,2791.00,2786.50,2789.50,1535,0
20190221,0530,2790.25,2791.75,2789.50,2791.75,145,0
20190221,0600,2791.75,2791.75,2791.75,2791.75,28,0
20190221,0630,2791.75,2791.75,2791.75,2791.75,0,0
20190221,0700,2791.75,2791.75,2791.75,2791.75,0,0
20190221,0830,2792.50,2792.50,2792.50,2792.50,0,0
20190221,0900,2789.50,2789.50,2789.00,2789.00,16,0
20190221,0930,2789.00,2789.00,2787.75,2787.75,17,0
20190221,1000,2787.75,2790.00,2787.75,2790.00,3,0
20190221,1030,2790.00,2790.50,2789.25,2790.50,3,0
20190221,1100,2790.50,2797.25,2790.00,2797.25,53,0
20190221,1130,2797.25,2798.50,2795.75,2797.75,36,0
20190221,1200,2797.75,2802.50,2797.75,2801.00,72,0
20190221,1230,2801.00,2801.00,2800.25,2801.00,11,0
20190221,1300,2801.00,2802.00,2799.75,2800.50,11,0
20190221,1330,2800.50,2801.50,2800.00,2800.00,26,0
20190221,1400,2800.00,2801.25,2798.50,2798.50,51,0
20190221,1430,2798.50,2798.50,2796.00,2796.00,10,0
20190221,1500,2796.00,2796.50,2795.75,2796.00,10,0
20190221,1530,2796.00,2798.00,2795.25,2798.00,5,0
20190221,1600,2798.00,2798.00,2797.25,2797.75,5,0
20190221,1630,2797.75,2797.75,2795.50,2796.00,15,0
20190221,1700,2796.00,2796.00,2794.00,2794.00,22,0
20190221,1730,2794.00,2794.00,2793.00,2794.00,3,0
20190221,1800,2794.00,2794.00,2792.75,2792.75,22,0
20190221,1830,2792.75,2795.00,2792.75,2793.00,32,0
20190221,1900,2793.00,2793.50,2793.00,2793.50,6,0
20190221,1930,2793.50,2795.00,2793.50,2794.50,7,0
20190221,2000,2794.50,2794.50,2792.00,2792.00,5,0
20190221,2030,2792.00,2793.50,2788.00,2788.25,37,0
20190221,2100,2788.25,2788.25,2784.50,2787.75,34,0
20190221,2130,2787.75,2787.75,2787.75,2787.75,68,0
20190221,2200,2787.75,2788.00,2784.00,2787.50,44,0
20190221,2230,2787.50,2787.50,2782.00,2782.25,339,0
20190221,2300,2782.25,2785.00,2774.75,2778.25,1624,0
20190221,2330,2778.25,2780.00,2773.25,2775.25,3599,0
20190222,0000,2775.25,2779.50,2775.25,2777.00,2211,0
20190222,0030,2777.00,2781.75,2775.25,2777.75,531,0
20190222,0100,2777.75,2784.00,2776.75,2782.50,424,0
20190222,0130,2782.50,2783.75,2781.00,2783.25,21,0
20190222,0200,2783.25,2785.50,2783.25,2785.50,167,0
20190222,0230,2785.50,2785.75,2782.00,2782.00,170,0
20190222,0300,2782.00,2783.00,2782.00,2783.00,8,0
20190222,0330,2783.00,2783.00,2774.50,2776.50,740,0
20190222,0400,2776.50,2777.50,2768.50,2771.75,241,0
20190222,0430,2771.75,2774.00,2771.25,2772.50,1395,0
20190222,0500,2772.50,2779.25,2769.50,2779.25,1209,0
20190222,0530,2780.00,2780.50,2779.50,2780.25,265,0
20190222,0600,2779.00,2779.50,2778.25,2779.00,20,0
20190222,0630,2779.00,2779.00,2779.00,2779.00,0,0
20190222,0700,2779.00,2779.00,2779.00,2779.00,0,0
20190222,0830,2777.00,2778.50,2777.00,2777.50,10,0
20190222,0900,2777.50,2779.50,2777.50,2779.50,8,0
20190222,0930,2779.50,2780.25,2776.00,2777.50,73,0
20190222,1000,2777.50,2779.00,2775.25,2779.00,8,0
20190222,1030,2779.00,2779.00,2776.75,2776.75,1,0
20190222,1100,2776.75,2777.25,2776.75,2777.00,5,0
20190222,1130,2777.00,2777.50,2775.75,2777.50,15,0
20190222,1200,2777.50,2777.50,2776.50,2777.00,10,0
20190222,1230,2777.00,2777.50,2777.00,2777.50,1,0
20190222,1300,2777.50,2777.50,2776.00,2776.25,4,0
20190222,1330,2776.25,2776.25,2776.25,2776.25,1,0
20190222,1400,2776.25,2779.50,2776.25,2779.50,9,0
20190222,1430,2779.50,2779.75,2778.25,2779.50,19,0
20190222,1500,2779.50,2780.25,2779.50,2780.25,30,0
20190222,1530,2780.25,2780.25,2778.75,2778.75,3,0
20190222,1600,2778.75,2778.75,2778.75,2778.75,0,0
20190222,1630,2778.75,2782.25,2778.75,2782.25,17,0
20190222,1700,2782.25,2786.25,2782.25,2786.25,42,0
20190222,1730,2786.25,2788.50,2785.25,2785.50,60,0
20190222,1800,2785.50,2788.00,2785.50,2786.50,54,0
20190222,1830,2786.50,2787.25,2786.50,2787.25,50,0
20190222,1900,2787.25,2790.50,2787.25,2789.50,25,0
20190222,1930,2789.50,2790.25,2789.50,2789.50,5,0
20190222,2000,2789.50,2792.00,2788.50,2790.00,68,0
20190222,2030,2790.00,2790.75,2790.00,2790.75,51,0
20190222,2100,2790.75,2790.75,2789.00,2789.50,99,0
20190222,2130,2789.50,2790.25,2788.75,2788.75,98,0
20190222,2200,2788.75,2788.75,2785.25,2786.00,145,0
20190222,2230,2785.50,2787.75,2785.50,2787.50,33,0
20190222,2300,2787.50,2789.50,2783.50,2789.50,275,0
20190222,2330,2789.50,2792.00,2788.25,2789.50,1538,0
20190223,0000,2789.50,2793.75,2788.00,2792.50,710,0
20190223,0030,2792.50,2797.50,2791.25,2797.50,965,0
20190223,0100,2796.25,2798.50,2795.25,2796.75,1922,0
20190223,0130,2796.75,2799.25,2795.00,2795.75,1542,0
20190223,0200,2795.75,2796.00,2794.25,2795.25,748,0
20190223,0230,2795.25,2795.25,2792.00,2793.75,587,0
20190223,0300,2793.75,2795.00,2793.50,2793.75,565,0
20190223,0330,2793.75,2797.00,2792.75,2793.00,1372,0
20190223,0400,2793.00,2793.75,2786.25,2788.00,276,0
20190223,0430,2788.00,2795.50,2787.50,2794.75,832,0
20190223,0500,2794.75,2798.00,2792.25,2796.50,750,0
20190223,0530,2797.25,2797.25,2794.50,2796.25,416,0
20190223,0600,2796.50,2800.50,2796.50,2800.50,132,0
20190223,0630,2800.50,2800.50,2800.50,2800.50,0,0
20190225,0830,2806.00,2806.25,2804.00,2804.00,15,0
20190225,0900,2804.00,2805.75,2804.00,2805.00,36,0
20190225,0930,2805.00,2806.00,2805.00,2805.25,14,0
20190225,1000,2805.25,2807.50,2804.25,2804.25,48,0
20190225,1030,2804.50,2805.75,2804.50,2804.75,14,0
20190225,1100,2804.75,2804.75,2800.00,2801.50,48,0
20190225,1130,2801.50,2802.25,2801.50,2802.00,4,0
20190225,1200,2802.00,2802.75,2802.00,2802.75,15,0
20190225,1230,2802.75,2802.75,2802.25,2802.25,4,0
20190225,1300,2802.25,2802.75,2801.25,2802.75,8,0
20190225,1330,2802.75,2804.25,2802.75,2803.25,23,0
20190225,1400,2803.25,2803.25,2801.50,2802.00,12,0
20190225,1430,2802.00,2804.25,2802.00,2804.25,27,0
20190225,1500,2804.25,2805.00,2804.25,2805.00,23,0
20190225,1530,2805.00,2805.75,2804.25,2804.50,50,0
20190225,1600,2804.50,2806.25,2804.50,2805.50,61,0
20190225,1630,2805.50,2807.50,2804.00,2804.00,42,0
20190225,1700,2804.00,2805.25,2803.25,2805.00,51,0
20190225,1730,2805.00,2806.75,2805.00,2806.25,51,0
20190225,1800,2806.25,2807.00,2805.50,2805.50,9,0
20190225,1830,2805.50,2808.50,2805.50,2807.00,46,0
20190225,1900,2807.00,2808.75,2807.00,2808.75,58,0
20190225,1930,2808.75,2810.00,2808.50,2810.00,295,0
20190225,2000,2809.75,2810.00,2808.75,2809.25,92,0
20190225,2030,2809.25,2809.25,2807.75,2808.50,52,0
20190225,2100,2808.50,2809.25,2808.50,2809.25,53,0
20190225,2130,2809.25,2810.25,2808.75,2809.75,156,0
20190225,2200,2809.75,2812.50,2809.75,2812.50,110,0
20190225,2230,2812.50,2814.00,2812.50,2812.75,273,0
20190225,2300,2812.75,2816.00,2812.00,2812.50,4838,0
20190225,2330,2812.50,2815.75,2810.25,2810.50,2250,0
20190226,0000,2810.50,2819.00,2810.25,2818.00,967,0
20190226,0030,2818.00,2819.50,2814.00,2814.75,2570,0
20190226,0100,2814.75,2817.00,2814.00,2815.00,364,0
20190226,0130,2815.00,2815.00,2810.75,2811.50,730,0
20190226,0200,2811.50,2812.00,2807.00,2808.25,2245,0
20190226,0230,2808.25,2810.00,2808.00,2808.00,803,0
20190226,0300,2808.00,2808.75,2805.50,2807.25,1048,0
20190226,0330,2808.00,2809.50,2807.50,2808.00,619,0
20190226,0400,2808.00,2809.25,2806.75,2806.75,1639,0
20190226,0430,2806.75,2807.25,2802.00,2802.00,552,0
20190226,0500,2802.00,2806.00,2800.25,2800.75,698,0
20190226,0530,2802.25,2802.50,2800.75,2802.00,1059,0
20190226,0600,2802.00,2802.00,2799.50,2801.00,48,0
20190226,0630,2801.00,2801.00,2801.00,2801.00,0,0
20190226,0730,2798.75,2799.50,2797.75,2798.25,25,0
20190226,0800,2798.25,2799.25,2798.25,2799.25,9,0
20190226,0830,2799.25,2800.50,2798.75,2798.75,20,0
20190226,0900,2798.75,2798.75,2797.75,2797.75,7,0
20190226,0930,2797.75,2799.00,2795.25,2795.25,79,0
20190226,1000,2795.25,2795.25,2791.25,2792.75,116,0
20190226,1030,2792.75,2792.75,2790.25,2790.25,14,0
20190226,1100,2790.25,2790.75,2788.75,2790.50,53,0
20190226,1130,2790.50,2790.75,2790.50,2790.75,5,0
20190226,1200,2791.00,2793.25,2791.00,2792.50,38,0
20190226,1230,2792.50,2792.50,2789.50,2791.25,34,0
20190226,1300,2791.25,2792.00,2791.25,2791.75,3,0
20190226,1330,2792.00,2793.00,2792.00,2793.00,3,0
20190226,1400,2793.00,2793.00,2793.00,2793.00,0,0
20190226,1430,2793.00,2793.00,2793.00,2793.00,3,0
20190226,1500,2793.00,2793.25,2791.25,2793.00,142,0
20190226,1530,2793.00,2794.00,2792.25,2794.00,82,0
20190226,1600,2794.00,2795.00,2794.00,2795.00,48,0
20190226,1630,2795.00,2796.00,2795.00,2796.00,14,0
