20190114,1030,2.860,2.860,2.858,2.858,45,0
20190114,1100,2.858,2.860,2.855,2.860,205,0
20190114,1130,2.860,2.863,2.860,2.863,37,0
20190114,1200,2.863,2.863,2.860,2.863,29,0
20190114,1230,2.863,2.867,2.863,2.863,53,0
20190114,1300,2.863,2.864,2.860,2.861,155,0
20190114,1330,2.861,2.868,2.860,2.868,59,0
20190114,1400,2.868,2.868,2.859,2.859,64,0
20190114,1430,2.859,2.861,2.859,2.861,17,0
20190114,1500,2.861,2.863,2.859,2.863,69,0
20190114,1530,2.863,2.863,2.859,2.859,19,0
20190114,1600,2.859,2.862,2.859,2.860,116,0
20190114,1630,2.867,2.867,2.859,2.859,20,0
20190114,1700,2.859,2.861,2.857,2.860,50,0
20190114,1730,2.860,2.864,2.860,2.861,15,0
20190114,1800,2.861,2.864,2.857,2.864,52,0
20190114,1830,2.864,2.864,2.857,2.857,16,0
20190114,1900,2.857,2.859,2.857,2.859,19,0
20190114,1930,2.859,2.865,2.859,2.862,185,0
20190114,2000,2.862,2.865,2.862,2.865,177,0
20190114,2030,2.865,2.883,2.865,2.883,453,0
20190114,2100,2.883,2.885,2.867,2.870,1209,0
20190114,2130,2.870,2.875,2.865,2.866,1337,0
20190114,2200,2.866,2.886,2.865,2.885,3793,0
20190114,2230,2.885,2.888,2.877,2.887,6741,0
20190114,2300,2.887,2.907,2.886,2.905,7014,0
20190114,2330,2.904,2.917,2.902,2.911,7113,0
20190115,0000,2.911,2.917,2.900,2.905,7085,0
20190115,0030,2.905,2.910,2.893,2.899,6880,0
20190115,0100,2.899,2.913,2.894,2.909,4552,0
20190115,0130,2.909,2.909,2.893,2.893,4769,0
20190115,0200,2.893,2.899,2.888,2.899,5162,0
20190115,0230,2.899,2.903,2.890,2.899,2698,0
20190115,0300,2.899,2.922,2.894,2.913,8051,0
20190115,0330,2.913,2.915,2.894,2.902,15072,0
20190115,0400,2.903,2.909,2.891,2.905,4253,0
20190115,0430,2.905,2.905,2.885,2.889,2347,0
20190115,0500,2.889,2.897,2.887,2.897,1040,0
20190115,0530,2.897,2.902,2.896,2.896,744,0
20190115,0600,2.896,2.897,2.886,2.889,624,0
20190115,0630,2.889,2.889,2.889,2.889,0,0
20190115,0730,2.910,2.915,2.910,2.910,279,0
20190115,0800,2.910,2.915,2.910,2.915,43,0
20190115,0830,2.915,2.922,2.914,2.914,182,0
20190115,0900,2.914,2.922,2.914,2.922,62,0
20190115,0930,2.922,2.922,2.910,2.910,95,0
20190115,1000,2.910,2.911,2.908,2.908,29,0
20190115,1030,2.908,2.911,2.905,2.905,157,0
20190115,1100,2.905,2.911,2.905,2.911,23,0
20190115,1130,2.911,2.911,2.907,2.907,125,0
20190115,1200,2.907,2.910,2.907,2.910,24,0
20190115,1230,2.910,2.917,2.909,2.910,204,0
20190115,1300,2.910,2.918,2.906,2.916,127,0
20190115,1330,2.916,2.930,2.915,2.927,150,0
20190115,1400,2.927,2.929,2.922,2.927,32,0
20190115,1430,2.927,2.929,2.920,2.923,15,0
20190115,1500,2.923,2.927,2.923,2.927,6,0
20190115,1530,2.927,2.927,2.915,2.917,48,0
20190115,1600,2.917,2.932,2.892,2.905,643,0
20190115,1630,2.905,2.926,2.895,2.895,135,0
20190115,1700,2.895,2.897,2.883,2.887,327,0
20190115,1730,2.887,2.890,2.879,2.884,157,0
20190115,1800,2.884,2.892,2.882,2.892,87,0
20190115,1830,2.892,2.901,2.892,2.893,109,0
20190115,1900,2.893,2.893,2.891,2.893,117,0
20190115,1930,2.893,2.893,2.878,2.884,294,0
20190115,2000,2.884,2.884,2.860,2.867,778,0
20190115,2030,2.871,2.880,2.857,2.878,1317,0
20190115,2100,2.878,2.878,2.862,2.863,1088,0
20190115,2130,2.863,2.887,2.855,2.883,2460,0
20190115,2200,2.883,2.899,2.872,2.898,2562,0
20190115,2230,2.896,2.896,2.867,2.879,4873,0
20190115,2300,2.879,2.900,2.877,2.880,4388,0
20190115,2330,2.880,2.891,2.872,2.876,2881,0
20190116,0000,2.876,2.880,2.850,2.850,4199,0
20190116,0030,2.849,2.860,2.835,2.840,5855,0
20190116,0100,2.840,2.863,2.833,2.855,4566,0
20190116,0130,2.855,2.864,2.849,2.856,3597,0
20190116,0200,2.856,2.870,2.853,2.868,2504,0
20190116,0230,2.868,2.869,2.845,2.849,3456,0
20190116,0300,2.849,2.854,2.841,2.848,1834,0
20190116,0330,2.848,2.856,2.842,2.850,12005,0
20190116,0400,2.850,2.857,2.837,2.839,2946,0
20190116,0430,2.839,2.848,2.838,2.840,662,0
20190116,0500,2.840,2.842,2.834,2.837,566,0
20190116,0530,2.837,2.837,2.824,2.828,616,0
20190116,0600,2.828,2.836,2.827,2.829,247,0
20190116,0630,2.829,2.829,2.829,2.829,0,0
20190116,0730,2.841,2.849,2.820,2.824,174,0
20190116,0800,2.824,2.824,2.820,2.823,21,0
20190116,0830,2.823,2.841,2.823,2.833,82,0
20190116,0900,2.833,2.835,2.829,2.829,28,0
20190116,0930,2.829,2.841,2.829,2.841,20,0
20190116,1000,2.841,2.841,2.838,2.840,8,0
20190116,1030,2.840,2.840,2.836,2.836,18,0
20190116,1100,2.836,2.836,2.821,2.822,106,0
20190116,1130,2.822,2.828,2.822,2.825,17,0
20190116,1200,2.825,2.825,2.821,2.821,37,0
20190116,1230,2.821,2.821,2.821,2.821,9,0
20190116,1300,2.821,2.829,2.808,2.810,171,0
20190116,1330,2.810,2.821,2.794,2.794,239,0
20190116,1400,2.794,2.813,2.794,2.809,231,0
20190116,1430,2.809,2.809,2.805,2.806,45,0
20190116,1500,2.806,2.808,2.806,2.808,28,0
20190116,1530,2.808,2.812,2.804,2.811,92,0
20190116,1600,2.811,2.835,2.811,2.821,371,0
20190116,1630,2.821,2.840,2.821,2.840,170,0
20190116,1700,2.840,2.840,2.837,2.839,12,0
20190116,1730,2.839,2.839,2.821,2.830,160,0
20190116,1800,2.830,2.861,2.827,2.859,442,0
20190116,1830,2.859,2.866,2.855,2.860,731,0
20190116,1900,2.860,2.860,2.847,2.850,324,0
20190116,1930,2.850,2.850,2.843,2.844,265,0
20190116,2000,2.844,2.854,2.836,2.847,285,0
20190116,2030,2.847,2.855,2.844,2.848,376,0
20190116,2100,2.848,2.861,2.846,2.858,678,0
20190116,2130,2.858,2.871,2.850,2.868,1220,0
20190116,2200,2.868,2.893,2.868,2.890,4681,0
20190116,2230,2.893,2.905,2.882,2.885,7688,0
20190116,2300,2.885,2.893,2.882,2.887,3709,0
20190116,2330,2.887,2.893,2.874,2.892,2403,0
20190117,0000,2.892,2.898,2.891,2.897,2023,0
20190117,0030,2.897,2.901,2.884,2.885,3025,0
20190117,0100,2.885,2.891,2.871,2.874,5641,0
20190117,0130,2.873,2.876,2.837,2.848,8956,0
20190117,0200,2.848,2.867,2.842,2.862,2899,0
20190117,0230,2.862,2.864,2.838,2.852,2608,0
20190117,0300,2.852,2.852,2.817,2.830,4595,0
20190117,0330,2.830,2.846,2.822,2.833,11666,0
20190117,0400,2.832,2.833,2.817,2.830,5217,0
20190117,0430,2.830,2.839,2.830,2.838,1351,0
20190117,0500,2.838,2.845,2.836,2.844,573,0
20190117,0530,2.844,2.845,2.835,2.845,383,0
20190117,0600,2.845,2.851,2.843,2.849,196,0
20190117,0630,2.849,2.849,2.849,2.849,2,0
20190117,0730,2.864,2.864,2.840,2.853,102,0
20190117,0800,2.853,2.857,2.852,2.855,88,0
20190117,0830,2.855,2.856,2.855,2.856,1,0
20190117,0900,2.856,2.856,2.850,2.850,3,0
20190117,0930,2.850,2.857,2.850,2.857,40,0
20190117,1000,2.857,2.857,2.849,2.849,5,0
20190117,1030,2.849,2.852,2.849,2.852,1,0
20190117,1100,2.852,2.852,2.852,2.852,7,0
20190117,1130,2.852,2.852,2.850,2.850,29,0
20190117,1200,2.850,2.850,2.850,2.850,6,0
20190117,1230,2.850,2.865,2.850,2.864,70,0
20190117,1300,2.864,2.867,2.853,2.860,283,0
20190117,1330,2.859,2.860,2.842,2.858,202,0
20190117,1400,2.858,2.858,2.858,2.858,3,0
20190117,1430,2.858,2.858,2.845,2.845,5,0
20190117,1500,2.845,2.856,2.845,2.849,59,0
20190117,1530,2.849,2.852,2.849,2.852,16,0
20190117,1600,2.852,2.865,2.845,2.865,308,0
20190117,1630,2.865,2.875,2.860,2.875,179,0
20190117,1700,2.875,2.875,2.870,2.875,89,0
20190117,1730,2.875,2.875,2.873,2.873,55,0
20190117,1800,2.873,2.880,2.869,2.874,188,0
20190117,1830,2.874,2.878,2.865,2.866,111,0
20190117,1900,2.866,2.877,2.865,2.873,104,0
20190117,1930,2.873,2.882,2.873,2.881,283,0
20190117,2000,2.881,2.883,2.871,2.875,613,0
20190117,2030,2.875,2.882,2.872,2.875,682,0
20190117,2100,2.875,2.900,2.875,2.897,1109,0
20190117,2130,2.899,2.903,2.882,2.889,1273,0
20190117,2200,2.889,2.898,2.875,2.879,1917,0
20190117,2230,2.880,2.883,2.868,2.880,3227,0
20190117,2300,2.879,2.883,2.870,2.876,1476,0
20190117,2330,2.876,2.884,2.865,2.877,2720,0
20190118,0000,2.884,2.884,2.855,2.856,3805,0
20190118,0030,2.856,2.867,2.839,2.845,5345,0
20190118,0100,2.845,2.855,2.838,2.845,3563,0
20190118,0130,2.847,2.865,2.842,2.859,3902,0
20190118,0200,2.859,2.875,2.857,2.869,1780,0
20190118,0230,2.869,2.873,2.858,2.864,2029,0
20190118,0300,2.864,2.869,2.846,2.850,3688,0
20190118,0330,2.850,2.854,2.834,2.854,5061,0
20190118,0400,2.854,2.854,2.836,2.848,8591,0
20190118,0430,2.848,2.851,2.844,2.844,620,0
20190118,0500,2.844,2.846,2.837,2.844,389,0
20190118,0530,2.844,2.845,2.838,2.840,313,0
20190118,0600,2.840,2.841,2.837,2.840,237,0
20190118,0630,2.840,2.840,2.840,2.840,0,0
20190118,0730,2.849,2.849,2.846,2.848,22,0
20190118,0800,2.848,2.851,2.842,2.842,73,0
20190118,0830,2.842,2.847,2.842,2.844,11,0
20190118,0900,2.844,2.845,2.819,2.836,167,0
20190118,0930,2.836,2.842,2.836,2.838,31,0
20190118,1000,2.838,2.848,2.838,2.848,55,0
20190118,1030,2.848,2.848,2.842,2.842,18,0
20190118,1100,2.842,2.842,2.831,2.837,69,0
20190118,1130,2.837,2.846,2.837,2.846,20,0
20190118,1200,2.846,2.855,2.846,2.855,40,0
20190118,1230,2.855,2.855,2.848,2.848,2,0
20190118,1300,2.848,2.848,2.829,2.829,46,0
20190118,1330,2.831,2.839,2.814,2.824,205,0
20190118,1400,2.824,2.834,2.822,2.822,145,0
20190118,1430,2.822,2.830,2.822,2.830,3,0
20190118,1500,2.830,2.837,2.829,2.837,39,0
20190118,1530,2.837,2.840,2.829,2.832,184,0
20190118,1600,2.832,2.845,2.814,2.820,298,0
20190118,1630,2.820,2.828,2.815,2.815,112,0
20190118,1700,2.815,2.828,2.815,2.828,18,0
20190118,1730,2.828,2.831,2.825,2.827,38,0
20190118,1800,2.827,2.830,2.826,2.830,10,0
20190118,1830,2.830,2.830,2.821,2.827,119,0
20190118,1900,2.827,2.828,2.821,2.825,115,0
20190118,1930,2.825,2.826,2.814,2.826,540,0
20190118,2000,2.826,2.830,2.821,2.824,196,0
20190118,2030,2.824,2.834,2.824,2.834,938,0
20190118,2100,2.834,2.834,2.823,2.828,1489,0
20190118,2130,2.827,2.829,2.817,2.822,1900,0
20190118,2200,2.822,2.829,2.816,2.826,1617,0
20190118,2230,2.826,2.826,2.812,2.819,3195,0
20190118,2300,2.822,2.828,2.820,2.823,1791,0
20190118,2330,2.824,2.835,2.821,2.821,2343,0
20190119,0000,2.822,2.824,2.806,2.814,3448,0
20190119,0030,2.813,2.823,2.806,2.823,1523,0
20190119,0100,2.823,2.833,2.819,2.833,3226,0
20190119,0130,2.833,2.846,2.832,2.837,2496,0
20190119,0200,2.838,2.855,2.836,2.854,1211,0
20190119,0230,2.853,2.860,2.846,2.860,2090,0
20190119,0300,2.860,2.874,2.856,2.865,3945,0
20190119,0330,2.868,2.887,2.865,2.883,7502,0
20190119,0400,2.884,2.884,2.865,2.868,2798,0
20190119,0430,2.868,2.877,2.867,2.868,1502,0
20190119,0500,2.868,2.872,2.853,2.866,1181,0
20190119,0530,2.867,2.877,2.867,2.873,351,0
20190119,0600,2.873,2.875,2.869,2.872,93,0
20190119,0630,2.872,2.872,2.872,2.872,0,0
20190121,0730,2.845,2.862,2.845,2.856,1035,0
20190121,0800,2.856,2.864,2.856,2.857,146,0
20190121,0830,2.857,2.862,2.855,2.856,48,0
20190121,0900,2.856,2.857,2.853,2.855,29,0
20190121,0930,2.855,2.856,2.830,2.852,382,0
20190121,1000,2.852,2.858,2.850,2.855,113,0
20190121,1030,2.855,2.859,2.852,2.852,97,0
20190121,1100,2.852,2.858,2.852,2.858,28,0
20190121,1130,2.858,2.860,2.858,2.860,40,0
20190121,1200,2.860,2.863,2.860,2.860,50,0
20190121,1230,2.860,2.866,2.860,2.866,140,0
20190121,1300,2.866,2.866,2.863,2.863,29,0
20190121,1330,2.863,2.864,2.850,2.857,75,0
20190121,1400,2.857,2.866,2.857,2.866,137,0
20190121,1430,2.866,2.866,2.866,2.866,5,0
20190121,1500,2.866,2.866,2.854,2.855,20,0
20190121,1530,2.855,2.864,2.855,2.864,22,0
20190121,1600,2.865,2.866,2.849,2.858,269,0
20190121,1630,2.858,2.858,2.856,2.856,4,0
20190121,1700,2.856,2.856,2.854,2.854,8,0
20190121,1730,2.854,2.854,2.854,2.854,9,0
20190121,1800,2.854,2.854,2.854,2.854,6,0
20190121,1830,2.854,2.854,2.845,2.848,21,0
20190121,1900,2.848,2.848,2.848,2.848,1,0
20190121,1930,2.848,2.850,2.841,2.843,50,0
20190121,2000,2.843,2.845,2.836,2.840,95,0
20190121,2030,2.840,2.858,2.837,2.855,129,0
20190121,2100,2.855,2.856,2.850,2.854,102,0
20190121,2130,2.854,2.859,2.844,2.852,260,0
20190121,2200,2.852,2.858,2.852,2.852,92,0
20190121,2230,2.852,2.862,2.852,2.861,826,0
20190121,2300,2.861,2.871,2.861,2.871,634,0
20190121,2330,2.871,2.872,2.866,2.867,117,0
20190122,0000,2.867,2.873,2.865,2.866,219,0
20190122,0030,2.866,2.869,2.860,2.860,548,0
20190122,0100,2.859,2.865,2.857,2.857,338,0
20190122,0130,2.857,2.860,2.845,2.845,594,0
20190122,0200,2.845,2.848,2.829,2.832,1001,0
20190122,0230,2.832,2.832,2.832,2.832,0,0
20190122,0300,2.832,2.832,2.832,2.832,0,0
20190122,0330,2.832,2.832,2.832,2.832,0,0
20190122,0400,2.832,2.832,2.832,2.832,0,0
20190122,0430,2.832,2.832,2.832,2.832,0,0
20190122,0500,2.832,2.832,2.832,2.832,0,0
20190122,0530,2.832,2.832,2.832,2.832,0,0
20190122,0600,2.832,2.832,2.832,2.832,0,0
20190122,0630,2.832,2.832,2.832,2.832,0,0
20190122,0730,2.848,2.850,2.835,2.847,185,0
20190122,0800,2.847,2.848,2.845,2.848,15,0
20190122,0830,2.848,2.848,2.843,2.843,4,0
20190122,0900,2.843,2.843,2.843,2.843,0,0
20190122,0930,2.843,2.846,2.843,2.846,73,0
20190122,1000,2.846,2.846,2.846,2.846,2,0
20190122,1030,2.846,2.852,2.846,2.852,14,0
20190122,1100,2.852,2.859,2.850,2.850,36,0
20190122,1130,2.850,2.850,2.850,2.850,20,0
20190122,1200,2.850,2.850,2.850,2.850,0,0
20190122,1230,2.850,2.850,2.850,2.850,0,0
20190122,1300,2.850,2.862,2.850,2.862,59,0
20190122,1330,2.862,2.862,2.851,2.851,4,0
20190122,1400,2.851,2.851,2.849,2.851,17,0
20190122,1430,2.851,2.858,2.846,2.846,38,0
20190122,1500,2.846,2.850,2.846,2.847,27,0
20190122,1530,2.847,2.858,2.846,2.850,56,0
20190122,1600,2.850,2.850,2.833,2.834,55,0
20190122,1630,2.834,2.834,2.829,2.829,31,0
20190122,1700,2.829,2.829,2.829,2.829,2,0
20190122,1730,2.829,2.846,2.829,2.846,82,0
20190122,1800,2.846,2.846,2.844,2.846,95,0
20190122,1830,2.846,2.848,2.836,2.836,59,0
20190122,1900,2.836,2.839,2.835,2.835,53,0
20190122,1930,2.835,2.845,2.835,2.845,46,0
20190122,2000,2.845,2.845,2.835,2.835,32,0
20190122,2030,2.835,2.846,2.835,2.845,387,0
20190122,2100,2.845,2.849,2.843,2.845,933,0
20190122,2130,2.843,2.849,2.819,2.823,2186,0
20190122,2200,2.821,2.833,2.818,2.827,3031,0
20190122,2230,2.826,2.838,2.824,2.837,2787,0
20190122,2300,2.836,2.842,2.832,2.833,4432,0
20190122,2330,2.835,2.837,2.830,2.832,3136,0
20190123,0000,2.832,2.846,2.832,2.845,3786,0
20190123,0030,2.846,2.856,2.845,2.853,2883,0
20190123,0100,2.854,2.859,2.842,2.842,2830,0
20190123,0130,2.842,2.849,2.839,2.843,4079,0
20190123,0200,2.844,2.844,2.826,2.826,2769,0
20190123,0230,2.826,2.832,2.822,2.828,2490,0
20190123,0300,2.828,2.832,2.817,2.827,4559,0
20190123,0330,2.827,2.830,2.814,2.822,10230,0
20190123,0400,2.823,2.828,2.812,2.812,3490,0
20190123,0430,2.812,2.827,2.812,2.827,1459,0
20190123,0500,2.824,2.830,2.823,2.827,802,0
20190123,0530,2.827,2.833,2.826,2.832,357,0
20190123,0600,2.832,2.835,2.830,2.832,386,0
20190123,0630,2.832,2.832,2.832,2.832,0,0
20190123,0730,2.817,2.843,2.817,2.835,125,0
20190123,0800,2.835,2.837,2.829,2.837,28,0
20190123,0830,2.837,2.841,2.837,2.837,23,0
20190123,0900,2.837,2.847,2.837,2.842,32,0
20190123,0930,2.842,2.847,2.839,2.843,131,0
20190123,1000,2.843,2.846,2.842,2.845,63,0
20190123,1030,2.845,2.846,2.844,2.846,4,0
20190123,1100,2.846,2.846,2.846,2.846,1,0
20190123,1130,2.846,2.846,2.840,2.846,6,0
20190123,1200,2.846,2.846,2.844,2.844,4,0
20190123,1230,2.844,2.844,2.843,2.843,6,0
20190123,1300,2.843,2.849,2.843,2.849,155,0
20190123,1330,2.849,2.850,2.847,2.850,476,0
20190123,1400,2.850,2.850,2.845,2.845,104,0
20190123,1430,2.845,2.848,2.845,2.848,1,0
20190123,1500,2.848,2.848,2.844,2.848,5,0
20190123,1530,2.848,2.858,2.848,2.858,89,0
20190123,1600,2.858,2.861,2.848,2.860,579,0
20190123,1630,2.860,2.862,2.854,2.861,360,0
20190123,1700,2.861,2.865,2.856,2.864,128,0
20190123,1730,2.864,2.865,2.863,2.863,27,0
20190123,1800,2.863,2.863,2.860,2.860,28,0
20190123,1830,2.860,2.867,2.855,2.867,82,0
20190123,1900,2.867,2.867,2.858,2.859,185,0
20190123,1930,2.859,2.863,2.858,2.858,76,0
20190123,2000,2.858,2.858,2.850,2.852,148,0
20190123,2030,2.852,2.859,2.850,2.859,638,0
20190123,2100,2.859,2.862,2.855,2.857,510,0
20190123,2130,2.859,2.874,2.858,2.873,1856,0
20190123,2200,2.873,2.878,2.859,2.863,1929,0
20190123,2230,2.864,2.864,2.853,2.856,2569,0
20190123,2300,2.856,2.862,2.845,2.858,2823,0
20190123,2330,2.858,2.863,2.853,2.862,1705,0
20190124,0000,2.862,2.865,2.849,2.850,2039,0
20190124,0030,2.850,2.859,2.844,2.847,3251,0
20190124,0100,2.846,2.852,2.844,2.847,2604,0
20190124,0130,2.848,2.851,2.812,2.813,7589,0
20190124,0200,2.815,2.822,2.812,2.818,2805,0
20190124,0230,2.818,2.818,2.771,2.775,7918,0
20190124,0300,2.777,2.795,2.777,2.787,4035,0
20190124,0330,2.787,2.794,2.782,2.789,7543,0
20190124,0400,2.789,2.807,2.783,2.806,3855,0
20190124,0430,2.806,2.806,2.792,2.793,1854,0
20190124,0500,2.793,2.802,2.793,2.799,988,0
20190124,0530,2.799,2.800,2.798,2.799,435,0
20190124,0600,2.799,2.805,2.799,2.805,408,0
20190124,0630,2.805,2.805,2.805,2.805,0,0
20190124,0730,2.804,2.804,2.795,2.797,22,0
20190124,0800,2.797,2.807,2.797,2.805,17,0
20190124,0830,2.805,2.810,2.805,2.810,8,0
20190124,0900,2.810,2.814,2.810,2.814,40,0
20190124,0930,2.814,2.815,2.809,2.812,32,0
20190124,1000,2.812,2.813,2.812,2.813,3,0
20190124,1030,2.813,2.813,2.810,2.811,13,0
20190124,1100,2.811,2.813,2.809,2.809,12,0
20190124,1130,2.809,2.813,2.799,2.799,14,0
20190124,1200,2.799,2.805,2.799,2.805,2,0
20190124,1230,2.805,2.805,2.802,2.803,3,0
20190124,1300,2.803,2.803,2.789,2.793,28,0
20190124,1330,2.793,2.802,2.793,2.802,3,0
20190124,1400,2.802,2.810,2.801,2.810,40,0
20190124,1430,2.810,2.810,2.792,2.797,17,0
20190124,1500,2.797,2.797,2.794,2.794,6,0
20190124,1530,2.794,2.801,2.794,2.801,16,0
20190124,1600,2.802,2.816,2.801,2.810,107,0
20190124,1630,2.810,2.824,2.810,2.818,170,0
20190124,1700,2.818,2.818,2.817,2.818,15,0
20190124,1730,2.818,2.818,2.807,2.807,10,0
20190124,1800,2.807,2.818,2.807,2.818,79,0
20190124,1830,2.818,2.818,2.812,2.815,15,0
20190124,1900,2.815,2.816,2.815,2.816,13,0
20190124,1930,2.816,2.826,2.816,2.824,109,0
20190124,2000,2.824,2.837,2.821,2.836,275,0
20190124,2030,2.836,2.844,2.836,2.841,572,0
20190124,2100,2.844,2.844,2.835,2.837,469,0
20190124,2130,2.837,2.845,2.825,2.828,1091,0
20190124,2200,2.828,2.846,2.828,2.840,1610,0
20190124,2230,2.844,2.844,2.826,2.834,2907,0
20190124,2300,2.834,2.839,2.828,2.839,1998,0
20190124,2330,2.837,2.841,2.834,2.839,835,0
20190125,0000,2.841,2.845,2.817,2.820,3696,0
20190125,0030,2.819,2.857,2.817,2.845,4805,0
20190125,0100,2.844,2.845,2.828,2.838,5167,0
20190125,0130,2.836,2.841,2.830,2.834,3947,0
20190125,0200,2.834,2.843,2.834,2.841,1278,0
20190125,0230,2.841,2.843,2.832,2.837,1269,0
20190125,0300,2.835,2.839,2.826,2.830,3788,0
20190125,0330,2.830,2.846,2.826,2.841,8972,0
20190125,0400,2.839,2.851,2.829,2.840,4403,0
20190125,0430,2.840,2.848,2.840,2.846,960,0
20190125,0500,2.847,2.851,2.845,2.847,752,0
20190125,0530,2.847,2.849,2.845,2.846,211,0
20190125,0600,2.846,2.848,2.841,2.845,353,0
20190125,0630,2.845,2.845,2.845,2.845,0,0
20190125,0730,2.850,2.860,2.850,2.851,65,0
20190125,0800,2.851,2.852,2.850,2.850,12,0
20190125,0830,2.850,2.862,2.849,2.857,79,0
20190125,0900,2.857,2.861,2.850,2.861,61,0
20190125,0930,2.861,2.862,2.854,2.855,84,0
20190125,1000,2.855,2.862,2.855,2.861,72,0
20190125,1030,2.861,2.863,2.857,2.857,29,0
20190125,1100,2.857,2.860,2.857,2.857,26,0
20190125,1130,2.857,2.864,2.857,2.861,18,0
20190125,1200,2.861,2.861,2.860,2.861,12,0
20190125,1230,2.861,2.861,2.861,2.861,0,0
20190125,1300,2.861,2.866,2.860,2.860,12,0
20190125,1330,2.860,2.872,2.860,2.860,50,0
20190125,1400,2.860,2.870,2.860,2.866,12,0
20190125,1430,2.866,2.866,2.862,2.865,9,0
20190125,1500,2.865,2.865,2.860,2.862,8,0
20190125,1530,2.862,2.864,2.848,2.850,62,0
20190125,1600,2.850,2.857,2.844,2.852,248,0
20190125,1630,2.852,2.856,2.847,2.852,86,0
20190125,1700,2.852,2.853,2.849,2.850,26,0
20190125,1730,2.850,2.854,2.850,2.850,229,0
20190125,1800,2.850,2.854,2.846,2.853,36,0
20190125,1830,2.853,2.853,2.847,2.849,26,0
20190125,1900,2.849,2.849,2.838,2.843,106,0
20190125,1930,2.843,2.848,2.841,2.843,89,0
20190125,2000,2.843,2.845,2.836,2.839,192,0
20190125,2030,2.839,2.844,2.839,2.841,187,0
20190125,2100,2.841,2.842,2.835,2.838,329,0
20190125,2130,2.838,2.842,2.827,2.834,977,0
20190125,2200,2.834,2.835,2.808,2.818,2710,0
20190125,2230,2.818,2.825,2.817,2.821,1129,0
20190125,2300,2.820,2.844,2.820,2.837,2343,0
20190125,2330,2.837,2.843,2.832,2.841,2088,0
20190126,0000,2.841,2.859,2.835,2.858,3751,0
20190126,0030,2.858,2.860,2.849,2.852,4100,0
20190126,0100,2.852,2.874,2.852,2.874,4458,0
20190126,0130,2.873,2.883,2.865,2.872,5465,0
20190126,0200,2.872,2.889,2.872,2.883,3412,0
20190126,0230,2.883,2.883,2.870,2.872,3885,0
20190126,0300,2.872,2.876,2.864,2.875,3052,0
20190126,0330,2.875,2.885,2.873,2.884,7730,0
20190126,0400,2.884,2.887,2.879,2.882,3770,0
20190126,0430,2.882,2.883,2.871,2.873,961,0
20190126,0500,2.873,2.874,2.871,2.871,309,0
20190126,0530,2.871,2.872,2.867,2.870,446,0
20190126,0600,2.870,2.871,2.864,2.868,235,0
20190126,0630,2.868,2.868,2.868,2.868,0,0
20190128,0730,2.777,2.789,2.767,2.786,2585,0
20190128,0800,2.787,2.790,2.782,2.785,451,0
20190128,0830,2.785,2.800,2.784,2.794,443,0
20190128,0900,2.794,2.798,2.794,2.798,148,0
20190128,0930,2.798,2.801,2.796,2.798,388,0
20190128,1000,2.798,2.803,2.798,2.803,110,0
20190128,1030,2.803,2.803,2.799,2.801,150,0
20190128,1100,2.801,2.804,2.800,2.803,206,0
20190128,1130,2.803,2.807,2.803,2.805,51,0
20190128,1200,2.805,2.808,2.805,2.805,50,0
20190128,1230,2.805,2.808,2.804,2.806,33,0
20190128,1300,2.806,2.808,2.804,2.805,15,0
20190128,1330,2.805,2.807,2.804,2.807,10,0
20190128,1400,2.807,2.810,2.806,2.807,38,0
20190128,1430,2.807,2.808,2.804,2.804,13,0
20190128,1500,2.804,2.805,2.804,2.805,6,0
20190128,1530,2.805,2.806,2.805,2.806,10,0
20190128,1600,2.806,2.806,2.795,2.795,93,0
20190128,1800,2.809,2.809,2.807,2.807,769,0
20190128,1830,2.807,2.809,2.802,2.806,66,0
20190128,1900,2.806,2.806,2.801,2.805,16,0
20190128,1930,2.805,2.809,2.804,2.806,83,0
20190128,2000,2.806,2.807,2.800,2.801,178,0
20190128,2030,2.801,2.820,2.801,2.820,1318,0
20190128,2100,2.820,2.833,2.813,2.816,1626,0
20190128,2130,2.814,2.818,2.796,2.816,2238,0
20190128,2200,2.816,2.817,2.799,2.800,3350,0
20190128,2230,2.800,2.823,2.800,2.823,4586,0
20190128,2300,2.823,2.830,2.821,2.823,4056,0
20190128,2330,2.823,2.827,2.819,2.821,3567,0
20190129,0000,2.821,2.833,2.821,2.828,3215,0
20190129,0030,2.828,2.828,2.818,2.827,2004,0
20190129,0100,2.827,2.830,2.823,2.827,2203,0
20190129,0130,2.827,2.840,2.821,2.824,3067,0
20190129,0200,2.824,2.828,2.819,2.821,2868,0
20190129,0230,2.821,2.826,2.819,2.823,2488,0
20190129,0300,2.823,2.823,2.809,2.814,2627,0
20190129,0330,2.814,2.818,2.796,2.801,9138,0
20190129,0400,2.801,2.819,2.800,2.818,3437,0
20190129,0430,2.818,2.818,2.804,2.807,1052,0
20190129,0500,2.807,2.814,2.803,2.813,723,0
20190129,0530,2.814,2.817,2.810,2.816,377,0
20190129,0600,2.816,2.822,2.815,2.822,327,0
20190129,0630,2.822,2.822,2.822,2.822,0,0
20190129,0730,2.819,2.826,2.818,2.826,29,0
20190129,0800,2.826,2.831,2.826,2.830,23,0
20190129,0830,2.830,2.838,2.829,2.835,38,0
20190129,0900,2.835,2.835,2.827,2.827,34,0
20190129,0930,2.827,2.827,2.822,2.827,19,0
20190129,1000,2.827,2.827,2.810,2.813,64,0
20190129,1030,2.813,2.830,2.813,2.829,31,0
20190129,1100,2.829,2.833,2.825,2.833,16,0
20190129,1130,2.833,2.833,2.832,2.832,17,0
20190129,1200,2.832,2.832,2.826,2.826,16,0
20190129,1230,2.826,2.826,2.826,2.826,3,0
20190129,1300,2.826,2.826,2.820,2.821,26,0
20190129,1330,2.821,2.829,2.819,2.829,35,0
20190129,1400,2.829,2.830,2.829,2.830,27,0
20190129,1430,2.830,2.830,2.830,2.830,15,0
20190129,1500,2.830,2.830,2.830,2.830,3,0
20190129,1530,2.830,2.830,2.813,2.813,31,0
20190129,1600,2.813,2.827,2.813,2.818,151,0
20190129,1630,2.818,2.822,2.818,2.822,24,0
20190129,1700,2.822,2.822,2.819,2.819,19,0
20190129,1730,2.819,2.825,2.819,2.825,14,0
20190129,1800,2.825,2.831,2.825,2.831,71,0
20190129,1830,2.831,2.831,2.828,2.828,65,0
20190129,1900,2.828,2.831,2.827,2.831,31,0
20190129,1930,2.831,2.831,2.826,2.827,141,0
20190129,2000,2.827,2.827,2.817,2.820,163,0
20190129,2030,2.820,2.828,2.817,2.823,171,0
20190129,2100,2.823,2.828,2.817,2.828,318,0
20190129,2130,2.828,2.835,2.817,2.819,1214,0
20190129,2200,2.818,2.819,2.768,2.773,8811,0
20190129,2230,2.774,2.789,2.773,2.787,5654,0
20190129,2300,2.787,2.798,2.780,2.784,5641,0
20190129,2330,2.785,2.794,2.775,2.793,4119,0
20190130,0000,2.793,2.798,2.791,2.794,2087,0
20190130,0030,2.794,2.816,2.791,2.812,5931,0
20190130,0100,2.812,2.812,2.793,2.799,3823,0
20190130,0130,2.799,2.814,2.799,2.814,4096,0
20190130,0200,2.814,2.828,2.813,2.814,3410,0
20190130,0230,2.814,2.834,2.813,2.823,3784,0
20190130,0300,2.824,2.846,2.821,2.846,7118,0
20190130,0330,2.846,2.853,2.813,2.848,15947,0
20190130,0400,2.848,2.850,2.842,2.843,3304,0
20190130,0430,2.843,2.844,2.840,2.841,977,0
20190130,0500,2.841,2.842,2.835,2.835,1191,0
20190130,0530,2.835,2.844,2.835,2.840,697,0
20190130,0600,2.840,2.846,2.840,2.843,439,0
20190130,0630,2.843,2.843,2.843,2.843,4,0
20190130,0730,2.842,2.844,2.842,2.844,8,0
20190130,0800,2.844,2.847,2.843,2.847,40,0
20190130,0830,2.847,2.847,2.844,2.844,13,0
20190130,0900,2.844,2.844,2.842,2.842,29,0
20190130,0930,2.842,2.843,2.836,2.839,19,0
20190130,1000,2.839,2.839,2.838,2.838,30,0
20190130,1030,2.838,2.838,2.838,2.838,0,0
20190130,1100,2.838,2.839,2.838,2.839,19,0
20190130,1130,2.839,2.839,2.839,2.839,0,0
20190130,1200,2.839,2.846,2.839,2.846,108,0
20190130,1230,2.846,2.848,2.843,2.845,79,0
20190130,1300,2.845,2.845,2.845,2.845,10,0
20190130,1330,2.845,2.845,2.826,2.827,196,0
20190130,1400,2.827,2.832,2.823,2.825,50,0
20190130,1430,2.825,2.830,2.824,2.825,26,0
20190130,1500,2.825,2.825,2.825,2.825,6,0
20190130,1530,2.825,2.825,2.825,2.825,14,0
20190130,1600,2.825,2.828,2.808,2.818,634,0
20190130,1630,2.818,2.819,2.804,2.819,311,0
20190130,1700,2.819,2.823,2.817,2.822,72,0
20190130,1730,2.822,2.823,2.816,2.821,57,0
20190130,1800,2.821,2.821,2.813,2.813,80,0
20190130,1830,2.813,2.819,2.813,2.818,54,0
20190130,1900,2.818,2.821,2.813,2.817,20,0
20190130,1930,2.817,2.825,2.812,2.822,137,0
20190130,2000,2.822,2.823,2.817,2.818,179,0
20190130,2030,2.818,2.838,2.816,2.826,761,0
20190130,2100,2.826,2.826,2.816,2.818,694,0
20190130,2130,2.818,2.830,2.806,2.823,1398,0
20190130,2200,2.823,2.836,2.811,2.811,2539,0
20190130,2230,2.811,2.826,2.810,2.822,3367,0
20190130,2300,2.822,2.828,2.810,2.814,2754,0
20190130,2330,2.814,2.819,2.809,2.813,1412,0
20190131,0000,2.813,2.821,2.807,2.815,1925,0
20190131,0030,2.815,2.824,2.812,2.817,2210,0
20190131,0100,2.817,2.825,2.817,2.820,1506,0
20190131,0130,2.820,2.837,2.819,2.830,4727,0
20190131,0200,2.830,2.831,2.820,2.820,1262,0
20190131,0230,2.820,2.822,2.814,2.814,2683,0
20190131,0300,2.813,2.818,2.812,2.812,2334,0
20190131,0330,2.812,2.818,2.803,2.805,15,0
20190131,0400,2.805,2.811,2.804,2.811,0,0
20190131,0430,2.809,2.812,2.808,2.809,0,0
20190131,0500,2.809,2.813,2.809,2.813,0,0
20190131,0530,2.813,2.817,2.813,2.817,0,0
20190131,0600,2.817,2.818,2.812,2.814,0,0
20190131,0630,2.812,2.812,2.812,2.812,0,0
20190131,0730,2.822,2.823,2.820,2.822,0,0
20190131,0800,2.822,2.823,2.821,2.823,0,0
20190131,0830,2.823,2.823,2.823,2.823,0,0
20190131,0900,2.823,2.823,2.818,2.820,0,0
20190131,0930,2.820,2.822,2.817,2.817,5,0
20190131,1000,2.817,2.817,2.812,2.812,38,0
20190131,1030,2.812,2.818,2.812,2.818,4,0
20190131,1100,2.818,2.818,2.818,2.818,14,0
20190131,1130,2.818,2.818,2.818,2.818,6,0
20190131,1200,2.818,2.823,2.818,2.820,45,0
20190131,1230,2.820,2.822,2.820,2.822,10,0
20190131,1300,2.822,2.823,2.821,2.822,29,0
20190131,1330,2.822,2.823,2.819,2.823,440,0
20190131,1400,2.823,2.823,2.820,2.821,24,0
20190131,1430,2.821,2.826,2.821,2.822,32,0
20190131,1500,2.822,2.829,2.822,2.825,148,0
20190131,1530,2.825,2.830,2.823,2.825,68,0
20190131,1600,2.825,2.834,2.825,2.832,325,0
20190131,1630,2.832,2.834,2.823,2.833,119,0
20190131,1700,2.833,2.834,2.829,2.829,353,0
20190131,1730,2.829,2.829,2.822,2.825,63,0
20190131,1800,2.825,2.828,2.822,2.827,80,0
20190131,1830,2.827,2.829,2.826,2.828,62,0
20190131,1900,2.828,2.831,2.827,2.828,193,0
20190131,1930,2.828,2.829,2.807,2.826,588,0
20190131,2000,2.826,2.832,2.825,2.826,112,0
20190131,2030,2.826,2.832,2.824,2.828,244,0
20190131,2100,2.828,2.834,2.823,2.827,492,0
20190131,2130,2.827,2.829,2.815,2.823,776,0
20190131,2200,2.823,2.826,2.812,2.826,1494,0
20190131,2230,2.826,2.828,2.815,2.823,3834,0
20190131,2300,2.823,2.825,2.802,2.815,5296,0
20190131,2330,2.815,2.819,2.809,2.810,3448,0
20190201,0000,2.808,2.808,2.776,2.795,9103,0
20190201,0030,2.795,2.796,2.765,2.777,5131,0
20190201,0100,2.777,2.778,2.767,2.767,3294,0
20190201,0130,2.767,2.787,2.765,2.785,7049,0
20190201,0200,2.785,2.785,2.774,2.779,2003,0
20190201,0230,2.779,2.782,2.777,2.779,1339,0
20190201,0300,2.779,2.782,2.775,2.779,1489,0
20190201,0330,2.780,2.781,2.760,2.760,10621,0
20190201,0400,2.761,2.771,2.761,2.769,4384,0
20190201,0430,2.769,2.777,2.769,2.774,1433,0
20190201,0500,2.775,2.777,2.774,2.776,687,0
20190201,0530,2.776,2.776,2.772,2.773,631,0
20190201,0600,2.772,2.773,2.769,2.773,491,0
20190201,0630,2.773,2.773,2.773,2.773,3,0
20190201,0730,2.778,2.783,2.778,2.781,62,0
20190201,0800,2.781,2.781,2.781,2.781,1,0
20190201,0830,2.781,2.792,2.781,2.788,65,0
20190201,0900,2.788,2.788,2.784,2.788,15,0
20190201,0930,2.788,2.788,2.784,2.787,37,0
20190201,1000,2.787,2.787,2.780,2.780,24,0
20190201,1030,2.780,2.780,2.771,2.772,112,0
20190201,1100,2.772,2.773,2.770,2.771,5,0
20190201,1130,2.771,2.778,2.771,2.778,22,0
20190201,1200,2.778,2.779,2.776,2.779,29,0
20190201,1230,2.779,2.784,2.775,2.775,31,0
20190201,1300,2.775,2.777,2.774,2.777,31,0
20190201,1330,2.777,2.777,2.764,2.772,47,0
20190201,1400,2.772,2.773,2.772,2.773,4,0
20190201,1430,2.773,2.773,2.767,2.767,6,0
20190201,1500,2.767,2.768,2.766,2.768,14,0
20190201,1530,2.768,2.772,2.763,2.763,46,0
20190201,1600,2.763,2.764,2.753,2.760,710,0
20190201,1630,2.760,2.764,2.759,2.763,166,0
20190201,1700,2.763,2.764,2.733,2.745,571,0
20190201,1730,2.745,2.752,2.738,2.745,383,0
20190201,1800,2.745,2.752,2.745,2.751,60,0
20190201,1830,2.751,2.753,2.747,2.748,80,0
20190201,1900,2.748,2.750,2.744,2.750,126,0
20190201,1930,2.750,2.752,2.744,2.747,138,0
20190201,2000,2.747,2.757,2.745,2.754,233,0
20190201,2030,2.753,2.761,2.752,2.752,270,0
20190201,2100,2.752,2.757,2.752,2.755,299,0
20190201,2130,2.755,2.765,2.741,2.746,1592,0
20190201,2200,2.746,2.751,2.735,2.741,2772,0
20190201,2230,2.742,2.744,2.729,2.743,5284,0
20190201,2300,2.743,2.748,2.738,2.742,2893,0
20190201,2330,2.742,2.747,2.740,2.740,2743,0
20190202,0000,2.740,2.755,2.737,2.753,2634,0
20190202,0030,2.753,2.757,2.747,2.748,3606,0
20190202,0100,2.748,2.749,2.735,2.736,2082,0
20190202,0130,2.736,2.740,2.717,2.717,3916,0
20190202,0200,2.717,2.721,2.704,2.707,4742,0
20190202,0230,2.707,2.717,2.700,2.700,4645,0
20190202,0300,2.700,2.711,2.696,2.710,3413,0
20190202,0330,2.710,2.718,2.696,2.697,11048,0
20190202,0400,2.699,2.705,2.699,2.700,3891,0
20190202,0430,2.700,2.705,2.699,2.704,996,0
20190202,0500,2.704,2.706,2.701,2.704,1009,0
20190202,0530,2.704,2.704,2.700,2.701,495,0
20190202,0600,2.700,2.701,2.695,2.696,284,0
20190202,0630,2.696,2.696,2.696,2.696,0,0
20190204,0730,2.669,2.691,2.669,2.684,1073,0
20190204,0800,2.684,2.687,2.683,2.687,146,0
20190204,0830,2.687,2.689,2.687,2.689,22,0
20190204,0900,2.689,2.695,2.686,2.695,21,0
20190204,0930,2.695,2.695,2.690,2.691,21,0
20190204,1000,2.691,2.700,2.691,2.700,205,0
20190204,1030,2.700,2.703,2.698,2.702,22,0
20190204,1100,2.702,2.702,2.699,2.699,3,0
20190204,1130,2.699,2.699,2.694,2.694,31,0
20190204,1200,2.694,2.696,2.694,2.696,33,0
20190204,1230,2.696,2.701,2.696,2.700,15,0
20190204,1300,2.700,2.700,2.689,2.689,180,0
20190204,1330,2.689,2.702,2.689,2.702,32,0
20190204,1400,2.703,2.703,2.698,2.700,25,0
20190204,1430,2.700,2.700,2.693,2.693,35,0
20190204,1500,2.693,2.699,2.693,2.699,11,0
20190204,1530,2.699,2.699,2.695,2.697,110,0
20190204,1600,2.697,2.697,2.669,2.672,350,0
20190204,1630,2.672,2.688,2.672,2.683,110,0
20190204,1700,2.683,2.687,2.678,2.678,31,0
20190204,1730,2.680,2.685,2.679,2.684,63,0
20190204,1800,2.684,2.687,2.681,2.687,30,0
20190204,1830,2.687,2.687,2.675,2.681,91,0
20190204,1900,2.681,2.696,2.680,2.688,136,0
20190204,1930,2.688,2.688,2.684,2.687,146,0
20190204,2000,2.687,2.690,2.685,2.685,83,0
20190204,2030,2.685,2.696,2.676,2.676,676,0
20190204,2100,2.676,2.684,2.673,2.684,391,0
20190204,2130,2.684,2.688,2.666,2.669,1381,0
20190204,2200,2.669,2.669,2.645,2.646,4331,0
20190204,2230,2.646,2.661,2.643,2.660,4006,0
20190204,2300,2.659,2.661,2.642,2.645,4879,0
20190204,2330,2.645,2.656,2.644,2.656,2746,0
20190205,0000,2.656,2.670,2.655,2.664,4439,0
20190205,0030,2.664,2.669,2.649,2.656,3061,0
20190205,0100,2.656,2.660,2.644,2.649,2787,0
20190205,0130,2.650,2.657,2.646,2.656,2305,0
20190205,0200,2.656,2.659,2.652,2.652,1433,0
20190205,0230,2.652,2.653,2.646,2.648,2601,0
20190205,0300,2.648,2.652,2.644,2.646,2421,0
20190205,0330,2.646,2.659,2.641,2.644,9079,0
20190205,0400,2.643,2.648,2.642,2.645,2820,0
20190205,0430,2.645,2.648,2.644,2.645,747,0
20190205,0500,2.645,2.648,2.644,2.646,656,0
20190205,0530,2.646,2.648,2.644,2.645,92,0
20190205,0600,2.645,2.647,2.644,2.646,163,0
20190205,0630,2.646,2.646,2.646,2.646,5,0
20190205,0730,2.644,2.646,2.639,2.646,25,0
20190205,0800,2.646,2.653,2.646,2.651,62,0
20190205,0830,2.651,2.651,2.646,2.646,9,0
20190205,0900,2.646,2.650,2.645,2.646,38,0
20190205,0930,2.646,2.649,2.646,2.649,4,0
20190205,1000,2.649,2.649,2.649,2.649,0,0
20190205,1030,2.649,2.649,2.648,2.648,1,0
20190205,1100,2.649,2.649,2.647,2.647,17,0
20190205,1130,2.647,2.647,2.646,2.646,1,0
20190205,1200,2.646,2.646,2.646,2.646,0,0
20190205,1230,2.646,2.646,2.646,2.646,0,0
20190205,1300,2.646,2.646,2.642,2.643,51,0
20190205,1330,2.643,2.644,2.643,2.644,4,0
20190205,1400,2.644,2.647,2.641,2.641,29,0
20190205,1430,2.641,2.643,2.633,2.643,61,0
20190205,1500,2.643,2.643,2.635,2.639,42,0
20190205,1530,2.639,2.645,2.639,2.640,57,0
20190205,1600,2.640,2.644,2.637,2.637,17,0
20190205,1630,2.637,2.641,2.635,2.635,61,0
20190205,1700,2.635,2.635,2.628,2.634,157,0
20190205,1730,2.634,2.636,2.631,2.636,37,0
20190205,1800,2.636,2.637,2.634,2.637,25,0
20190205,1830,2.637,2.642,2.637,2.642,35,0
20190205,1900,2.642,2.644,2.640,2.644,67,0
20190205,1930,2.644,2.653,2.644,2.647,508,0
20190205,2000,2.647,2.649,2.644,2.649,253,0
20190205,2030,2.648,2.649,2.646,2.648,276,0
20190205,2100,2.648,2.669,2.648,2.667,938,0
20190205,2130,2.667,2.678,2.663,2.670,894,0
20190205,2200,2.670,2.678,2.659,2.678,1794,0
20190205,2230,2.678,2.678,2.657,2.663,3207,0
20190205,2300,2.663,2.664,2.653,2.661,2361,0
20190205,2330,2.661,2.674,2.659,2.667,2082,0
20190206,0000,2.667,2.677,2.664,2.670,1949,0
20190206,0030,2.670,2.681,2.669,2.679,2035,0
20190206,0100,2.679,2.687,2.672,2.674,2365,0
20190206,0130,2.674,2.678,2.659,2.659,2138,0
20190206,0200,2.659,2.665,2.654,2.661,2089,0
20190206,0230,2.661,2.663,2.651,2.653,3135,0
20190206,0300,2.653,2.655,2.646,2.649,2831,0
20190206,0330,2.649,2.658,2.646,2.653,4681,0
20190206,0400,2.653,2.664,2.653,2.663,2071,0
20190206,0430,2.663,2.665,2.662,2.664,741,0
20190206,0500,2.664,2.672,2.663,2.671,899,0
20190206,0530,2.671,2.676,2.670,2.672,661,0
20190206,0600,2.672,2.675,2.667,2.668,141,0
20190206,0630,2.668,2.668,2.668,2.668,0,0
20190206,0730,2.676,2.678,2.668,2.678,101,0
20190206,0800,2.678,2.686,2.676,2.685,25,0
20190206,0830,2.685,2.703,2.685,2.694,99,0
20190206,0900,2.694,2.694,2.686,2.689,9,0
20190206,0930,2.689,2.689,2.681,2.681,8,0
20190206,1000,2.681,2.685,2.681,2.685,19,0
20190206,1030,2.685,2.686,2.682,2.684,31,0
20190206,1100,2.684,2.684,2.680,2.680,14,0
20190206,1130,2.680,2.680,2.679,2.679,4,0
20190206,1200,2.679,2.680,2.678,2.680,4,0
20190206,1230,2.680,2.689,2.680,2.689,15,0
20190206,1300,2.689,2.689,2.685,2.686,27,0
20190206,1330,2.686,2.695,2.684,2.684,58,0
20190206,1400,2.684,2.686,2.679,2.679,37,0
20190206,1430,2.679,2.679,2.670,2.674,69,0
20190206,1500,2.674,2.675,2.673,2.675,15,0
20190206,1530,2.675,2.675,2.673,2.674,10,0
20190206,1600,2.674,2.674,2.661,2.665,260,0
20190206,1630,2.665,2.670,2.665,2.670,21,0
20190206,1700,2.670,2.675,2.669,2.670,33,0
20190206,1730,2.670,2.675,2.670,2.672,30,0
20190206,1800,2.672,2.672,2.668,2.669,11,0
20190206,1830,2.669,2.674,2.669,2.672,27,0
20190206,1900,2.672,2.689,2.672,2.682,102,0
20190206,1930,2.682,2.684,2.675,2.675,102,0
20190206,2000,2.675,2.680,2.671,2.680,143,0
20190206,2030,2.680,2.684,2.676,2.677,190,0
20190206,2100,2.677,2.683,2.677,2.683,160,0
20190206,2130,2.683,2.686,2.672,2.683,1119,0
20190206,2200,2.683,2.683,2.670,2.674,681,0
20190206,2230,2.674,2.674,2.653,2.659,3430,0
20190206,2300,2.659,2.668,2.654,2.663,2989,0
20190206,2330,2.663,2.668,2.656,2.656,2805,0
20190207,0000,2.656,2.663,2.654,2.657,2146,0
20190207,0030,2.657,2.658,2.646,2.650,3523,0
20190207,0100,2.650,2.653,2.645,2.653,3994,0
20190207,0130,2.653,2.686,2.650,2.680,5059,0
20190207,0200,2.680,2.684,2.676,2.679,2528,0
20190207,0230,2.678,2.679,2.669,2.675,3281,0
20190207,0300,2.675,2.682,2.668,2.675,2397,0
20190207,0330,2.675,2.675,2.654,2.658,8773,0
20190207,0400,2.657,2.670,2.657,2.663,3537,0
20190207,0430,2.663,2.670,2.662,2.669,1070,0
20190207,0500,2.669,2.669,2.665,2.667,543,0
20190207,0530,2.667,2.669,2.665,2.668,277,0
20190207,0600,2.668,2.670,2.667,2.667,228,0
20190207,0630,2.668,2.668,2.668,2.668,1,0
20190207,0730,2.668,2.671,2.665,2.665,127,0
20190207,0800,2.665,2.665,2.659,2.663,82,0
20190207,0830,2.663,2.676,2.660,2.676,18,0
20190207,0900,2.676,2.679,2.674,2.674,10,0
20190207,0930,2.674,2.674,2.673,2.674,4,0
20190207,1000,2.674,2.678,2.674,2.674,10,0
20190207,1030,2.674,2.676,2.674,2.675,5,0
20190207,1100,2.675,2.675,2.675,2.675,1,0
20190207,1130,2.675,2.675,2.675,2.675,1,0
20190207,1200,2.675,2.677,2.675,2.677,34,0
20190207,1230,2.677,2.677,2.677,2.677,7,0
20190207,1300,2.677,2.680,2.677,2.680,9,0
20190207,1330,2.680,2.680,2.664,2.664,94,0
20190207,1400,2.664,2.669,2.654,2.659,67,0
20190207,1430,2.659,2.664,2.659,2.664,6,0
20190207,1500,2.664,2.664,2.664,2.664,0,0
20190207,1530,2.664,2.671,2.656,2.656,12,0
20190207,1600,2.656,2.658,2.618,2.631,1982,0
20190207,1630,2.631,2.632,2.620,2.620,260,0
20190207,1700,2.620,2.627,2.619,2.624,349,0
20190207,1730,2.624,2.626,2.621,2.621,239,0
20190207,1800,2.621,2.623,2.617,2.618,351,0
20190207,1830,2.618,2.622,2.616,2.620,596,0
20190207,1900,2.620,2.622,2.616,2.621,412,0
20190207,1930,2.621,2.621,2.616,2.620,162,0
20190207,2000,2.620,2.625,2.619,2.624,321,0
20190207,2030,2.624,2.632,2.623,2.623,719,0
20190207,2100,2.623,2.632,2.618,2.626,529,0
20190207,2130,2.626,2.626,2.609,2.617,2361,0
20190207,2200,2.617,2.634,2.613,2.626,3868,0
20190207,2230,2.626,2.637,2.624,2.629,4051,0
20190207,2300,2.629,2.630,2.622,2.628,4927,0
20190207,2330,2.628,2.628,2.618,2.623,6045,0
20190208,0000,2.623,2.623,2.593,2.597,11902,0
20190208,0030,2.597,2.600,2.580,2.590,8776,0
20190208,0100,2.591,2.597,2.584,2.586,5915,0
20190208,0130,2.586,2.594,2.585,2.591,4855,0
20190208,0200,2.591,2.593,2.569,2.572,8578,0
20190208,0230,2.572,2.580,2.571,2.577,6304,0
20190208,0300,2.577,2.578,2.566,2.575,8989,0
20190208,0330,2.575,2.579,2.570,2.573,22637,0
20190208,0400,2.573,2.590,2.572,2.588,11097,0
20190208,0430,2.588,2.597,2.588,2.591,1392,0
20190208,0500,2.591,2.592,2.587,2.588,1172,0
20190208,0530,2.588,2.591,2.586,2.588,659,0
20190208,0600,2.588,2.592,2.588,2.590,393,0
20190208,0630,2.589,2.589,2.589,2.589,2,0
20190208,0730,2.590,2.593,2.586,2.593,21,0
20190208,0800,2.593,2.599,2.593,2.596,19,0
20190208,0830,2.596,2.606,2.596,2.606,108,0
20190208,0900,2.606,2.607,2.602,2.603,39,0
20190208,0930,2.603,2.604,2.603,2.604,10,0
20190208,1000,2.604,2.605,2.604,2.604,10,0
20190208,1030,2.604,2.605,2.601,2.604,35,0
20190208,1100,2.604,2.604,2.601,2.602,11,0
20190208,1130,2.602,2.603,2.600,2.603,20,0
20190208,1200,2.603,2.604,2.601,2.604,17,0
20190208,1230,2.604,2.604,2.603,2.604,3,0
20190208,1300,2.603,2.603,2.601,2.602,5,0
20190208,1330,2.602,2.603,2.600,2.603,30,0
20190208,1400,2.603,2.603,2.591,2.600,80,0
20190208,1430,2.600,2.603,2.600,2.601,12,0
20190208,1500,2.601,2.603,2.600,2.603,8,0
20190208,1530,2.600,2.601,2.589,2.589,327,0
20190208,1600,2.589,2.599,2.584,2.595,408,0
20190208,1630,2.595,2.607,2.595,2.603,271,0
20190208,1700,2.603,2.607,2.602,2.605,110,0
20190208,1730,2.605,2.606,2.589,2.592,296,0
20190208,1800,2.592,2.599,2.587,2.599,170,0
20190208,1830,2.599,2.603,2.597,2.602,312,0
20190208,1900,2.602,2.602,2.589,2.590,423,0
20190208,1930,2.590,2.592,2.584,2.589,270,0
20190208,2000,2.589,2.591,2.586,2.588,238,0
20190208,2030,2.588,2.594,2.587,2.594,182,0
20190208,2100,2.593,2.607,2.590,2.604,849,0
20190208,2130,2.604,2.608,2.598,2.600,1494,0
20190208,2200,2.600,2.612,2.596,2.598,3845,0
20190208,2230,2.597,2.602,2.595,2.600,3411,0
20190208,2300,2.600,2.600,2.573,2.582,7191,0
20190208,2330,2.582,2.589,2.578,2.586,3690,0
20190209,0000,2.586,2.591,2.584,2.590,4041,0
20190209,0030,2.590,2.591,2.583,2.591,4292,0
20190209,0100,2.591,2.591,2.582,2.587,5113,0
20190209,0130,2.587,2.601,2.586,2.597,5714,0
20190209,0200,2.597,2.608,2.597,2.607,3883,0
20190209,0230,2.606,2.610,2.603,2.603,4830,0
20190209,0300,2.603,2.616,2.599,2.613,4833,0
20190209,0330,2.613,2.614,2.600,2.607,22981,0
20190209,0400,2.608,2.621,2.606,2.621,8914,0
20190209,0430,2.621,2.634,2.620,2.625,3164,0
20190209,0500,2.625,2.631,2.625,2.627,1082,0
20190209,0530,2.627,2.633,2.627,2.628,820,0
20190209,0600,2.628,2.636,2.627,2.632,389,0
20190209,0630,2.632,2.632,2.632,2.632,0,0
20190211,0730,2.661,2.677,2.658,2.671,887,0
20190211,0800,2.668,2.669,2.665,2.666,53,0
20190211,0830,2.666,2.670,2.665,2.670,97,0
20190211,0900,2.670,2.671,2.667,2.670,62,0
20190211,0930,2.670,2.674,2.670,2.671,52,0
20190211,1000,2.671,2.675,2.671,2.671,61,0
20190211,1030,2.671,2.674,2.670,2.672,21,0
20190211,1100,2.672,2.675,2.672,2.673,22,0
20190211,1130,2.673,2.677,2.673,2.677,53,0
20190211,1200,2.677,2.679,2.676,2.679,19,0
20190211,1230,2.679,2.679,2.675,2.676,49,0
20190211,1300,2.676,2.676,2.666,2.669,126,0
20190211,1330,2.669,2.674,2.669,2.671,44,0
20190211,1400,2.671,2.672,2.671,2.672,17,0
20190211,1430,2.672,2.678,2.671,2.677,29,0
20190211,1500,2.677,2.679,2.675,2.679,81,0
20190211,1530,2.679,2.679,2.673,2.677,66,0
20190211,1600,2.677,2.680,2.675,2.679,51,0
20190211,1630,2.678,2.684,2.677,2.684,353,0
20190211,1700,2.684,2.686,2.680,2.681,183,0
20190211,1730,2.681,2.682,2.679,2.682,18,0
20190211,1800,2.682,2.683,2.676,2.683,190,0
20190211,1830,2.686,2.694,2.681,2.694,673,0
20190211,1900,2.694,2.696,2.687,2.692,293,0
20190211,1930,2.692,2.692,2.683,2.691,152,0
20190211,2000,2.691,2.692,2.684,2.686,273,0
20190211,2030,2.686,2.695,2.677,2.693,834,0
20190211,2100,2.693,2.697,2.679,2.682,666,0
20190211,2130,2.682,2.701,2.682,2.696,1932,0
20190211,2200,2.696,2.723,2.695,2.719,5497,0
20190211,2230,2.719,2.730,2.688,2.702,8701,0
20190211,2300,2.702,2.704,2.666,2.674,10950,0
20190211,2330,2.674,2.693,2.673,2.690,6708,0
20190212,0000,2.690,2.693,2.677,2.688,7489,0
20190212,0030,2.688,2.703,2.681,2.699,8141,0
20190212,0100,2.700,2.710,2.682,2.688,6861,0
20190212,0130,2.688,2.698,2.677,2.686,5368,0
20190212,0200,2.686,2.687,2.674,2.686,5483,0
20190212,0230,2.686,2.690,2.681,2.684,5959,0
20190212,0300,2.684,2.688,2.671,2.679,4601,0
20190212,0330,2.679,2.682,2.655,2.661,25488,0
20190212,0400,2.661,2.671,2.661,2.665,7903,0
20190212,0430,2.665,2.667,2.660,2.661,1345,0
20190212,0500,2.661,2.665,2.657,2.663,1434,0
20190212,0530,2.663,2.665,2.663,2.665,389,0
20190212,0600,2.665,2.665,2.659,2.662,302,0
20190212,0630,2.662,2.662,2.662,2.662,0,0
20190212,0730,2.663,2.671,2.663,2.671,78,0
20190212,0800,2.671,2.675,2.668,2.673,67,0
20190212,0830,2.673,2.673,2.669,2.671,31,0
20190212,0900,2.671,2.671,2.669,2.669,26,0
20190212,0930,2.669,2.672,2.669,2.672,72,0
20190212,1000,2.672,2.672,2.670,2.670,27,0
20190212,1030,2.670,2.675,2.670,2.675,290,0
20190212,1100,2.675,2.678,2.673,2.675,73,0
20190212,1130,2.675,2.675,2.673,2.673,5,0
20190212,1200,2.673,2.680,2.671,2.678,47,0
20190212,1230,2.678,2.678,2.673,2.673,16,0
20190212,1300,2.673,2.673,2.672,2.673,30,0
20190212,1330,2.673,2.674,2.671,2.672,17,0
20190212,1400,2.672,2.672,2.670,2.671,70,0
20190212,1430,2.671,2.671,2.670,2.670,3,0
20190212,1500,2.670,2.672,2.669,2.669,10,0
20190212,1530,2.669,2.669,2.651,2.655,205,0
20190212,1600,2.655,2.655,2.635,2.647,425,0
20190212,1630,2.647,2.657,2.647,2.650,145,0
20190212,1700,2.650,2.650,2.644,2.645,204,0
20190212,1730,2.645,2.651,2.645,2.648,210,0
20190212,1800,2.648,2.649,2.644,2.649,34,0
20190212,1830,2.649,2.653,2.648,2.650,251,0
20190212,1900,2.650,2.657,2.649,2.652,232,0
20190212,1930,2.652,2.691,2.652,2.687,630,0
20190212,2000,2.687,2.692,2.678,2.681,559,0
20190212,2030,2.681,2.683,2.672,2.674,438,0
20190212,2100,2.674,2.686,2.665,2.677,741,0
20190212,2130,2.676,2.696,2.671,2.681,2206,0
20190212,2200,2.681,2.691,2.678,2.687,2345,0
20190212,2230,2.686,2.691,2.663,2.664,7264,0
20190212,2300,2.664,2.682,2.658,2.674,8044,0
20190212,2330,2.674,2.682,2.669,2.678,3424,0
20190213,0000,2.678,2.683,2.671,2.675,3128,0
20190213,0030,2.675,2.689,2.675,2.688,5602,0
20190213,0100,2.689,2.709,2.685,2.702,6286,0
20190213,0130,2.701,2.710,2.689,2.704,5500,0
20190213,0200,2.704,2.704,2.686,2.692,4834,0
20190213,0230,2.693,2.698,2.691,2.694,4101,0
20190213,0300,2.695,2.702,2.694,2.698,6063,0
20190213,0330,2.698,2.708,2.696,2.705,23046,0
20190213,0400,2.707,2.709,2.686,2.688,14737,0
20190213,0430,2.687,2.689,2.682,2.685,2241,0
20190213,0500,2.685,2.686,2.680,2.686,685,0
20190213,0530,2.686,2.688,2.683,2.684,1367,0
20190213,0600,2.684,2.688,2.683,2.684,650,0
20190213,0630,2.684,2.684,2.684,2.684,0,0
20190213,0730,2.685,2.685,2.669,2.672,199,0
20190213,0800,2.672,2.674,2.668,2.668,159,0
20190213,0830,2.668,2.670,2.666,2.666,65,0
20190213,0900,2.666,2.666,2.661,2.663,63,0
20190213,0930,2.663,2.666,2.662,2.665,48,0
20190213,1000,2.665,2.667,2.661,2.666,81,0
20190213,1030,2.666,2.669,2.666,2.668,21,0
20190213,1100,2.668,2.668,2.666,2.668,6,0
20190213,1130,2.668,2.668,2.665,2.665,60,0
20190213,1200,2.665,2.665,2.663,2.664,35,0
20190213,1230,2.664,2.664,2.654,2.660,185,0
20190213,1300,2.660,2.663,2.658,2.660,56,0
20190213,1330,2.660,2.662,2.645,2.646,242,0
20190213,1400,2.646,2.646,2.601,2.643,1302,0
20190213,1430,2.643,2.653,2.641,2.651,138,0
20190213,1500,2.651,2.653,2.642,2.644,708,0
20190213,1530,2.644,2.645,2.635,2.641,166,0
20190213,1600,2.641,2.641,2.622,2.624,485,0
20190213,1630,2.625,2.633,2.625,2.631,68,0
20190213,1700,2.631,2.643,2.630,2.636,286,0
20190213,1730,2.636,2.638,2.631,2.634,175,0
20190213,1800,2.634,2.634,2.628,2.628,161,0
20190213,1830,2.628,2.635,2.618,2.620,357,0
20190213,1900,2.620,2.627,2.614,2.627,390,0
20190213,1930,2.627,2.627,2.613,2.616,398,0
20190213,2000,2.616,2.618,2.608,2.616,779,0
20190213,2030,2.617,2.627,2.616,2.623,1196,0
20190213,2100,2.623,2.635,2.623,2.630,1329,0
20190213,2130,2.630,2.630,2.621,2.622,3212,0
20190213,2200,2.622,2.631,2.603,2.623,4037,0
20190213,2230,2.625,2.636,2.616,2.622,7186,0
20190213,2300,2.621,2.628,2.613,2.627,5805,0
20190213,2330,2.626,2.631,2.619,2.621,4331,0
20190214,0000,2.621,2.626,2.616,2.617,4380,0
20190214,0030,2.617,2.622,2.614,2.616,4421,0
20190214,0100,2.616,2.629,2.612,2.626,6932,0
20190214,0130,2.626,2.628,2.618,2.623,4514,0
20190214,0200,2.623,2.656,2.623,2.645,7119,0
20190214,0230,2.645,2.646,2.633,2.639,4003,0
20190214,0300,2.639,2.641,2.625,2.626,5400,0
20190214,0330,2.626,2.633,2.619,2.624,16251,0
20190214,0400,2.624,2.628,2.622,2.625,23266,0
20190214,0430,2.625,2.634,2.625,2.631,1730,0
20190214,0500,2.631,2.636,2.631,2.634,2180,0
20190214,0530,2.634,2.636,2.632,2.634,451,0
20190214,0600,2.634,2.635,2.631,2.634,264,0
20190214,0630,2.634,2.634,2.634,2.634,0,0
20190214,0730,2.635,2.642,2.632,2.640,136,0
20190214,0800,2.640,2.641,2.638,2.639,15,0
20190214,0830,2.639,2.639,2.634,2.635,113,0
20190214,0900,2.634,2.638,2.634,2.637,41,0
20190214,0930,2.637,2.638,2.636,2.637,79,0
20190214,1000,2.637,2.637,2.635,2.635,12,0
20190214,1030,2.635,2.639,2.635,2.638,59,0
20190214,1100,2.638,2.639,2.635,2.637,25,0
20190214,1130,2.637,2.639,2.637,2.638,14,0
20190214,1200,2.638,2.639,2.637,2.637,24,0
20190214,1230,2.637,2.642,2.637,2.641,57,0
20190214,1300,2.641,2.641,2.632,2.634,71,0
20190214,1330,2.633,2.634,2.628,2.630,143,0
20190214,1400,2.630,2.633,2.630,2.633,28,0
20190214,1430,2.633,2.635,2.632,2.635,31,0
20190214,1500,2.635,2.640,2.635,2.635,44,0
20190214,1530,2.635,2.640,2.629,2.640,182,0
20190214,1600,2.640,2.640,2.629,2.629,102,0
20190214,1630,2.630,2.637,2.630,2.634,73,0
20190214,1700,2.634,2.637,2.631,2.635,52,0
20190214,1730,2.635,2.647,2.634,2.646,535,0
20190214,1800,2.646,2.647,2.640,2.643,181,0
20190214,1830,2.643,2.648,2.643,2.645,44,0
20190214,1900,2.645,2.645,2.643,2.643,28,0
20190214,1930,2.643,2.645,2.639,2.644,86,0
20190214,2000,2.644,2.648,2.641,2.648,120,0
20190214,2030,2.648,2.648,2.630,2.635,556,0
20190214,2100,2.635,2.651,2.627,2.650,1037,0
20190214,2130,2.650,2.650,2.638,2.641,1820,0
20190214,2200,2.641,2.646,2.635,2.637,3711,0
20190214,2230,2.637,2.639,2.625,2.626,4338,0
20190214,2300,2.627,2.633,2.623,2.630,3416,0
20190214,2330,2.630,2.631,2.624,2.627,3781,0
20190215,0000,2.620,2.645,2.617,2.643,9150,0
20190215,0030,2.643,2.643,2.616,2.619,5809,0
20190215,0100,2.619,2.622,2.609,2.620,5139,0
20190215,0130,2.620,2.632,2.618,2.625,3103,0
20190215,0200,2.625,2.626,2.613,2.615,5045,0
20190215,0230,2.615,2.624,2.613,2.623,2661,0
20190215,0300,2.623,2.625,2.615,2.616,2961,0
20190215,0330,2.616,2.618,2.607,2.610,12464,0
20190215,0400,2.611,2.617,2.606,2.616,4628,0
20190215,0430,2.616,2.617,2.610,2.612,1667,0
20190215,0500,2.612,2.613,2.608,2.610,1534,0
20190215,0530,2.610,2.611,2.607,2.608,577,0
20190215,0600,2.608,2.609,2.604,2.604,365,0
20190215,0630,2.604,2.604,2.604,2.604,0,0
20190215,0730,2.605,2.611,2.603,2.610,133,0
20190215,0800,2.610,2.611,2.605,2.605,17,0
20190215,0830,2.605,2.612,2.605,2.612,110,0
20190215,0900,2.612,2.613,2.610,2.612,71,0
20190215,0930,2.612,2.613,2.609,2.611,29,0
20190215,1000,2.611,2.611,2.608,2.610,130,0
20190215,1030,2.610,2.610,2.602,2.606,192,0
20190215,1100,2.606,2.607,2.605,2.606,33,0
20190215,1130,2.606,2.608,2.605,2.605,39,0
20190215,1200,2.605,2.608,2.605,2.608,20,0
20190215,1230,2.608,2.609,2.604,2.605,47,0
20190215,1300,2.605,2.607,2.604,2.604,48,0
20190215,1330,2.604,2.605,2.589,2.592,537,0
20190215,1400,2.592,2.595,2.590,2.595,72,0
20190215,1430,2.595,2.601,2.595,2.599,58,0
20190215,1500,2.599,2.605,2.599,2.600,50,0
20190215,1530,2.600,2.605,2.600,2.603,39,0
20190215,1600,2.603,2.611,2.598,2.609,255,0
20190215,1630,2.609,2.611,2.607,2.611,345,0
20190215,1700,2.611,2.620,2.609,2.616,499,0
20190215,1730,2.616,2.618,2.615,2.615,141,0
20190215,1800,2.615,2.617,2.612,2.616,233,0
20190215,1830,2.616,2.616,2.611,2.611,63,0
20190215,1900,2.611,2.616,2.611,2.616,57,0
20190215,1930,2.616,2.629,2.613,2.624,545,0
20190215,2000,2.624,2.629,2.619,2.621,553,0
20190215,2030,2.621,2.624,2.616,2.617,622,0
20190215,2100,2.617,2.621,2.613,2.617,793,0
20190215,2130,2.617,2.625,2.615,2.618,1792,0
20190215,2200,2.618,2.628,2.615,2.628,1739,0
20190215,2230,2.629,2.641,2.619,2.641,3903,0
20190215,2300,2.641,2.643,2.631,2.636,4326,0
20190215,2330,2.635,2.635,2.630,2.632,3892,0
20190216,0000,2.632,2.634,2.614,2.623,5708,0
20190216,0030,2.623,2.623,2.611,2.613,4146,0
20190216,0100,2.613,2.620,2.611,2.620,3489,0
20190216,0130,2.620,2.626,2.616,2.625,2741,0
20190216,0200,2.625,2.634,2.625,2.634,2970,0
20190216,0230,2.634,2.636,2.630,2.633,2079,0
20190216,0300,2.632,2.641,2.632,2.632,3583,0
20190216,0330,2.633,2.658,2.633,2.655,16060,0
20190216,0400,2.654,2.656,2.641,2.651,7178,0
20190216,0430,2.651,2.651,2.646,2.651,2069,0
20190216,0500,2.651,2.657,2.650,2.655,1793,0
20190216,0530,2.655,2.662,2.654,2.661,459,0
20190216,0600,2.661,2.663,2.656,2.660,673,0
20190216,0630,2.660,2.660,2.660,2.660,0,0
20190218,0730,2.650,2.655,2.641,2.647,221,0
20190218,0800,2.647,2.648,2.643,2.646,27,0
20190218,0830,2.646,2.650,2.640,2.643,91,0
20190218,0900,2.643,2.645,2.643,2.645,26,0
20190218,0930,2.645,2.645,2.642,2.642,87,0
20190218,1000,2.642,2.643,2.641,2.643,35,0
20190218,1030,2.643,2.644,2.637,2.637,70,0
20190218,1100,2.637,2.639,2.634,2.637,215,0
20190218,1130,2.637,2.638,2.630,2.635,191,0
20190218,1200,2.635,2.638,2.635,2.635,19,0
20190218,1230,2.635,2.639,2.635,2.638,6,0
20190218,1300,2.638,2.642,2.637,2.642,28,0
20190218,1330,2.642,2.670,2.640,2.662,422,0
20190218,1400,2.662,2.670,2.662,2.663,54,0
20190218,1430,2.663,2.670,2.661,2.664,75,0
20190218,1500,2.664,2.668,2.664,2.667,35,0
20190218,1530,2.667,2.673,2.662,2.670,88,0
20190218,1600,2.670,2.687,2.669,2.679,202,0
20190218,1630,2.679,2.683,2.672,2.675,155,0
20190218,1700,2.675,2.675,2.666,2.667,64,0
20190218,1730,2.667,2.670,2.667,2.669,47,0
20190218,1800,2.669,2.669,2.651,2.653,274,0
20190218,1830,2.652,2.652,2.631,2.640,310,0
20190218,1900,2.640,2.646,2.639,2.639,80,0
20190218,1930,2.639,2.649,2.634,2.646,103,0
20190218,2000,2.646,2.653,2.641,2.653,73,0
20190218,2030,2.653,2.656,2.649,2.649,437,0
20190218,2100,2.649,2.657,2.649,2.652,72,0
20190218,2130,2.652,2.661,2.652,2.659,259,0
20190218,2200,2.659,2.665,2.656,2.662,190,0
20190218,2230,2.662,2.667,2.655,2.657,375,0
20190218,2300,2.657,2.664,2.656,2.657,295,0
20190218,2330,2.657,2.659,2.652,2.653,243,0
20190219,0000,2.653,2.663,2.652,2.660,640,0
20190219,0030,2.660,2.660,2.647,2.650,341,0
20190219,0100,2.650,2.654,2.648,2.653,214,0
20190219,0130,2.653,2.654,2.646,2.654,245,0
20190219,0200,2.653,2.655,2.649,2.655,275,0
20190219,0230,2.655,2.655,2.655,2.655,0,0
20190219,0300,2.655,2.655,2.655,2.655,0,0
20190219,0330,2.655,2.655,2.655,2.655,0,0
20190219,0400,2.655,2.655,2.655,2.655,0,0
20190219,0430,2.655,2.655,2.655,2.655,0,0
20190219,0500,2.655,2.655,2.655,2.655,0,0
20190219,0530,2.655,2.655,2.655,2.655,0,0
20190219,0600,2.655,2.655,2.655,2.655,0,0
20190219,0630,2.655,2.655,2.655,2.655,0,0
20190219,0730,2.670,2.674,2.666,2.668,71,0
20190219,0800,2.668,2.674,2.668,2.671,21,0
20190219,0830,2.671,2.671,2.665,2.666,42,0
20190219,0900,2.666,2.669,2.666,2.667,16,0
20190219,0930,2.667,2.669,2.665,2.665,31,0
20190219,1000,2.665,2.667,2.665,2.667,16,0
20190219,1030,2.667,2.668,2.667,2.667,5,0
20190219,1100,2.667,2.667,2.663,2.665,25,0
20190219,1130,2.665,2.666,2.664,2.666,125,0
20190219,1200,2.666,2.667,2.662,2.666,134,0
20190219,1230,2.666,2.668,2.666,2.667,9,0
20190219,1300,2.667,2.677,2.667,2.677,64,0
20190219,1330,2.676,2.686,2.672,2.685,429,0
20190219,1400,2.685,2.685,2.678,2.684,62,0
20190219,1430,2.684,2.684,2.679,2.684,39,0
20190219,1500,2.684,2.685,2.678,2.678,74,0
20190219,1530,2.678,2.684,2.676,2.684,58,0
20190219,1600,2.684,2.685,2.665,2.672,185,0
20190219,1630,2.672,2.679,2.670,2.679,65,0
20190219,1700,2.679,2.682,2.676,2.677,59,0
20190219,1730,2.677,2.677,2.670,2.672,56,0
20190219,1800,2.672,2.673,2.669,2.669,53,0
20190219,1830,2.669,2.671,2.665,2.671,130,0
20190219,1900,2.671,2.673,2.668,2.668,74,0
20190219,1930,2.668,2.675,2.654,2.654,678,0
20190219,2000,2.654,2.656,2.648,2.650,408,0
20190219,2030,2.650,2.654,2.648,2.652,355,0
20190219,2100,2.652,2.657,2.640,2.654,1142,0
20190219,2130,2.654,2.657,2.645,2.647,1639,0
20190219,2200,2.647,2.657,2.646,2.652,1823,0
20190219,2230,2.653,2.661,2.651,2.656,4533,0
20190219,2300,2.656,2.697,2.652,2.696,7309,0
20190219,2330,2.695,2.699,2.685,2.691,5067,0
20190220,0000,2.691,2.692,2.672,2.677,5808,0
20190220,0030,2.677,2.684,2.665,2.665,7086,0
20190220,0100,2.665,2.675,2.656,2.674,7025,0
20190220,0130,2.674,2.677,2.664,2.676,3748,0
20190220,0200,2.676,2.685,2.676,2.683,3689,0
20190220,0230,2.682,2.685,2.679,2.685,2905,0
20190220,0300,2.685,2.692,2.682,2.689,7748,0
20190220,0330,2.690,2.699,2.685,2.697,23280,0
20190220,0400,2.697,2.698,2.688,2.692,6062,0
20190220,0430,2.692,2.693,2.685,2.686,1784,0
20190220,0500,2.686,2.692,2.685,2.690,1025,0
20190220,0530,2.690,2.691,2.684,2.691,737,0
20190220,0600,2.691,2.694,2.688,2.692,267,0
20190220,0630,2.692,2.692,2.692,2.692,0,0
20190220,0730,2.693,2.695,2.687,2.691,75,0
20190220,0800,2.691,2.695,2.689,2.692,16,0
20190220,0830,2.692,2.694,2.688,2.689,75,0
20190220,0900,2.689,2.689,2.689,2.689,5,0
20190220,0930,2.687,2.687,2.686,2.686,123,0
20190220,1000,2.686,2.689,2.684,2.685,61,0
20190220,1030,2.685,2.690,2.684,2.685,114,0
20190220,1100,2.683,2.688,2.680,2.685,72,0
20190220,1130,2.685,2.685,2.682,2.684,28,0
20190220,1200,2.684,2.686,2.684,2.686,27,0
20190220,1230,2.686,2.687,2.685,2.686,30,0
20190220,1300,2.686,2.688,2.684,2.688,98,0
20190220,1330,2.688,2.694,2.687,2.691,268,0
20190220,1400,2.691,2.692,2.688,2.690,37,0
20190220,1430,2.690,2.695,2.690,2.693,29,0
20190220,1500,2.693,2.695,2.693,2.695,61,0
20190220,1530,2.694,2.698,2.694,2.695,119,0
20190220,1600,2.695,2.706,2.694,2.702,286,0
20190220,1630,2.704,2.704,2.697,2.701,200,0
20190220,1700,2.701,2.703,2.696,2.699,133,0
20190220,1730,2.699,2.702,2.698,2.702,59,0
20190220,1800,2.702,2.702,2.691,2.692,183,0
20190220,1830,2.692,2.695,2.690,2.694,103,0
20190220,1900,2.694,2.702,2.694,2.699,293,0
20190220,1930,2.699,2.702,2.698,2.702,154,0
20190220,2000,2.702,2.707,2.697,2.706,431,0
20190220,2030,2.709,2.717,2.702,2.712,610,0
20190220,2100,2.712,2.717,2.708,2.714,1168,0
20190220,2130,2.713,2.716,2.702,2.707,2393,0
20190220,2200,2.706,2.718,2.704,2.715,2981,0
20190220,2230,2.715,2.715,2.701,2.707,5882,0
20190220,2300,2.708,2.712,2.704,2.706,5793,0
20190220,2330,2.706,2.709,2.704,2.705,5021,0
20190221,0000,2.705,2.710,2.702,2.704,4739,0
20190221,0030,2.705,2.705,2.690,2.694,6497,0
20190221,0100,2.694,2.698,2.673,2.673,10325,0
20190221,0130,2.676,2.688,2.673,2.685,7547,0
20190221,0200,2.685,2.686,2.675,2.680,4187,0
20190221,0230,2.680,2.681,2.674,2.680,3603,0
20190221,0300,2.680,2.686,2.675,2.682,4399,0
20190221,0330,2.681,2.686,2.667,2.670,15907,0
20190221,0400,2.672,2.676,2.668,2.673,5143,0
20190221,0430,2.673,2.678,2.672,2.677,1469,0
20190221,0500,2.677,2.678,2.674,2.675,1784,0
20190221,0530,2.675,2.677,2.674,2.675,559,0
20190221,0600,2.675,2.676,2.670,2.676,1370,0
20190221,0630,2.676,2.676,2.676,2.676,0,0
20190221,0730,2.678,2.682,2.674,2.679,156,0
20190221,0800,2.677,2.680,2.676,2.680,39,0
20190221,0830,2.680,2.683,2.677,2.677,90,0
20190221,0900,2.677,2.683,2.677,2.679,86,0
20190221,0930,2.679,2.681,2.676,2.676,68,0
20190221,1000,2.676,2.677,2.673,2.676,127,0
20190221,1030,2.676,2.680,2.675,2.678,86,0
20190221,1100,2.678,2.680,2.675,2.678,79,0
20190221,1130,2.679,2.681,2.677,2.679,94,0
20190221,1200,2.677,2.682,2.676,2.682,97,0
20190221,1230,2.680,2.682,2.677,2.678,126,0
20190221,1300,2.678,2.681,2.677,2.678,144,0
20190221,1330,2.677,2.684,2.675,2.684,355,0
20190221,1400,2.684,2.694,2.681,2.690,535,0
20190221,1430,2.690,2.690,2.686,2.690,101,0
20190221,1500,2.690,2.698,2.688,2.694,307,0
20190221,1530,2.694,2.712,2.693,2.710,729,0
20190221,1600,2.712,2.725,2.710,2.717,1182,0
20190221,1630,2.718,2.720,2.713,2.715,249,0
20190221,1700,2.715,2.718,2.715,2.716,86,0
20190221,1730,2.716,2.718,2.714,2.716,159,0
20190221,1800,2.716,2.719,2.710,2.711,255,0
20190221,1830,2.711,2.715,2.702,2.715,419,0
20190221,1900,2.715,2.717,2.709,2.713,577,0
20190221,1930,2.713,2.714,2.702,2.709,380,0
20190221,2000,2.709,2.710,2.705,2.705,139,0
20190221,2030,2.706,2.706,2.697,2.698,551,0
20190221,2100,2.698,2.706,2.691,2.705,1251,0
20190221,2130,2.706,2.714,2.706,2.706,2099,0
20190221,2200,2.707,2.708,2.699,2.705,2613,0
20190221,2230,2.706,2.711,2.698,2.703,7434,0
20190221,2300,2.703,2.704,2.695,2.702,5040,0
20190221,2330,2.702,2.705,2.693,2.698,7298,0
20190222,0000,2.711,2.728,2.705,2.707,19545,0
20190222,0030,2.707,2.707,2.695,2.703,8358,0
20190222,0100,2.703,2.711,2.701,2.702,4832,0
20190222,0130,2.702,2.708,2.698,2.708,6190,0
20190222,0200,2.708,2.712,2.704,2.711,5729,0
20190222,0230,2.711,2.719,2.708,2.715,5176,0
20190222,0300,2.715,2.728,2.713,2.727,6180,0
20190222,0330,2.727,2.727,2.713,2.723,17991,0
20190222,0400,2.723,2.728,2.718,2.727,6217,0
20190222,0430,2.727,2.729,2.726,2.729,2098,0
20190222,0500,2.729,2.729,2.723,2.726,2942,0
20190222,0530,2.726,2.729,2.725,2.727,888,0
20190222,0600,2.726,2.731,2.726,2.729,732,0
20190222,0630,2.729,2.729,2.729,2.729,0,0
20190222,0730,2.728,2.742,2.728,2.732,749,0
20190222,0800,2.732,2.734,2.730,2.732,103,0
20190222,0830,2.732,2.732,2.724,2.725,228,0
20190222,0900,2.725,2.729,2.720,2.726,162,0
20190222,0930,2.726,2.726,2.706,2.707,738,0
20190222,1000,2.707,2.711,2.706,2.709,277,0
20190222,1030,2.709,2.715,2.709,2.712,118,0
20190222,1100,2.711,2.713,2.711,2.713,55,0
20190222,1130,2.713,2.715,2.712,2.713,42,0
20190222,1200,2.713,2.718,2.713,2.717,88,0
20190222,1230,2.716,2.717,2.713,2.715,71,0
20190222,1300,2.715,2.720,2.713,2.718,115,0
20190222,1330,2.718,2.722,2.715,2.722,150,0
20190222,1400,2.722,2.732,2.720,2.726,379,0
20190222,1430,2.726,2.727,2.719,2.719,128,0
20190222,1500,2.719,2.721,2.706,2.708,455,0
20190222,1530,2.708,2.708,2.705,2.706,496,0
20190222,1600,2.706,2.712,2.698,2.708,624,0
20190222,1630,2.708,2.717,2.708,2.716,263,0
20190222,1700,2.716,2.719,2.701,2.703,571,0
20190222,1730,2.703,2.710,2.701,2.708,199,0
20190222,1800,2.708,2.710,2.706,2.710,105,0
20190222,1830,2.709,2.710,2.705,2.705,134,0
20190222,1900,2.705,2.710,2.705,2.706,150,0
20190222,1930,2.706,2.716,2.703,2.715,462,0
20190222,2000,2.715,2.722,2.702,2.713,930,0
20190222,2030,2.712,2.716,2.708,2.712,444,0
20190222,2100,2.712,2.722,2.710,2.715,547,0
20190222,2130,2.714,2.720,2.707,2.710,1823,0
20190222,2200,2.710,2.719,2.709,2.715,2288,0
20190222,2230,2.717,2.717,2.706,2.709,4573,0
20190222,2300,2.708,2.721,2.708,2.717,5076,0
20190222,2330,2.719,2.720,2.708,2.714,4900,0
20190223,0000,2.714,2.719,2.711,2.718,4332,0
20190223,0030,2.718,2.719,2.711,2.717,4257,0
20190223,0100,2.717,2.720,2.712,2.713,3815,0
20190223,0130,2.712,2.721,2.710,2.719,4881,0
20190223,0200,2.719,2.721,2.715,2.719,2317,0
20190223,0230,2.719,2.736,2.719,2.734,8531,0
20190223,0300,2.734,2.738,2.730,2.737,5922,0
20190223,0330,2.737,2.740,2.729,2.739,10894,0
20190223,0400,2.738,2.746,2.730,2.730,7428,0
20190223,0430,2.728,2.730,2.726,2.727,2097,0
20190223,0500,2.727,2.729,2.723,2.725,1707,0
20190223,0530,2.725,2.728,2.724,2.726,672,0
20190223,0600,2.726,2.727,2.721,2.722,988,0
20190225,0730,2.770,2.778,2.768,2.770,1576,0
20190225,0800,2.770,2.773,2.769,2.771,348,0
20190225,0830,2.771,2.771,2.766,2.769,284,0
20190225,0900,2.769,2.772,2.766,2.766,301,0
20190225,0930,2.766,2.772,2.766,2.767,318,0
20190225,1000,2.767,2.769,2.766,2.766,219,0
20190225,1030,2.767,2.768,2.766,2.767,57,0
20190225,1100,2.767,2.768,2.766,2.767,138,0
20190225,1130,2.767,2.769,2.767,2.767,137,0
20190225,1200,2.767,2.770,2.767,2.768,102,0
20190225,1230,2.768,2.770,2.768,2.769,19,0
20190225,1300,2.768,2.772,2.767,2.769,152,0
20190225,1330,2.769,2.782,2.769,2.780,554,0
20190225,1400,2.781,2.787,2.776,2.782,1060,0
20190225,1430,2.782,2.785,2.779,2.782,194,0
20190225,1500,2.782,2.782,2.776,2.779,157,0
20190225,1530,2.779,2.783,2.778,2.781,175,0
20190225,1600,2.781,2.786,2.776,2.785,546,0
20190225,1630,2.785,2.786,2.779,2.781,394,0
20190225,1700,2.781,2.782,2.774,2.775,295,0
20190225,1730,2.775,2.778,2.769,2.777,652,0
20190225,1800,2.778,2.783,2.776,2.782,277,0
20190225,1830,2.782,2.786,2.779,2.785,446,0
20190225,1900,2.785,2.787,2.781,2.782,451,0
20190225,1930,2.782,2.783,2.781,2.781,621,0
20190225,2000,2.781,2.782,2.774,2.778,706,0
20190225,2030,2.778,2.782,2.774,2.775,507,0
20190225,2100,2.775,2.777,2.767,2.773,1141,0
20190225,2130,2.773,2.773,2.752,2.764,4979,0
20190225,2200,2.764,2.787,2.759,2.787,6888,0
20190225,2230,2.787,2.793,2.779,2.782,9063,0
20190225,2300,2.782,2.784,2.770,2.775,9605,0
20190225,2330,2.777,2.782,2.772,2.773,6041,0
20190226,0000,2.773,2.776,2.769,2.773,5790,0
20190226,0030,2.773,2.774,2.759,2.768,7050,0
20190226,0100,2.768,2.781,2.765,2.777,5330,0
20190226,0130,2.777,2.786,2.775,2.782,5886,0
20190226,0200,2.782,2.785,2.777,2.784,4383,0
20190226,0230,2.785,2.798,2.779,2.793,6816,0
20190226,0300,2.793,2.807,2.792,2.801,11755,0
20190226,0330,2.800,2.818,2.797,2.816,25291,0
20190226,0400,2.816,2.820,2.812,2.814,9589,0
20190226,0430,2.814,2.819,2.812,2.815,2689,0
20190226,0500,2.815,2.816,2.809,2.810,2585,0
20190226,0530,2.811,2.818,2.810,2.815,1030,0
20190226,0600,2.815,2.819,2.813,2.814,1229,0
20190226,0630,2.814,2.814,2.814,2.814,0,0
20190226,0730,2.812,2.819,2.812,2.817,160,0
20190226,0800,2.817,2.817,2.815,2.815,100,0
20190226,0830,2.815,2.816,2.811,2.816,241,0
20190226,0900,2.815,2.817,2.814,2.816,111,0
20190226,0930,2.816,2.816,2.812,2.814,183,0
20190226,1000,2.812,2.814,2.812,2.813,106,0
20190226,1030,2.813,2.817,2.812,2.817,153,0
20190226,1100,2.817,2.817,2.815,2.816,70,0
20190226,1130,2.817,2.820,2.816,2.819,83,0
20190226,1200,2.818,2.821,2.816,2.820,179,0
20190226,1230,2.820,2.822,2.818,2.820,85,0
20190226,1300,2.820,2.820,2.813,2.813,163,0
20190226,1330,2.813,2.825,2.812,2.823,657,0
20190226,1400,2.823,2.829,2.823,2.827,544,0
20190226,1430,2.827,2.827,2.822,2.826,169,0
20190226,1500,2.826,2.827,2.819,2.822,196,0
20190226,1530,2.822,2.828,2.814,2.821,599,0
20190226,1600,2.821,2.829,2.810,2.828,741,0
20190226,1630,2.828,2.828,2.817,2.822,288,0
