20190114,1030,2.902,2.902,2.902,2.902,0,0
20190114,1100,2.902,2.902,2.902,2.902,11,0
20190114,1130,2.902,2.902,2.902,2.902,4,0
20190114,1200,2.902,2.907,2.902,2.907,8,0
20190114,1230,2.907,2.908,2.907,2.908,8,0
20190114,1300,2.908,2.908,2.908,2.908,6,0
20190114,1330,2.908,2.908,2.908,2.908,3,0
20190114,1400,2.908,2.908,2.900,2.900,5,0
20190114,1430,2.900,2.902,2.900,2.902,1,0
20190114,1500,2.902,2.903,2.902,2.903,2,0
20190114,1530,2.903,2.903,2.903,2.903,0,0
20190114,1600,2.903,2.903,2.903,2.903,0,0
20190114,1630,2.903,2.903,2.903,2.903,0,0
20190114,1700,2.903,2.903,2.903,2.903,0,0
20190114,1730,2.903,2.903,2.903,2.903,6,0
20190114,1800,2.903,2.903,2.903,2.903,1,0
20190114,1830,2.903,2.903,2.903,2.903,0,0
20190114,1900,2.903,2.903,2.903,2.903,2,0
20190114,1930,2.903,2.903,2.902,2.902,17,0
20190114,2000,2.902,2.910,2.902,2.910,40,0
20190114,2030,2.910,2.923,2.910,2.922,150,0
20190114,2100,2.922,2.922,2.910,2.910,359,0
20190114,2130,2.910,2.913,2.905,2.905,821,0
20190114,2200,2.907,2.916,2.906,2.916,747,0
20190114,2230,2.916,2.926,2.916,2.925,1704,0
20190114,2300,2.925,2.938,2.923,2.938,1928,0
20190114,2330,2.938,2.941,2.935,2.938,1949,0
20190115,0000,2.938,2.942,2.929,2.931,3200,0
20190115,0030,2.931,2.938,2.924,2.931,2960,0
20190115,0100,2.931,2.944,2.929,2.942,1393,0
20190115,0130,2.942,2.942,2.926,2.926,638,0
20190115,0200,2.926,2.928,2.919,2.928,575,0
20190115,0230,2.928,2.928,2.918,2.926,714,0
20190115,0300,2.926,2.941,2.925,2.934,1171,0
20190115,0330,2.934,2.941,2.924,2.930,7821,0
20190115,0400,2.930,2.935,2.921,2.930,664,0
20190115,0430,2.930,2.930,2.914,2.914,389,0
20190115,0500,2.914,2.919,2.913,2.919,637,0
20190115,0530,2.919,2.927,2.919,2.926,422,0
20190115,0600,2.926,2.926,2.914,2.914,723,0
20190115,0630,2.914,2.914,2.914,2.914,0,0
20190115,1600,2.919,2.921,2.913,2.913,39,0
20190115,1630,2.913,2.932,2.913,2.932,12,0
20190115,1700,2.932,2.932,2.914,2.932,63,0
20190115,1730,2.932,2.932,2.932,2.932,75,0
20190115,1800,2.932,2.932,2.911,2.925,6,0
20190115,1830,2.925,2.925,2.925,2.925,4,0
20190115,1900,2.925,2.925,2.925,2.925,4,0
20190115,1930,2.925,2.925,2.917,2.920,38,0
20190115,2000,2.920,2.920,2.895,2.905,88,0
20190115,2030,2.905,2.905,2.896,2.897,65,0
20190115,2100,2.897,2.897,2.897,2.897,6,0
20190115,2130,2.897,2.917,2.895,2.915,206,0
20190115,2200,2.915,2.922,2.908,2.922,208,0
20190115,2230,2.922,2.923,2.905,2.915,729,0
20190115,2300,2.915,2.929,2.912,2.913,2089,0
20190115,2330,2.913,2.923,2.907,2.914,1686,0
20190116,0000,2.914,2.914,2.891,2.891,884,0
20190116,0030,2.891,2.897,2.878,2.880,787,0
20190116,0100,2.880,2.899,2.872,2.890,1718,0
20190116,0130,2.890,2.895,2.888,2.890,1405,0
20190116,0200,2.890,2.896,2.885,2.896,457,0
20190116,0230,2.896,2.896,2.882,2.883,350,0
20190116,0300,2.883,2.888,2.878,2.886,611,0
20190116,0330,2.886,2.888,2.870,2.877,4393,0
20190116,0400,2.877,2.886,2.874,2.875,660,0
20190116,0430,2.875,2.878,2.874,2.874,282,0
20190116,0500,2.874,2.874,2.871,2.871,139,0
20190116,0530,2.871,2.871,2.866,2.866,143,0
20190116,0600,2.866,2.866,2.858,2.858,194,0
20190116,0630,2.858,2.858,2.858,2.858,0,0
20190116,0730,2.847,2.869,2.847,2.847,30,0
20190116,0800,2.847,2.847,2.847,2.847,12,0
20190116,0830,2.847,2.855,2.847,2.855,16,0
20190116,0900,2.855,2.857,2.855,2.857,19,0
20190116,0930,2.857,2.857,2.857,2.857,16,0
20190116,1000,2.857,2.857,2.857,2.857,0,0
20190116,1030,2.857,2.857,2.857,2.857,0,0
20190116,1100,2.857,2.857,2.857,2.857,6,0
20190116,1130,2.857,2.857,2.857,2.857,1,0
20190116,1200,2.857,2.857,2.854,2.854,4,0
20190116,1230,2.854,2.854,2.854,2.854,0,0
20190116,1300,2.854,2.854,2.854,2.854,3,0
20190116,1330,2.854,2.854,2.827,2.827,8,0
20190116,1400,2.827,2.849,2.827,2.845,20,0
20190116,1430,2.845,2.845,2.842,2.844,5,0
20190116,1500,2.844,2.844,2.844,2.844,4,0
20190116,1530,2.844,2.844,2.844,2.844,2,0
20190116,1600,2.844,2.858,2.844,2.858,41,0
20190116,1630,2.858,2.858,2.858,2.858,86,0
20190116,1700,2.858,2.858,2.858,2.858,2,0
20190116,1730,2.858,2.858,2.856,2.856,7,0
20190116,1800,2.856,2.874,2.856,2.874,71,0
20190116,1830,2.874,2.882,2.874,2.879,29,0
20190116,1900,2.879,2.879,2.875,2.875,25,0
20190116,1930,2.875,2.875,2.875,2.875,21,0
20190116,2000,2.875,2.875,2.866,2.866,60,0
20190116,2030,2.866,2.875,2.866,2.875,36,0
20190116,2100,2.875,2.875,2.875,2.875,125,0
20190116,2130,2.875,2.902,2.875,2.899,443,0
20190116,2200,2.899,2.915,2.899,2.910,1244,0
20190116,2230,2.911,2.922,2.909,2.910,2841,0
20190116,2300,2.910,2.919,2.910,2.913,915,0
20190116,2330,2.913,2.916,2.902,2.916,608,0
20190117,0000,2.916,2.921,2.915,2.921,483,0
20190117,0030,2.921,2.921,2.909,2.912,436,0
20190117,0100,2.912,2.912,2.899,2.899,1032,0
20190117,0130,2.899,2.899,2.869,2.879,1910,0
20190117,0200,2.879,2.894,2.876,2.894,663,0
20190117,0230,2.894,2.894,2.871,2.880,187,0
20190117,0300,2.880,2.880,2.858,2.863,951,0
20190117,0330,2.863,2.881,2.860,2.869,8767,0
20190117,0400,2.869,2.873,2.860,2.870,1536,0
20190117,0430,2.870,2.879,2.866,2.878,227,0
20190117,0500,2.878,2.882,2.878,2.881,148,0
20190117,0530,2.881,2.884,2.880,2.883,172,0
20190117,0600,2.883,2.892,2.883,2.892,55,0
20190117,0630,2.892,2.892,2.892,2.892,0,0
20190117,1230,2.897,2.901,2.897,2.901,1,0
20190117,1300,2.901,2.901,2.901,2.901,15,0
20190117,1330,2.901,2.901,2.893,2.893,22,0
20190117,1400,2.893,2.893,2.893,2.893,6,0
20190117,1430,2.893,2.893,2.893,2.893,0,0
20190117,1500,2.893,2.893,2.893,2.893,0,0
20190117,1530,2.893,2.893,2.893,2.893,0,0
20190117,1600,2.893,2.893,2.893,2.893,12,0
20190117,1630,2.893,2.904,2.893,2.904,15,0
20190117,1700,2.904,2.907,2.904,2.905,4,0
20190117,1730,2.905,2.905,2.905,2.905,5,0
20190117,1800,2.905,2.911,2.905,2.911,15,0
20190117,1830,2.911,2.911,2.911,2.911,20,0
20190117,1900,2.911,2.911,2.911,2.911,36,0
20190117,1930,2.911,2.911,2.911,2.911,0,0
20190117,2000,2.911,2.911,2.911,2.911,72,0
20190117,2030,2.911,2.911,2.911,2.911,90,0
20190117,2100,2.911,2.924,2.911,2.921,180,0
20190117,2130,2.921,2.921,2.913,2.913,322,0
20190117,2200,2.913,2.922,2.903,2.906,436,0
20190117,2230,2.908,2.910,2.897,2.907,773,0
20190117,2300,2.907,2.910,2.900,2.903,215,0
20190117,2330,2.903,2.911,2.893,2.905,1393,0
20190118,0000,2.908,2.909,2.887,2.890,1268,0
20190118,0030,2.890,2.896,2.880,2.886,1111,0
20190118,0100,2.886,2.894,2.880,2.886,604,0
20190118,0130,2.886,2.904,2.885,2.901,1117,0
20190118,0200,2.901,2.909,2.901,2.906,523,0
20190118,0230,2.906,2.908,2.898,2.902,352,0
20190118,0300,2.902,2.903,2.889,2.890,1509,0
20190118,0330,2.890,2.898,2.885,2.898,2002,0
20190118,0400,2.898,2.899,2.884,2.897,3662,0
20190118,0430,2.897,2.897,2.891,2.891,161,0
20190118,0500,2.891,2.891,2.883,2.889,705,0
20190118,0530,2.889,2.890,2.885,2.886,200,0
20190118,0600,2.886,2.886,2.884,2.886,167,0
20190118,0630,2.886,2.886,2.886,2.886,0,0
20190118,1330,2.874,2.874,2.874,2.874,11,0
20190118,1400,2.874,2.874,2.874,2.874,1,0
20190118,1430,2.874,2.874,2.874,2.874,0,0
20190118,1500,2.874,2.881,2.874,2.881,12,0
20190118,1530,2.881,2.881,2.881,2.881,0,0
20190118,1600,2.881,2.881,2.875,2.875,12,0
20190118,1630,2.875,2.881,2.875,2.875,24,0
20190118,1700,2.875,2.875,2.875,2.875,1,0
20190118,1730,2.875,2.875,2.875,2.875,0,0
20190118,1800,2.875,2.875,2.875,2.875,0,0
20190118,1830,2.875,2.886,2.875,2.886,2,0
20190118,1900,2.886,2.886,2.886,2.886,0,0
20190118,1930,2.886,2.886,2.875,2.875,13,0
20190118,2000,2.875,2.875,2.875,2.875,47,0
20190118,2030,2.875,2.890,2.875,2.889,33,0
20190118,2100,2.889,2.890,2.883,2.888,14,0
20190118,2130,2.888,2.890,2.884,2.888,169,0
20190118,2200,2.888,2.893,2.881,2.893,720,0
20190118,2230,2.893,2.893,2.877,2.881,1368,0
20190118,2300,2.881,2.885,2.881,2.884,400,0
20190118,2330,2.884,2.892,2.883,2.884,845,0
20190119,0000,2.884,2.886,2.872,2.876,1017,0
20190119,0030,2.876,2.879,2.872,2.876,485,0
20190119,0100,2.876,2.888,2.876,2.888,518,0
20190119,0130,2.888,2.899,2.888,2.894,739,0
20190119,0200,2.894,2.906,2.894,2.906,63,0
20190119,0230,2.906,2.910,2.902,2.910,560,0
20190119,0300,2.910,2.922,2.908,2.915,1201,0
20190119,0330,2.915,2.930,2.915,2.930,3388,0
20190119,0400,2.930,2.930,2.916,2.916,1281,0
20190119,0430,2.916,2.921,2.916,2.918,670,0
20190119,0500,2.918,2.918,2.913,2.914,569,0
20190119,0530,2.914,2.925,2.914,2.923,99,0
20190119,0600,2.923,2.923,2.923,2.923,32,0
20190119,0630,2.923,2.923,2.923,2.923,0,0
20190121,0730,2.923,2.923,2.923,2.923,0,0
20190121,0800,2.923,2.923,2.923,2.923,0,0
20190121,0830,2.923,2.923,2.915,2.921,16,0
20190121,0900,2.921,2.921,2.921,2.921,1,0
20190121,0930,2.921,2.921,2.884,2.884,24,0
20190121,1000,2.884,2.884,2.884,2.884,1,0
20190121,1030,2.884,2.911,2.884,2.903,21,0
20190121,1100,2.903,2.903,2.903,2.903,4,0
20190121,1130,2.903,2.903,2.903,2.903,1,0
20190121,1200,2.903,2.903,2.903,2.903,15,0
20190121,1230,2.903,2.914,2.903,2.914,60,0
20190121,1300,2.914,2.914,2.914,2.914,2,0
20190121,1330,2.914,2.914,2.914,2.914,10,0
20190121,1400,2.914,2.915,2.914,2.915,44,0
20190121,1430,2.915,2.915,2.915,2.915,0,0
20190121,1500,2.915,2.915,2.915,2.915,0,0
20190121,1530,2.915,2.915,2.915,2.915,2,0
20190121,1600,2.915,2.915,2.915,2.915,1,0
20190121,1630,2.915,2.915,2.915,2.915,0,0
20190121,1700,2.915,2.915,2.915,2.915,0,0
20190121,1730,2.915,2.915,2.915,2.915,0,0
20190121,1800,2.915,2.915,2.915,2.915,0,0
20190121,1830,2.915,2.915,2.915,2.915,1,0
20190121,1900,2.915,2.915,2.915,2.915,0,0
20190121,1930,2.915,2.915,2.915,2.915,15,0
20190121,2000,2.915,2.915,2.915,2.915,3,0
20190121,2030,2.915,2.917,2.915,2.917,37,0
20190121,2100,2.917,2.917,2.917,2.917,5,0
20190121,2130,2.917,2.917,2.917,2.917,4,0
20190121,2200,2.917,2.917,2.917,2.917,8,0
20190121,2230,2.917,2.917,2.912,2.914,34,0
20190121,2300,2.914,2.924,2.914,2.924,140,0
20190121,2330,2.924,2.924,2.922,2.923,8,0
20190122,0000,2.923,2.923,2.923,2.923,8,0
20190122,0030,2.923,2.923,2.919,2.919,60,0
20190122,0100,2.919,2.919,2.918,2.918,43,0
20190122,0130,2.918,2.918,2.908,2.908,81,0
20190122,0200,2.908,2.908,2.895,2.896,35,0
20190122,0230,2.896,2.896,2.896,2.896,0,0
20190122,0300,2.896,2.896,2.896,2.896,0,0
20190122,0330,2.896,2.896,2.896,2.896,0,0
20190122,0400,2.896,2.896,2.896,2.896,0,0
20190122,0430,2.896,2.896,2.896,2.896,0,0
20190122,0500,2.896,2.896,2.896,2.896,0,0
20190122,0530,2.896,2.896,2.896,2.896,0,0
20190122,0600,2.896,2.896,2.896,2.896,0,0
20190122,0630,2.896,2.896,2.896,2.896,0,0
20190122,0730,2.911,2.911,2.909,2.909,11,0
20190122,0800,2.909,2.909,2.908,2.909,30,0
20190122,0830,2.909,2.909,2.909,2.909,0,0
20190122,0900,2.909,2.909,2.909,2.909,0,0
20190122,0930,2.909,2.909,2.909,2.909,0,0
20190122,1000,2.909,2.909,2.909,2.909,0,0
20190122,1030,2.909,2.909,2.909,2.909,1,0
20190122,1100,2.909,2.909,2.909,2.909,11,0
20190122,1130,2.909,2.909,2.909,2.909,0,0
20190122,1200,2.909,2.909,2.909,2.909,0,0
20190122,1230,2.909,2.909,2.909,2.909,2,0
20190122,1300,2.909,2.909,2.909,2.909,2,0
20190122,1330,2.909,2.909,2.909,2.909,0,0
20190122,1400,2.909,2.909,2.909,2.909,2,0
20190122,1430,2.909,2.909,2.909,2.909,0,0
20190122,1500,2.909,2.909,2.909,2.909,0,0
20190122,1530,2.909,2.909,2.909,2.909,0,0
20190122,1600,2.909,2.909,2.909,2.909,4,0
20190122,1630,2.909,2.909,2.909,2.909,0,0
20190122,1700,2.909,2.909,2.909,2.909,0,0
20190122,1730,2.909,2.909,2.909,2.909,0,0
20190122,1800,2.909,2.909,2.909,2.909,3,0
20190122,1830,2.909,2.909,2.907,2.907,2,0
20190122,1900,2.907,2.907,2.907,2.907,6,0
20190122,1930,2.907,2.907,2.907,2.907,0,0
20190122,2000,2.907,2.907,2.907,2.907,4,0
20190122,2030,2.907,2.907,2.895,2.895,84,0
20190122,2100,2.895,2.909,2.895,2.905,117,0
20190122,2130,2.905,2.908,2.885,2.885,299,0
20190122,2200,2.885,2.894,2.883,2.894,289,0
20190122,2230,2.890,2.896,2.885,2.896,419,0
20190122,2300,2.897,2.897,2.890,2.895,900,0
20190122,2330,2.895,2.898,2.892,2.896,1554,0
20190123,0000,2.896,2.905,2.895,2.903,1185,0
20190123,0030,2.903,2.914,2.903,2.910,865,0
20190123,0100,2.910,2.915,2.903,2.903,1680,0
20190123,0130,2.903,2.908,2.900,2.902,1796,0
20190123,0200,2.902,2.902,2.887,2.889,1074,0
20190123,0230,2.889,2.896,2.887,2.894,561,0
20190123,0300,2.894,2.900,2.887,2.898,1739,0
20190123,0330,2.898,2.900,2.887,2.900,4594,0
20190123,0400,2.900,2.900,2.888,2.888,1571,0
20190123,0430,2.888,2.898,2.888,2.897,754,0
20190123,0500,2.897,2.902,2.896,2.902,278,0
20190123,0530,2.902,2.907,2.902,2.906,119,0
20190123,0600,2.906,2.910,2.906,2.910,82,0
20190123,0630,2.910,2.910,2.910,2.910,0,0
20190123,0830,2.913,2.913,2.913,2.913,2,0
20190123,0900,2.913,2.913,2.913,2.913,0,0
20190123,0930,2.913,2.921,2.913,2.916,18,0
20190123,1000,2.916,2.916,2.916,2.916,26,0
20190123,1030,2.916,2.916,2.916,2.916,0,0
20190123,1100,2.916,2.916,2.916,2.916,0,0
20190123,1130,2.916,2.916,2.916,2.916,5,0
20190123,1200,2.916,2.916,2.916,2.916,0,0
20190123,1230,2.916,2.916,2.916,2.916,0,0
20190123,1300,2.916,2.921,2.916,2.921,9,0
20190123,1330,2.921,2.923,2.921,2.923,75,0
20190123,1400,2.923,2.923,2.923,2.923,36,0
20190123,1430,2.923,2.923,2.923,2.923,0,0
20190123,1500,2.923,2.923,2.923,2.923,0,0
20190123,1530,2.923,2.927,2.923,2.927,13,0
20190123,1600,2.927,2.928,2.923,2.924,66,0
20190123,1630,2.924,2.926,2.911,2.926,21,0
20190123,1700,2.926,2.928,2.926,2.928,8,0
20190123,1730,2.928,2.928,2.928,2.928,4,0
20190123,1800,2.928,2.928,2.928,2.928,2,0
20190123,1830,2.928,2.933,2.928,2.933,11,0
20190123,1900,2.933,2.933,2.926,2.930,27,0
20190123,1930,2.930,2.930,2.930,2.930,0,0
20190123,2000,2.930,2.930,2.930,2.930,10,0
20190123,2030,2.930,2.930,2.928,2.928,15,0
20190123,2100,2.928,2.930,2.927,2.927,43,0
20190123,2130,2.927,2.933,2.925,2.933,690,0
20190123,2200,2.933,2.938,2.923,2.924,202,0
20190123,2230,2.928,2.930,2.921,2.924,1128,0
20190123,2300,2.925,2.930,2.919,2.929,937,0
20190123,2330,2.926,2.932,2.923,2.932,556,0
20190124,0000,2.932,2.934,2.920,2.921,907,0
20190124,0030,2.921,2.928,2.918,2.920,865,0
20190124,0100,2.920,2.921,2.915,2.920,708,0
20190124,0130,2.920,2.922,2.893,2.893,2494,0
20190124,0200,2.893,2.902,2.893,2.897,761,0
20190124,0230,2.897,2.897,2.866,2.870,2782,0
20190124,0300,2.871,2.885,2.871,2.879,1120,0
20190124,0330,2.879,2.885,2.877,2.882,2494,0
20190124,0400,2.881,2.892,2.874,2.892,1226,0
20190124,0430,2.892,2.892,2.881,2.884,262,0
20190124,0500,2.884,2.889,2.884,2.887,349,0
20190124,0530,2.887,2.889,2.887,2.887,82,0
20190124,0600,2.887,2.892,2.887,2.892,201,0
20190124,0630,2.892,2.892,2.892,2.892,0,0
20190124,1030,2.900,2.900,2.900,2.900,0,0
20190124,1100,2.900,2.900,2.900,2.900,1,0
20190124,1130,2.900,2.900,2.900,2.900,0,0
20190124,1200,2.900,2.900,2.900,2.900,0,0
20190124,1230,2.900,2.900,2.900,2.900,0,0
20190124,1300,2.900,2.900,2.900,2.900,0,0
20190124,1330,2.900,2.900,2.900,2.900,0,0
20190124,1400,2.900,2.900,2.900,2.900,7,0
20190124,1430,2.900,2.900,2.900,2.900,24,0
20190124,1500,2.900,2.900,2.888,2.888,1,0
20190124,1530,2.888,2.888,2.888,2.888,0,0
20190124,1600,2.888,2.901,2.888,2.895,17,0
20190124,1630,2.895,2.909,2.895,2.902,32,0
20190124,1700,2.902,2.902,2.902,2.902,2,0
20190124,1730,2.902,2.902,2.902,2.902,2,0
20190124,1800,2.902,2.902,2.902,2.902,0,0
20190124,1830,2.902,2.902,2.902,2.902,0,0
20190124,1900,2.902,2.902,2.902,2.902,0,0
20190124,1930,2.902,2.912,2.902,2.910,8,0
20190124,2000,2.910,2.920,2.910,2.920,179,0
20190124,2030,2.920,2.925,2.920,2.925,196,0
20190124,2100,2.925,2.925,2.920,2.920,302,0
20190124,2130,2.920,2.927,2.912,2.912,137,0
20190124,2200,2.912,2.929,2.912,2.923,304,0
20190124,2230,2.923,2.923,2.910,2.912,539,0
20190124,2300,2.912,2.915,2.909,2.915,618,0
20190124,2330,2.914,2.916,2.911,2.913,277,0
20190125,0000,2.920,2.920,2.902,2.907,440,0
20190125,0030,2.907,2.926,2.900,2.918,1995,0
20190125,0100,2.918,2.919,2.914,2.914,970,0
20190125,0130,2.914,2.916,2.907,2.913,879,0
20190125,0200,2.913,2.919,2.912,2.918,260,0
20190125,0230,2.918,2.920,2.912,2.914,145,0
20190125,0300,2.914,2.915,2.906,2.909,683,0
20190125,0330,2.909,2.925,2.906,2.923,2158,0
20190125,0400,2.922,2.927,2.915,2.921,1348,0
20190125,0430,2.921,2.924,2.919,2.923,76,0
20190125,0500,2.923,2.927,2.923,2.923,205,0
20190125,0530,2.923,2.923,2.919,2.921,183,0
20190125,0600,2.921,2.921,2.919,2.919,30,0
20190125,0630,2.919,2.919,2.919,2.919,0,0
20190125,0830,2.932,2.932,2.932,2.932,5,0
20190125,0900,2.932,2.932,2.932,2.932,1,0
20190125,0930,2.932,2.932,2.932,2.932,0,0
20190125,1000,2.932,2.932,2.932,2.932,2,0
20190125,1030,2.932,2.932,2.932,2.932,0,0
20190125,1100,2.932,2.932,2.932,2.932,1,0
20190125,1130,2.932,2.936,2.932,2.936,8,0
20190125,1200,2.936,2.936,2.932,2.932,2,0
20190125,1230,2.932,2.932,2.932,2.932,0,0
20190125,1300,2.932,2.932,2.932,2.932,0,0
20190125,1330,2.932,2.940,2.932,2.940,14,0
20190125,1400,2.940,2.940,2.940,2.940,0,0
20190125,1430,2.940,2.940,2.940,2.940,0,0
20190125,1500,2.940,2.940,2.940,2.940,4,0
20190125,1530,2.940,2.940,2.940,2.940,2,0
20190125,1600,2.940,2.940,2.923,2.923,5,0
20190125,1630,2.923,2.923,2.923,2.923,0,0
20190125,1700,2.923,2.923,2.923,2.923,9,0
20190125,1730,2.923,2.923,2.923,2.923,23,0
20190125,1800,2.923,2.923,2.923,2.923,5,0
20190125,1830,2.923,2.923,2.923,2.923,16,0
20190125,1900,2.923,2.923,2.913,2.917,31,0
20190125,1930,2.917,2.919,2.917,2.919,49,0
20190125,2000,2.919,2.919,2.919,2.919,23,0
20190125,2030,2.919,2.919,2.919,2.919,2,0
20190125,2100,2.919,2.920,2.915,2.915,17,0
20190125,2130,2.915,2.915,2.911,2.915,178,0
20190125,2200,2.915,2.915,2.897,2.907,554,0
20190125,2230,2.907,2.908,2.900,2.902,653,0
20190125,2300,2.902,2.915,2.902,2.910,531,0
20190125,2330,2.910,2.915,2.908,2.915,463,0
20190126,0000,2.915,2.928,2.909,2.927,896,0
20190126,0030,2.927,2.929,2.924,2.926,1025,0
20190126,0100,2.926,2.939,2.926,2.939,1767,0
20190126,0130,2.939,2.946,2.932,2.939,1959,0
20190126,0200,2.939,2.950,2.939,2.943,899,0
20190126,0230,2.943,2.943,2.939,2.940,647,0
20190126,0300,2.940,2.943,2.936,2.939,888,0
20190126,0330,2.939,2.951,2.939,2.950,3183,0
20190126,0400,2.949,2.949,2.942,2.942,694,0
20190126,0430,2.942,2.944,2.939,2.939,266,0
20190126,0500,2.939,2.939,2.936,2.937,37,0
20190126,0530,2.937,2.937,2.933,2.933,183,0
20190126,0600,2.933,2.937,2.933,2.937,88,0
20190126,0630,2.937,2.937,2.937,2.937,0,0
20190128,0730,2.857,2.891,2.857,2.883,848,0
20190128,0800,2.883,2.885,2.880,2.880,155,0
20190128,0830,2.880,2.895,2.880,2.895,252,0
20190128,0900,2.895,2.895,2.895,2.895,59,0
20190128,0930,2.895,2.897,2.894,2.894,96,0
20190128,1000,2.894,2.896,2.894,2.896,32,0
20190128,1030,2.896,2.899,2.895,2.899,50,0
20190128,1100,2.899,2.900,2.899,2.900,18,0
20190128,1130,2.900,2.903,2.900,2.903,18,0
20190128,1200,2.903,2.903,2.903,2.903,15,0
20190128,1230,2.903,2.904,2.903,2.904,16,0
20190128,1300,2.904,2.904,2.904,2.904,0,0
20190128,1330,2.904,2.904,2.904,2.904,0,0
20190128,1400,2.904,2.905,2.904,2.905,5,0
20190128,1430,2.905,2.905,2.905,2.905,0,0
20190128,1500,2.905,2.905,2.905,2.905,0,0
20190128,1530,2.905,2.905,2.905,2.905,0,0
20190128,1600,2.905,2.905,2.905,2.905,7,0
20190128,1800,2.906,2.906,2.906,2.906,23,0
20190128,1830,2.906,2.906,2.906,2.906,123,0
20190128,1900,2.906,2.906,2.906,2.906,8,0
20190128,1930,2.906,2.906,2.903,2.903,105,0
20190128,2000,2.903,2.903,2.900,2.900,68,0
20190128,2030,2.900,2.915,2.900,2.915,196,0
20190128,2100,2.915,2.927,2.915,2.915,500,0
20190128,2130,2.915,2.915,2.898,2.911,445,0
20190128,2200,2.911,2.911,2.901,2.901,496,0
20190128,2230,2.901,2.912,2.897,2.910,1360,0
20190128,2300,2.910,2.919,2.910,2.913,934,0
20190128,2330,2.913,2.916,2.910,2.910,1026,0
20190129,0000,2.910,2.919,2.910,2.914,1515,0
20190129,0030,2.914,2.914,2.906,2.913,1158,0
20190129,0100,2.913,2.919,2.913,2.918,786,0
20190129,0130,2.918,2.925,2.911,2.911,1297,0
20190129,0200,2.911,2.915,2.909,2.911,518,0
20190129,0230,2.911,2.915,2.910,2.915,1111,0
20190129,0300,2.915,2.915,2.902,2.902,790,0
20190129,0330,2.902,2.908,2.890,2.896,2655,0
20190129,0400,2.896,2.907,2.896,2.905,2536,0
20190129,0430,2.905,2.907,2.897,2.900,576,0
20190129,0500,2.900,2.905,2.895,2.905,159,0
20190129,0530,2.905,2.909,2.905,2.908,145,0
20190129,0600,2.908,2.914,2.908,2.914,50,0
20190129,0630,2.914,2.914,2.914,2.914,1,0
20190129,1330,2.913,2.913,2.913,2.913,0,0
20190129,1400,2.913,2.913,2.913,2.913,0,0
20190129,1430,2.913,2.913,2.913,2.913,0,0
20190129,1500,2.913,2.913,2.913,2.913,2,0
20190129,1530,2.913,2.913,2.908,2.908,5,0
20190129,1600,2.908,2.908,2.908,2.908,7,0
20190129,1630,2.908,2.908,2.908,2.908,0,0
20190129,1700,2.908,2.908,2.908,2.908,4,0
20190129,1730,2.908,2.908,2.908,2.908,0,0
20190129,1800,2.908,2.908,2.908,2.908,0,0
20190129,1830,2.908,2.908,2.908,2.908,0,0
20190129,1900,2.908,2.908,2.908,2.908,0,0
20190129,1930,2.908,2.908,2.908,2.908,0,0
20190129,2000,2.908,2.908,2.908,2.908,5,0
20190129,2030,2.908,2.908,2.908,2.908,0,0
20190129,2100,2.908,2.908,2.908,2.908,39,0
20190129,2130,2.908,2.923,2.908,2.912,179,0
20190129,2200,2.912,2.913,2.870,2.873,2111,0
20190129,2230,2.873,2.887,2.873,2.887,1165,0
20190129,2300,2.887,2.895,2.880,2.880,1683,0
20190129,2330,2.882,2.889,2.874,2.889,762,0
20190130,0000,2.889,2.894,2.889,2.890,473,0
20190130,0030,2.890,2.910,2.888,2.905,1073,0
20190130,0100,2.905,2.905,2.889,2.896,645,0
20190130,0130,2.896,2.907,2.894,2.907,1424,0
20190130,0200,2.907,2.921,2.907,2.911,1143,0
20190130,0230,2.911,2.925,2.910,2.918,1853,0
20190130,0300,2.918,2.936,2.915,2.936,1637,0
20190130,0330,2.936,2.942,2.913,2.937,3442,0
20190130,0400,2.937,2.937,2.932,2.932,1186,0
20190130,0430,2.932,2.933,2.928,2.928,86,0
20190130,0500,2.928,2.931,2.924,2.925,165,0
20190130,0530,2.925,2.929,2.925,2.926,260,0
20190130,0600,2.926,2.930,2.926,2.928,139,0
20190130,0630,2.928,2.928,2.928,2.928,2,0
20190130,1330,2.919,2.919,2.919,2.919,1,0
20190130,1400,2.919,2.919,2.915,2.915,51,0
20190130,1430,2.915,2.915,2.915,2.915,6,0
20190130,1500,2.915,2.915,2.915,2.915,4,0
20190130,1530,2.915,2.915,2.915,2.915,1,0
20190130,1600,2.915,2.915,2.906,2.906,36,0
20190130,1630,2.906,2.915,2.905,2.915,12,0
20190130,1700,2.915,2.915,2.915,2.915,1,0
20190130,1730,2.915,2.915,2.915,2.915,0,0
20190130,1800,2.915,2.915,2.915,2.915,0,0
20190130,1830,2.915,2.915,2.915,2.915,10,0
20190130,1900,2.915,2.915,2.915,2.915,0,0
20190130,1930,2.915,2.915,2.915,2.915,20,0
20190130,2000,2.915,2.915,2.915,2.915,0,0
20190130,2030,2.915,2.924,2.911,2.924,90,0
20190130,2100,2.924,2.924,2.920,2.920,14,0
20190130,2130,2.920,2.920,2.909,2.914,219,0
20190130,2200,2.914,2.924,2.910,2.916,856,0
20190130,2230,2.907,2.918,2.907,2.916,948,0
20190130,2300,2.916,2.918,2.907,2.910,1053,0
20190130,2330,2.910,2.915,2.908,2.912,402,0
20190131,0000,2.912,2.916,2.905,2.910,280,0
20190131,0030,2.910,2.915,2.908,2.915,652,0
20190131,0100,2.915,2.917,2.912,2.915,523,0
20190131,0130,2.915,2.925,2.914,2.922,2169,0
20190131,0200,2.922,2.922,2.915,2.915,447,0
20190131,0230,2.915,2.917,2.913,2.917,581,0
20190131,0300,2.917,2.917,2.912,2.915,375,0
20190131,0330,2.915,2.918,2.905,2.905,0,0
20190131,0400,2.905,2.911,2.905,2.910,0,0
20190131,0430,2.910,2.911,2.910,2.911,0,0
20190131,0500,2.911,2.914,2.909,2.914,0,0
20190131,0530,2.914,2.916,2.914,2.915,0,0
20190131,0600,2.915,2.917,2.915,2.915,0,0
20190131,0630,2.915,2.915,2.915,2.915,0,0
20190131,1200,2.920,2.920,2.920,2.920,1,0
20190131,1230,2.920,2.920,2.920,2.920,2,0
20190131,1300,2.920,2.922,2.920,2.922,1,0
20190131,1330,2.922,2.924,2.922,2.924,8,0
20190131,1400,2.924,2.924,2.924,2.924,0,0
20190131,1430,2.924,2.924,2.924,2.924,0,0
20190131,1500,2.924,2.926,2.924,2.926,13,0
20190131,1530,2.926,2.926,2.926,2.926,7,0
20190131,1600,2.926,2.930,2.926,2.930,41,0
20190131,1630,2.930,2.930,2.924,2.924,5,0
20190131,1700,2.924,2.924,2.924,2.924,0,0
20190131,1730,2.924,2.926,2.924,2.926,13,0
20190131,1800,2.926,2.926,2.926,2.926,20,0
20190131,1830,2.926,2.926,2.925,2.925,20,0
20190131,1900,2.925,2.927,2.925,2.927,26,0
20190131,1930,2.927,2.927,2.923,2.926,135,0
20190131,2000,2.926,2.928,2.925,2.926,16,0
20190131,2030,2.926,2.928,2.925,2.926,69,0
20190131,2100,2.926,2.928,2.926,2.927,192,0
20190131,2130,2.927,2.927,2.921,2.921,103,0
20190131,2200,2.921,2.922,2.916,2.918,157,0
20190131,2230,2.918,2.923,2.917,2.919,1042,0
20190131,2300,2.919,2.920,2.904,2.916,2073,0
20190131,2330,2.916,2.917,2.911,2.913,1255,0
20190201,0000,2.913,2.914,2.883,2.893,2310,0
20190201,0030,2.893,2.893,2.870,2.880,1581,0
20190201,0100,2.880,2.881,2.872,2.872,876,0
20190201,0130,2.872,2.887,2.871,2.885,4457,0
20190201,0200,2.885,2.886,2.877,2.882,454,0
20190201,0230,2.882,2.884,2.881,2.882,182,0
20190201,0300,2.882,2.884,2.879,2.882,351,0
20190201,0330,2.882,2.885,2.864,2.864,3663,0
20190201,0400,2.864,2.870,2.864,2.868,586,0
20190201,0430,2.868,2.872,2.868,2.870,203,0
20190201,0500,2.870,2.873,2.870,2.873,147,0
20190201,0530,2.873,2.874,2.868,2.868,474,0
20190201,0600,2.868,2.870,2.868,2.870,366,0
20190201,0630,2.870,2.870,2.870,2.870,0,0
20190201,0730,2.873,2.873,2.873,2.873,5,0
20190201,0800,2.873,2.873,2.873,2.873,1,0
20190201,0830,2.873,2.882,2.873,2.882,9,0
20190201,0900,2.882,2.882,2.882,2.882,7,0
20190201,0930,2.882,2.882,2.882,2.882,0,0
20190201,1000,2.882,2.882,2.882,2.882,1,0
20190201,1030,2.882,2.882,2.869,2.869,10,0
20190201,1100,2.869,2.869,2.869,2.869,0,0
20190201,1130,2.869,2.869,2.869,2.869,1,0
20190201,1200,2.869,2.869,2.869,2.869,1,0
20190201,1230,2.869,2.875,2.869,2.875,6,0
20190201,1300,2.875,2.875,2.875,2.875,0,0
20190201,1330,2.875,2.875,2.867,2.867,3,0
20190201,1400,2.867,2.867,2.867,2.867,0,0
20190201,1430,2.867,2.867,2.867,2.867,0,0
20190201,1500,2.867,2.867,2.867,2.867,0,0
20190201,1530,2.867,2.867,2.867,2.867,4,0
20190201,1600,2.867,2.867,2.851,2.853,223,0
20190201,1630,2.853,2.853,2.853,2.853,196,0
20190201,1700,2.853,2.853,2.837,2.837,53,0
20190201,1730,2.837,2.839,2.837,2.839,86,0
20190201,1800,2.839,2.849,2.839,2.849,2,0
20190201,1830,2.849,2.852,2.849,2.852,17,0
20190201,1900,2.852,2.852,2.852,2.852,5,0
20190201,1930,2.852,2.852,2.845,2.845,10,0
20190201,2000,2.845,2.853,2.845,2.853,21,0
20190201,2030,2.853,2.855,2.853,2.855,29,0
20190201,2100,2.855,2.855,2.852,2.852,127,0
20190201,2130,2.852,2.860,2.844,2.854,278,0
20190201,2200,2.854,2.855,2.843,2.845,1375,0
20190201,2230,2.845,2.847,2.835,2.845,900,0
20190201,2300,2.845,2.847,2.841,2.842,1657,0
20190201,2330,2.842,2.847,2.842,2.842,879,0
20190202,0000,2.842,2.853,2.839,2.852,640,0
20190202,0030,2.852,2.853,2.845,2.846,1874,0
20190202,0100,2.846,2.846,2.836,2.838,958,0
20190202,0130,2.838,2.838,2.826,2.826,747,0
20190202,0200,2.826,2.828,2.812,2.814,1371,0
20190202,0230,2.814,2.822,2.807,2.807,961,0
20190202,0300,2.807,2.811,2.802,2.811,1006,0
20190202,0330,2.811,2.817,2.801,2.801,5097,0
20190202,0400,2.801,2.809,2.801,2.804,1670,0
20190202,0430,2.804,2.810,2.804,2.810,366,0
20190202,0500,2.810,2.812,2.809,2.809,227,0
20190202,0530,2.809,2.809,2.808,2.808,170,0
20190202,0600,2.808,2.808,2.808,2.808,71,0
20190202,0630,2.808,2.808,2.808,2.808,0,0
20190204,0730,2.782,2.801,2.782,2.801,16,0
20190204,0800,2.801,2.801,2.794,2.794,2,0
20190204,0830,2.794,2.800,2.794,2.800,5,0
20190204,0900,2.800,2.800,2.800,2.800,0,0
20190204,0930,2.800,2.800,2.800,2.800,27,0
20190204,1000,2.800,2.800,2.800,2.800,10,0
20190204,1030,2.800,2.800,2.800,2.800,0,0
20190204,1100,2.800,2.800,2.800,2.800,0,0
20190204,1130,2.800,2.800,2.800,2.800,4,0
20190204,1200,2.800,2.800,2.800,2.800,0,0
20190204,1230,2.800,2.800,2.800,2.800,0,0
20190204,1300,2.800,2.800,2.800,2.800,0,0
20190204,1330,2.800,2.800,2.800,2.800,0,0
20190204,1400,2.800,2.800,2.800,2.800,0,0
20190204,1430,2.800,2.805,2.800,2.805,8,0
20190204,1500,2.805,2.805,2.805,2.805,0,0
20190204,1530,2.805,2.805,2.805,2.805,0,0
20190204,1600,2.805,2.805,2.783,2.783,9,0
20190204,1630,2.783,2.788,2.783,2.788,5,0
20190204,1700,2.788,2.792,2.788,2.792,3,0
20190204,1730,2.792,2.793,2.791,2.793,4,0
20190204,1800,2.793,2.793,2.793,2.793,0,0
20190204,1830,2.793,2.793,2.793,2.793,0,0
20190204,1900,2.793,2.814,2.792,2.792,5,0
20190204,1930,2.792,2.792,2.792,2.792,6,0
20190204,2000,2.792,2.792,2.792,2.792,21,0
20190204,2030,2.792,2.803,2.790,2.790,95,0
20190204,2100,2.790,2.794,2.790,2.794,121,0
20190204,2130,2.794,2.797,2.779,2.779,147,0
20190204,2200,2.779,2.779,2.759,2.761,1094,0
20190204,2230,2.761,2.772,2.759,2.772,1096,0
20190204,2300,2.772,2.772,2.757,2.759,998,0
20190204,2330,2.759,2.768,2.757,2.767,640,0
20190205,0000,2.767,2.778,2.766,2.770,1198,0
20190205,0030,2.770,2.774,2.760,2.765,1512,0
20190205,0100,2.765,2.769,2.756,2.760,663,0
20190205,0130,2.760,2.764,2.756,2.763,1020,0
20190205,0200,2.763,2.765,2.759,2.762,776,0
20190205,0230,2.762,2.763,2.756,2.760,774,0
20190205,0300,2.760,2.763,2.757,2.759,1201,0
20190205,0330,2.759,2.771,2.757,2.760,3907,0
20190205,0400,2.761,2.763,2.760,2.762,751,0
20190205,0430,2.762,2.764,2.761,2.762,198,0
20190205,0500,2.762,2.764,2.760,2.764,481,0
20190205,0530,2.764,2.764,2.760,2.760,41,0
20190205,0600,2.760,2.760,2.760,2.760,96,0
20190205,0630,2.760,2.760,2.760,2.760,0,0
20190205,0800,2.763,2.763,2.763,2.763,2,0
20190205,0830,2.763,2.763,2.763,2.763,0,0
20190205,0900,2.763,2.763,2.763,2.763,9,0
20190205,0930,2.763,2.764,2.763,2.764,1,0
20190205,1000,2.764,2.764,2.764,2.764,0,0
20190205,1030,2.764,2.764,2.764,2.764,0,0
20190205,1100,2.764,2.764,2.764,2.764,0,0
20190205,1130,2.764,2.764,2.764,2.764,0,0
20190205,1200,2.764,2.764,2.764,2.764,0,0
20190205,1230,2.764,2.764,2.764,2.764,0,0
20190205,1300,2.764,2.764,2.764,2.764,1,0
20190205,1330,2.764,2.764,2.764,2.764,0,0
20190205,1400,2.764,2.764,2.764,2.764,0,0
20190205,1430,2.764,2.764,2.755,2.755,29,0
20190205,1500,2.755,2.757,2.755,2.757,5,0
20190205,1530,2.757,2.757,2.757,2.757,0,0
20190205,1600,2.757,2.757,2.757,2.757,0,0
20190205,1630,2.757,2.757,2.757,2.757,0,0
20190205,1700,2.757,2.757,2.757,2.757,14,0
20190205,1730,2.757,2.757,2.757,2.757,1,0
20190205,1800,2.757,2.757,2.757,2.757,13,0
20190205,1830,2.757,2.757,2.757,2.757,0,0
20190205,1900,2.757,2.761,2.757,2.761,2,0
20190205,1930,2.761,2.767,2.761,2.767,192,0
20190205,2000,2.767,2.767,2.763,2.767,241,0
20190205,2030,2.767,2.768,2.765,2.767,140,0
20190205,2100,2.767,2.782,2.766,2.782,130,0
20190205,2130,2.782,2.790,2.781,2.786,80,0
20190205,2200,2.786,2.791,2.777,2.791,744,0
20190205,2230,2.790,2.790,2.773,2.776,657,0
20190205,2300,2.776,2.777,2.770,2.776,773,0
20190205,2330,2.776,2.788,2.776,2.784,187,0
20190206,0000,2.784,2.794,2.781,2.790,412,0
20190206,0030,2.790,2.795,2.790,2.794,388,0
20190206,0100,2.794,2.799,2.788,2.790,741,0
20190206,0130,2.790,2.793,2.776,2.776,1003,0
20190206,0200,2.776,2.780,2.772,2.778,776,0
20190206,0230,2.778,2.781,2.773,2.774,870,0
20190206,0300,2.774,2.777,2.770,2.770,525,0
20190206,0330,2.770,2.779,2.768,2.775,4594,0
20190206,0400,2.776,2.785,2.776,2.782,746,0
20190206,0430,2.782,2.784,2.782,2.783,230,0
20190206,0500,2.783,2.791,2.783,2.791,249,0
20190206,0530,2.791,2.792,2.790,2.790,163,0
20190206,0600,2.790,2.791,2.787,2.787,112,0
20190206,0630,2.787,2.787,2.787,2.787,0,0
20190206,0830,2.808,2.808,2.808,2.808,2,0
20190206,0900,2.808,2.808,2.808,2.808,0,0
20190206,0930,2.808,2.808,2.808,2.808,1,0
20190206,1000,2.808,2.808,2.800,2.800,9,0
20190206,1030,2.800,2.800,2.800,2.800,7,0
20190206,1100,2.800,2.800,2.800,2.800,0,0
20190206,1130,2.800,2.800,2.800,2.800,0,0
20190206,1200,2.800,2.800,2.800,2.800,0,0
20190206,1230,2.800,2.800,2.800,2.800,1,0
20190206,1300,2.800,2.800,2.800,2.800,16,0
20190206,1330,2.800,2.807,2.800,2.807,30,0
20190206,1400,2.807,2.807,2.795,2.795,10,0
20190206,1430,2.795,2.795,2.795,2.795,0,0
20190206,1500,2.795,2.795,2.795,2.795,0,0
20190206,1530,2.795,2.795,2.795,2.795,9,0
20190206,1600,2.795,2.795,2.780,2.780,23,0
20190206,1630,2.780,2.780,2.780,2.780,0,0
20190206,1700,2.780,2.780,2.780,2.780,0,0
20190206,1730,2.780,2.791,2.780,2.791,1,0
20190206,1800,2.791,2.791,2.785,2.785,3,0
20190206,1830,2.785,2.785,2.785,2.785,1,0
20190206,1900,2.785,2.791,2.785,2.791,6,0
20190206,1930,2.791,2.795,2.791,2.795,7,0
20190206,2000,2.795,2.796,2.795,2.796,5,0
20190206,2030,2.796,2.801,2.796,2.799,141,0
20190206,2100,2.799,2.803,2.799,2.802,16,0
20190206,2130,2.802,2.805,2.799,2.805,515,0
20190206,2200,2.805,2.805,2.792,2.792,688,0
20190206,2230,2.792,2.792,2.777,2.781,732,0
20190206,2300,2.781,2.790,2.779,2.786,453,0
20190206,2330,2.786,2.788,2.779,2.779,684,0
20190207,0000,2.779,2.787,2.779,2.781,1222,0
20190207,0030,2.781,2.783,2.777,2.778,1048,0
20190207,0100,2.778,2.782,2.775,2.782,892,0
20190207,0130,2.782,2.804,2.780,2.803,1378,0
20190207,0200,2.803,2.805,2.799,2.803,709,0
20190207,0230,2.803,2.803,2.797,2.799,647,0
20190207,0300,2.799,2.807,2.799,2.801,844,0
20190207,0330,2.801,2.801,2.784,2.786,3953,0
20190207,0400,2.786,2.795,2.785,2.788,972,0
20190207,0430,2.788,2.795,2.788,2.795,362,0
20190207,0500,2.795,2.795,2.791,2.792,699,0
20190207,0530,2.792,2.793,2.792,2.792,113,0
20190207,0600,2.792,2.794,2.792,2.794,82,0
20190207,0630,2.794,2.794,2.794,2.794,0,0
20190207,0830,2.799,2.799,2.799,2.799,0,0
20190207,0900,2.799,2.799,2.799,2.799,0,0
20190207,0930,2.799,2.799,2.799,2.799,0,0
20190207,1000,2.799,2.799,2.799,2.799,0,0
20190207,1030,2.799,2.799,2.799,2.799,0,0
20190207,1100,2.799,2.801,2.799,2.801,1,0
20190207,1130,2.801,2.801,2.801,2.801,0,0
20190207,1200,2.801,2.801,2.801,2.801,0,0
20190207,1230,2.801,2.801,2.801,2.801,6,0
20190207,1300,2.801,2.801,2.801,2.801,0,0
20190207,1330,2.801,2.801,2.801,2.801,0,0
20190207,1400,2.801,2.801,2.787,2.790,18,0
20190207,1430,2.790,2.790,2.790,2.790,1,0
20190207,1500,2.790,2.790,2.790,2.790,0,0
20190207,1530,2.790,2.790,2.790,2.790,0,0
20190207,1600,2.790,2.790,2.763,2.763,223,0
20190207,1630,2.763,2.763,2.763,2.763,21,0
20190207,1700,2.763,2.763,2.763,2.763,4,0
20190207,1730,2.763,2.763,2.763,2.763,9,0
20190207,1800,2.763,2.763,2.763,2.763,110,0
20190207,1830,2.763,2.763,2.763,2.763,10,0
20190207,1900,2.763,2.763,2.763,2.763,3,0
20190207,1930,2.763,2.763,2.763,2.763,29,0
20190207,2000,2.763,2.763,2.763,2.763,49,0
20190207,2030,2.763,2.768,2.763,2.768,162,0
20190207,2100,2.768,2.768,2.756,2.759,207,0
20190207,2130,2.759,2.760,2.752,2.756,668,0
20190207,2200,2.756,2.769,2.756,2.763,595,0
20190207,2230,2.763,2.773,2.762,2.768,946,0
20190207,2300,2.768,2.768,2.762,2.765,1613,0
20190207,2330,2.765,2.767,2.760,2.760,1165,0
20190208,0000,2.760,2.760,2.743,2.745,3356,0
20190208,0030,2.745,2.745,2.729,2.738,3461,0
20190208,0100,2.738,2.743,2.732,2.735,645,0
20190208,0130,2.735,2.741,2.733,2.740,547,0
20190208,0200,2.740,2.741,2.723,2.723,2303,0
20190208,0230,2.723,2.731,2.723,2.727,2833,0
20190208,0300,2.727,2.730,2.721,2.727,1720,0
20190208,0330,2.727,2.735,2.727,2.734,7081,0
20190208,0400,2.734,2.744,2.732,2.743,1659,0
20190208,0430,2.743,2.748,2.743,2.748,606,0
20190208,0500,2.748,2.748,2.745,2.746,211,0
20190208,0530,2.746,2.746,2.744,2.746,237,0
20190208,0600,2.746,2.746,2.746,2.746,478,0
20190208,0630,2.746,2.746,2.746,2.746,0,0
20190208,0730,2.746,2.746,2.746,2.746,0,0
20190208,0800,2.746,2.746,2.746,2.746,0,0
20190208,0830,2.746,2.759,2.746,2.759,2,0
20190208,0900,2.760,2.762,2.760,2.762,3,0
20190208,0930,2.762,2.762,2.762,2.762,10,0
20190208,1000,2.762,2.762,2.762,2.762,4,0
20190208,1030,2.762,2.762,2.759,2.759,8,0
20190208,1100,2.759,2.759,2.759,2.759,0,0
20190208,1130,2.759,2.759,2.759,2.759,0,0
20190208,1200,2.759,2.759,2.759,2.759,0,0
20190208,1230,2.759,2.759,2.759,2.759,0,0
20190208,1300,2.759,2.759,2.759,2.759,0,0
20190208,1330,2.759,2.759,2.759,2.759,0,0
20190208,1400,2.759,2.759,2.755,2.756,7,0
20190208,1430,2.756,2.758,2.756,2.758,1,0
20190208,1500,2.758,2.758,2.758,2.758,0,0
20190208,1530,2.758,2.758,2.758,2.758,62,0
20190208,1600,2.758,2.758,2.746,2.746,30,0
20190208,1630,2.746,2.759,2.746,2.759,3,0
20190208,1700,2.759,2.759,2.759,2.759,1,0
20190208,1730,2.759,2.759,2.759,2.759,20,0
20190208,1800,2.759,2.759,2.756,2.756,7,0
20190208,1830,2.756,2.763,2.756,2.760,12,0
20190208,1900,2.760,2.760,2.756,2.756,7,0
20190208,1930,2.756,2.756,2.756,2.756,45,0
20190208,2000,2.756,2.756,2.756,2.756,83,0
20190208,2030,2.756,2.756,2.748,2.752,201,0
20190208,2100,2.752,2.766,2.752,2.765,278,0
20190208,2130,2.765,2.766,2.758,2.761,243,0
20190208,2200,2.761,2.766,2.756,2.760,394,0
20190208,2230,2.760,2.760,2.755,2.757,405,0
20190208,2300,2.757,2.757,2.734,2.742,1560,0
20190208,2330,2.742,2.743,2.738,2.741,822,0
20190209,0000,2.741,2.749,2.741,2.748,317,0
20190209,0030,2.748,2.751,2.743,2.751,449,0
20190209,0100,2.751,2.751,2.744,2.748,1864,0
20190209,0130,2.748,2.760,2.748,2.757,425,0
20190209,0200,2.757,2.765,2.757,2.765,742,0
20190209,0230,2.765,2.768,2.762,2.762,325,0
20190209,0300,2.762,2.776,2.759,2.772,2008,0
20190209,0330,2.772,2.774,2.764,2.768,7699,0
20190209,0400,2.768,2.775,2.767,2.775,1502,0
20190209,0430,2.775,2.787,2.767,2.778,892,0
20190209,0500,2.778,2.778,2.778,2.778,209,0
20190209,0530,2.778,2.784,2.778,2.784,161,0
20190209,0600,2.784,2.786,2.782,2.782,152,0
20190209,0630,2.782,2.782,2.782,2.782,0,0
20190211,0730,2.810,2.820,2.806,2.818,69,0
20190211,0800,2.818,2.818,2.813,2.813,37,0
20190211,0830,2.813,2.813,2.813,2.813,19,0
20190211,0900,2.813,2.813,2.813,2.813,1,0
20190211,0930,2.813,2.818,2.813,2.818,41,0
20190211,1000,2.818,2.818,2.818,2.818,0,0
20190211,1030,2.818,2.818,2.818,2.818,0,0
20190211,1100,2.818,2.818,2.816,2.816,1,0
20190211,1130,2.816,2.816,2.816,2.816,0,0
20190211,1200,2.816,2.816,2.816,2.816,0,0
20190211,1230,2.816,2.816,2.816,2.816,17,0
20190211,1300,2.816,2.816,2.816,2.816,1,0
20190211,1330,2.816,2.816,2.814,2.814,2,0
20190211,1400,2.814,2.814,2.814,2.814,0,0
20190211,1430,2.814,2.814,2.814,2.814,1,0
20190211,1500,2.814,2.814,2.814,2.814,2,0
20190211,1530,2.814,2.819,2.814,2.819,11,0
20190211,1600,2.819,2.823,2.819,2.823,2,0
20190211,1630,2.823,2.825,2.823,2.825,14,0
20190211,1700,2.825,2.825,2.825,2.825,6,0
20190211,1730,2.825,2.825,2.825,2.825,10,0
20190211,1800,2.825,2.825,2.825,2.825,27,0
20190211,1830,2.825,2.834,2.820,2.820,50,0
20190211,1900,2.820,2.820,2.820,2.820,4,0
20190211,1930,2.820,2.820,2.820,2.820,12,0
20190211,2000,2.820,2.826,2.820,2.826,37,0
20190211,2030,2.826,2.832,2.820,2.832,217,0
20190211,2100,2.832,2.832,2.832,2.832,127,0
20190211,2130,2.832,2.833,2.824,2.833,379,0
20190211,2200,2.833,2.848,2.827,2.841,2536,0
20190211,2230,2.841,2.848,2.825,2.831,3048,0
20190211,2300,2.831,2.833,2.806,2.810,1873,0
20190211,2330,2.810,2.825,2.810,2.823,1280,0
20190212,0000,2.823,2.824,2.814,2.821,1045,0
20190212,0030,2.821,2.829,2.816,2.824,1371,0
20190212,0100,2.824,2.835,2.813,2.814,3097,0
20190212,0130,2.814,2.824,2.809,2.819,2032,0
20190212,0200,2.819,2.820,2.808,2.820,1798,0
20190212,0230,2.820,2.824,2.816,2.819,1196,0
20190212,0300,2.819,2.822,2.809,2.816,900,0
20190212,0330,2.816,2.822,2.802,2.813,8387,0
20190212,0400,2.814,2.817,2.812,2.813,2989,0
20190212,0430,2.813,2.815,2.810,2.815,676,0
20190212,0500,2.815,2.815,2.810,2.810,323,0
20190212,0530,2.810,2.814,2.810,2.814,32,0
20190212,0600,2.814,2.814,2.814,2.814,87,0
20190212,0630,2.814,2.814,2.814,2.814,0,0
20190212,1400,2.817,2.818,2.817,2.818,5,0
20190212,1430,2.818,2.818,2.818,2.818,0,0
20190212,1500,2.818,2.818,2.818,2.818,0,0
20190212,1530,2.818,2.818,2.803,2.803,47,0
20190212,1600,2.803,2.803,2.793,2.793,22,0
20190212,1630,2.793,2.793,2.793,2.793,0,0
20190212,1700,2.793,2.793,2.793,2.793,8,0
20190212,1730,2.793,2.793,2.793,2.793,6,0
20190212,1800,2.793,2.793,2.793,2.793,0,0
20190212,1830,2.793,2.793,2.793,2.793,8,0
20190212,1900,2.793,2.793,2.793,2.793,9,0
20190212,1930,2.793,2.828,2.793,2.828,141,0
20190212,2000,2.828,2.837,2.828,2.831,162,0
20190212,2030,2.831,2.831,2.830,2.830,23,0
20190212,2100,2.830,2.833,2.818,2.829,41,0
20190212,2130,2.829,2.841,2.823,2.832,335,0
20190212,2200,2.832,2.838,2.829,2.838,485,0
20190212,2230,2.838,2.838,2.809,2.809,1699,0
20190212,2300,2.809,2.821,2.806,2.816,1403,0
20190212,2330,2.816,2.823,2.816,2.822,792,0
20190213,0000,2.823,2.825,2.818,2.821,741,0
20190213,0030,2.821,2.833,2.821,2.833,966,0
20190213,0100,2.833,2.851,2.830,2.844,1456,0
20190213,0130,2.844,2.850,2.832,2.847,1451,0
20190213,0200,2.847,2.847,2.833,2.837,667,0
20190213,0230,2.838,2.841,2.836,2.840,1238,0
20190213,0300,2.840,2.847,2.840,2.847,595,0
20190213,0330,2.847,2.854,2.844,2.851,5410,0
20190213,0400,2.851,2.853,2.833,2.834,1658,0
20190213,0430,2.834,2.835,2.830,2.833,1416,0
20190213,0500,2.833,2.833,2.829,2.833,493,0
20190213,0530,2.833,2.833,2.832,2.832,103,0
20190213,0600,2.832,2.832,2.832,2.832,31,0
20190213,0630,2.832,2.832,2.832,2.832,0,0
20190213,0730,2.820,2.821,2.820,2.821,3,0
20190213,0800,2.821,2.821,2.821,2.821,104,0
20190213,0830,2.821,2.821,2.821,2.821,33,0
20190213,0900,2.821,2.821,2.821,2.821,30,0
20190213,0930,2.821,2.821,2.814,2.814,43,0
20190213,1000,2.814,2.814,2.814,2.814,62,0
20190213,1030,2.814,2.814,2.814,2.814,0,0
20190213,1100,2.814,2.814,2.814,2.814,0,0
20190213,1130,2.814,2.814,2.814,2.814,0,0
20190213,1200,2.814,2.814,2.814,2.814,4,0
20190213,1230,2.814,2.814,2.811,2.811,16,0
20190213,1300,2.811,2.811,2.811,2.811,9,0
20190213,1330,2.811,2.811,2.797,2.797,86,0
20190213,1400,2.797,2.798,2.762,2.795,207,0
20190213,1430,2.795,2.795,2.795,2.795,0,0
20190213,1500,2.795,2.795,2.795,2.795,7,0
20190213,1530,2.795,2.796,2.795,2.796,5,0
20190213,1600,2.796,2.796,2.782,2.790,859,0
20190213,1630,2.790,2.790,2.789,2.789,13,0
20190213,1700,2.789,2.797,2.789,2.797,27,0
20190213,1730,2.797,2.797,2.797,2.797,64,0
20190213,1800,2.797,2.798,2.797,2.798,121,0
20190213,1830,2.798,2.803,2.798,2.803,12,0
20190213,1900,2.803,2.803,2.803,2.803,56,0
20190213,1930,2.803,2.804,2.803,2.804,803,0
20190213,2000,2.804,2.804,2.791,2.791,238,0
20190213,2030,2.791,2.801,2.791,2.799,323,0
20190213,2100,2.799,2.807,2.799,2.806,1190,0
20190213,2130,2.806,2.806,2.795,2.795,1063,0
20190213,2200,2.795,2.799,2.780,2.792,1232,0
20190213,2230,2.792,2.800,2.787,2.787,2178,0
20190213,2300,2.787,2.789,2.779,2.789,1470,0
20190213,2330,2.789,2.794,2.785,2.786,1096,0
20190214,0000,2.786,2.789,2.783,2.783,757,0
20190214,0030,2.783,2.787,2.782,2.783,835,0
20190214,0100,2.783,2.795,2.782,2.795,916,0
20190214,0130,2.795,2.795,2.787,2.790,1100,0
20190214,0200,2.790,2.816,2.790,2.807,1367,0
20190214,0230,2.807,2.807,2.797,2.805,596,0
20190214,0300,2.805,2.805,2.792,2.792,1410,0
20190214,0330,2.792,2.799,2.787,2.795,12703,0
20190214,0400,2.795,2.797,2.791,2.792,2354,0
20190214,0430,2.792,2.801,2.792,2.801,327,0
20190214,0500,2.801,2.801,2.798,2.798,586,0
20190214,0530,2.798,2.800,2.798,2.800,304,0
20190214,0600,2.800,2.800,2.800,2.800,12,0
20190214,0630,2.800,2.800,2.800,2.800,0,0
20190214,0730,2.800,2.800,2.800,2.800,44,0
20190214,0800,2.800,2.801,2.800,2.801,2,0
20190214,0830,2.801,2.801,2.800,2.800,31,0
20190214,0900,2.800,2.800,2.800,2.800,0,0
20190214,0930,2.800,2.800,2.800,2.800,31,0
20190214,1000,2.800,2.800,2.800,2.800,16,0
20190214,1030,2.800,2.801,2.800,2.801,30,0
20190214,1100,2.801,2.801,2.801,2.801,0,0
20190214,1130,2.801,2.801,2.801,2.801,0,0
20190214,1200,2.801,2.801,2.801,2.801,0,0
20190214,1230,2.801,2.801,2.801,2.801,36,0
20190214,1300,2.801,2.801,2.801,2.801,2,0
20190214,1330,2.801,2.801,2.801,2.801,0,0
20190214,1400,2.801,2.801,2.801,2.801,39,0
20190214,1430,2.801,2.801,2.801,2.801,0,0
20190214,1500,2.801,2.801,2.801,2.801,0,0
20190214,1530,2.801,2.801,2.801,2.801,0,0
20190214,1600,2.801,2.801,2.801,2.801,4,0
20190214,1630,2.801,2.801,2.801,2.801,2,0
20190214,1700,2.801,2.801,2.801,2.801,2,0
20190214,1730,2.801,2.804,2.801,2.804,9,0
20190214,1800,2.804,2.806,2.804,2.804,70,0
20190214,1830,2.804,2.807,2.804,2.807,44,0
20190214,1900,2.807,2.807,2.802,2.802,16,0
20190214,1930,2.802,2.802,2.802,2.802,65,0
20190214,2000,2.802,2.802,2.802,2.802,4,0
20190214,2030,2.802,2.802,2.789,2.791,153,0
20190214,2100,2.791,2.802,2.784,2.802,811,0
20190214,2130,2.802,2.802,2.792,2.794,635,0
20190214,2200,2.794,2.796,2.785,2.787,1458,0
20190214,2230,2.787,2.790,2.780,2.781,1199,0
20190214,2300,2.781,2.786,2.778,2.783,577,0
20190214,2330,2.783,2.787,2.779,2.784,1315,0
20190215,0000,2.781,2.795,2.777,2.794,1131,0
20190215,0030,2.794,2.794,2.774,2.775,853,0
20190215,0100,2.775,2.778,2.768,2.771,2341,0
20190215,0130,2.771,2.783,2.771,2.778,985,0
20190215,0200,2.778,2.779,2.773,2.775,1775,0
20190215,0230,2.775,2.780,2.772,2.779,764,0
20190215,0300,2.779,2.781,2.774,2.776,416,0
20190215,0330,2.776,2.776,2.768,2.772,4612,0
20190215,0400,2.772,2.776,2.768,2.776,1382,0
20190215,0430,2.776,2.776,2.773,2.774,637,0
20190215,0500,2.774,2.774,2.769,2.770,159,0
20190215,0530,2.770,2.770,2.769,2.769,123,0
20190215,0600,2.769,2.769,2.764,2.766,87,0
20190215,0630,2.766,2.766,2.766,2.766,0,0
20190215,0730,2.769,2.769,2.769,2.769,0,0
20190215,0800,2.769,2.770,2.769,2.770,1,0
20190215,0830,2.770,2.770,2.767,2.767,42,0
20190215,0900,2.767,2.771,2.767,2.771,15,0
20190215,0930,2.771,2.771,2.770,2.770,2,0
20190215,1000,2.770,2.770,2.770,2.770,2,0
20190215,1030,2.770,2.770,2.770,2.770,13,0
20190215,1100,2.770,2.770,2.770,2.770,0,0
20190215,1130,2.770,2.770,2.770,2.770,0,0
20190215,1200,2.770,2.770,2.770,2.770,0,0
20190215,1230,2.770,2.770,2.770,2.770,0,0
20190215,1300,2.770,2.770,2.770,2.770,0,0
20190215,1330,2.770,2.770,2.753,2.753,42,0
20190215,1400,2.753,2.753,2.752,2.752,5,0
20190215,1430,2.752,2.752,2.752,2.752,0,0
20190215,1500,2.752,2.763,2.752,2.763,1,0
20190215,1530,2.763,2.763,2.763,2.763,0,0
20190215,1600,2.763,2.767,2.763,2.767,1,0
20190215,1630,2.767,2.768,2.765,2.767,57,0
20190215,1700,2.767,2.774,2.767,2.774,79,0
20190215,1730,2.774,2.774,2.774,2.774,19,0
20190215,1800,2.774,2.774,2.774,2.774,0,0
20190215,1830,2.774,2.774,2.772,2.772,16,0
20190215,1900,2.772,2.772,2.768,2.768,3,0
20190215,1930,2.768,2.774,2.768,2.774,178,0
20190215,2000,2.774,2.774,2.774,2.774,73,0
20190215,2030,2.774,2.775,2.774,2.775,35,0
20190215,2100,2.775,2.775,2.770,2.770,64,0
20190215,2130,2.770,2.778,2.770,2.775,56,0
20190215,2200,2.775,2.781,2.773,2.781,100,0
20190215,2230,2.781,2.787,2.774,2.787,1037,0
20190215,2300,2.787,2.791,2.782,2.786,1969,0
20190215,2330,2.786,2.786,2.780,2.783,1021,0
20190216,0000,2.784,2.786,2.769,2.771,2277,0
20190216,0030,2.771,2.775,2.769,2.770,928,0
20190216,0100,2.770,2.775,2.770,2.775,852,0
20190216,0130,2.775,2.780,2.772,2.780,294,0
20190216,0200,2.780,2.786,2.780,2.785,607,0
20190216,0230,2.785,2.789,2.785,2.787,665,0
20190216,0300,2.787,2.792,2.785,2.785,738,0
20190216,0330,2.785,2.809,2.785,2.807,6167,0
20190216,0400,2.806,2.806,2.794,2.800,2361,0
20190216,0430,2.800,2.810,2.797,2.801,407,0
20190216,0500,2.801,2.808,2.801,2.808,138,0
20190216,0530,2.808,2.810,2.808,2.810,274,0
20190216,0600,2.810,2.810,2.809,2.809,199,0
20190216,0630,2.809,2.809,2.809,2.809,0,0
20190218,0730,2.809,2.809,2.791,2.791,59,0
20190218,0800,2.791,2.791,2.791,2.791,0,0
20190218,0830,2.791,2.791,2.791,2.791,0,0
20190218,0900,2.791,2.791,2.791,2.791,0,0
20190218,0930,2.791,2.791,2.791,2.791,0,0
20190218,1000,2.791,2.791,2.791,2.791,0,0
20190218,1030,2.791,2.791,2.791,2.791,0,0
20190218,1100,2.791,2.791,2.791,2.791,1,0
20190218,1130,2.791,2.791,2.785,2.785,16,0
20190218,1200,2.785,2.785,2.785,2.785,0,0
20190218,1230,2.785,2.785,2.785,2.785,0,0
20190218,1300,2.785,2.785,2.785,2.785,0,0
20190218,1330,2.785,2.785,2.785,2.785,33,0
20190218,1400,2.785,2.785,2.785,2.785,2,0
20190218,1430,2.785,2.822,2.785,2.822,13,0
20190218,1500,2.822,2.822,2.822,2.822,0,0
20190218,1530,2.822,2.822,2.822,2.822,6,0
20190218,1600,2.822,2.837,2.822,2.837,19,0
20190218,1630,2.837,2.837,2.837,2.837,6,0
20190218,1700,2.837,2.837,2.837,2.837,3,0
20190218,1730,2.837,2.837,2.837,2.837,1,0
20190218,1800,2.837,2.837,2.837,2.837,3,0
20190218,1830,2.837,2.837,2.792,2.792,25,0
20190218,1900,2.792,2.795,2.792,2.793,6,0
20190218,1930,2.793,2.793,2.790,2.792,6,0
20190218,2000,2.792,2.797,2.792,2.797,5,0
20190218,2030,2.797,2.806,2.797,2.806,12,0
20190218,2100,2.806,2.809,2.803,2.807,4,0
20190218,2130,2.807,2.812,2.806,2.807,69,0
20190218,2200,2.807,2.813,2.807,2.813,39,0
20190218,2230,2.813,2.813,2.806,2.806,39,0
20190218,2300,2.806,2.808,2.806,2.807,79,0
20190218,2330,2.807,2.807,2.803,2.803,38,0
20190219,0000,2.803,2.809,2.803,2.804,121,0
20190219,0030,2.804,2.804,2.798,2.801,10,0
20190219,0100,2.801,2.803,2.799,2.802,34,0
20190219,0130,2.802,2.804,2.801,2.802,21,0
20190219,0200,2.802,2.805,2.802,2.805,23,0
20190219,0230,2.805,2.805,2.805,2.805,0,0
20190219,0300,2.805,2.805,2.805,2.805,0,0
20190219,0330,2.805,2.805,2.805,2.805,0,0
20190219,0400,2.805,2.805,2.805,2.805,0,0
20190219,0430,2.805,2.805,2.805,2.805,0,0
20190219,0500,2.805,2.805,2.805,2.805,0,0
20190219,0530,2.805,2.805,2.805,2.805,0,0
20190219,0600,2.805,2.805,2.805,2.805,0,0
20190219,0630,2.805,2.805,2.805,2.805,0,0
20190219,0730,2.805,2.805,2.805,2.805,12,0
20190219,0800,2.805,2.805,2.805,2.805,0,0
20190219,0830,2.805,2.805,2.805,2.805,0,0
20190219,0900,2.805,2.805,2.805,2.805,0,0
20190219,0930,2.805,2.805,2.805,2.805,0,0
20190219,1000,2.805,2.805,2.805,2.805,0,0
20190219,1030,2.805,2.805,2.805,2.805,0,0
20190219,1100,2.805,2.805,2.805,2.805,0,0
20190219,1130,2.805,2.805,2.805,2.805,0,0
20190219,1200,2.805,2.805,2.805,2.805,1,0
20190219,1230,2.805,2.805,2.805,2.805,0,0
20190219,1300,2.805,2.805,2.805,2.805,1,0
20190219,1330,2.805,2.830,2.805,2.830,137,0
20190219,1400,2.830,2.830,2.826,2.826,1,0
20190219,1430,2.826,2.826,2.826,2.826,2,0
20190219,1500,2.826,2.826,2.826,2.826,3,0
20190219,1530,2.826,2.826,2.823,2.823,4,0
20190219,1600,2.823,2.823,2.813,2.814,23,0
20190219,1630,2.814,2.814,2.814,2.814,14,0
20190219,1700,2.814,2.814,2.814,2.814,0,0
20190219,1730,2.814,2.821,2.814,2.821,5,0
20190219,1800,2.821,2.821,2.821,2.821,0,0
20190219,1830,2.821,2.821,2.821,2.821,0,0
20190219,1900,2.821,2.821,2.821,2.821,0,0
20190219,1930,2.821,2.821,2.816,2.816,40,0
20190219,2000,2.816,2.816,2.801,2.801,6,0
20190219,2030,2.801,2.801,2.801,2.801,11,0
20190219,2100,2.801,2.805,2.795,2.804,74,0
20190219,2130,2.804,2.808,2.797,2.800,175,0
20190219,2200,2.800,2.805,2.800,2.803,576,0
20190219,2230,2.803,2.806,2.800,2.804,1038,0
20190219,2300,2.804,2.839,2.801,2.839,1558,0
20190219,2330,2.839,2.841,2.830,2.833,581,0
20190220,0000,2.833,2.834,2.820,2.823,1141,0
20190220,0030,2.823,2.827,2.814,2.814,1022,0
20190220,0100,2.814,2.823,2.806,2.823,540,0
20190220,0130,2.823,2.823,2.815,2.820,333,0
20190220,0200,2.820,2.828,2.820,2.827,288,0
20190220,0230,2.827,2.829,2.824,2.828,73,0
20190220,0300,2.828,2.832,2.828,2.831,601,0
20190220,0330,2.831,2.842,2.828,2.840,1717,0
20190220,0400,2.840,2.840,2.832,2.835,1779,0
20190220,0430,2.835,2.835,2.828,2.830,303,0
20190220,0500,2.830,2.834,2.829,2.832,593,0
20190220,0530,2.832,2.832,2.826,2.831,291,0
20190220,0600,2.831,2.832,2.831,2.831,48,0
20190220,0630,2.831,2.831,2.831,2.831,0,0
20190220,0830,2.834,2.834,2.834,2.834,6,0
20190220,0900,2.834,2.834,2.834,2.834,0,0
20190220,0930,2.834,2.834,2.834,2.834,8,0
20190220,1000,2.834,2.834,2.834,2.834,9,0
20190220,1030,2.834,2.834,2.834,2.834,0,0
20190220,1100,2.834,2.834,2.834,2.834,0,0
20190220,1130,2.834,2.834,2.834,2.834,0,0
20190220,1200,2.834,2.834,2.834,2.834,0,0
20190220,1230,2.834,2.834,2.831,2.832,14,0
20190220,1300,2.832,2.832,2.832,2.832,0,0
20190220,1330,2.832,2.832,2.832,2.832,2,0
20190220,1400,2.832,2.832,2.832,2.832,0,0
20190220,1430,2.832,2.832,2.832,2.832,0,0
20190220,1500,2.832,2.838,2.832,2.838,30,0
20190220,1530,2.838,2.838,2.838,2.838,9,0
20190220,1600,2.838,2.847,2.838,2.847,32,0
20190220,1630,2.847,2.847,2.847,2.847,0,0
20190220,1700,2.847,2.847,2.847,2.847,0,0
20190220,1730,2.847,2.847,2.847,2.847,1,0
20190220,1800,2.847,2.847,2.844,2.844,8,0
20190220,1830,2.844,2.844,2.844,2.844,4,0
20190220,1900,2.844,2.844,2.844,2.844,6,0
20190220,1930,2.844,2.848,2.844,2.848,13,0
20190220,2000,2.848,2.848,2.848,2.848,16,0
20190220,2030,2.848,2.856,2.848,2.855,92,0
20190220,2100,2.855,2.857,2.852,2.854,110,0
20190220,2130,2.854,2.858,2.848,2.849,298,0
20190220,2200,2.849,2.859,2.848,2.854,402,0
20190220,2230,2.854,2.854,2.843,2.847,1266,0
20190220,2300,2.847,2.850,2.845,2.847,489,0
20190220,2330,2.847,2.847,2.844,2.844,546,0
20190221,0000,2.844,2.845,2.839,2.839,1279,0
20190221,0030,2.839,2.839,2.829,2.832,817,0
20190221,0100,2.832,2.834,2.812,2.812,845,0
20190221,0130,2.814,2.824,2.814,2.824,1518,0
20190221,0200,2.824,2.824,2.816,2.819,410,0
20190221,0230,2.819,2.820,2.815,2.819,469,0
20190221,0300,2.819,2.825,2.818,2.822,591,0
20190221,0330,2.822,2.824,2.811,2.813,1601,0
20190221,0400,2.814,2.816,2.812,2.815,1117,0
20190221,0430,2.815,2.818,2.815,2.818,805,0
20190221,0500,2.818,2.820,2.816,2.816,298,0
20190221,0530,2.816,2.819,2.816,2.817,74,0
20190221,0600,2.817,2.817,2.813,2.816,62,0
20190221,0630,2.816,2.816,2.816,2.816,0,0
20190221,0830,2.824,2.824,2.824,2.824,0,0
20190221,0900,2.824,2.824,2.824,2.824,0,0
20190221,0930,2.824,2.824,2.822,2.822,7,0
20190221,1000,2.822,2.822,2.822,2.822,4,0
20190221,1030,2.822,2.822,2.822,2.822,0,0
20190221,1100,2.822,2.822,2.822,2.822,0,0
20190221,1130,2.822,2.822,2.822,2.822,1,0
20190221,1200,2.822,2.822,2.822,2.822,2,0
20190221,1230,2.822,2.822,2.822,2.822,7,0
20190221,1300,2.822,2.822,2.822,2.822,0,0
20190221,1330,2.822,2.822,2.822,2.822,0,0
20190221,1400,2.822,2.829,2.821,2.826,54,0
20190221,1430,2.826,2.826,2.826,2.826,0,0
20190221,1500,2.826,2.826,2.826,2.826,2,0
20190221,1530,2.826,2.847,2.826,2.847,66,0
20190221,1600,2.847,2.858,2.847,2.858,142,0
20190221,1630,2.858,2.858,2.858,2.858,17,0
20190221,1700,2.858,2.858,2.858,2.858,2,0
20190221,1730,2.858,2.858,2.858,2.858,1,0
20190221,1800,2.858,2.858,2.858,2.858,2,0
20190221,1830,2.858,2.858,2.849,2.849,14,0
20190221,1900,2.849,2.851,2.847,2.847,14,0
20190221,1930,2.847,2.849,2.845,2.845,23,0
20190221,2000,2.845,2.847,2.845,2.845,6,0
20190221,2030,2.845,2.845,2.837,2.837,15,0
20190221,2100,2.837,2.845,2.832,2.844,74,0
20190221,2130,2.844,2.849,2.844,2.844,168,0
20190221,2200,2.844,2.844,2.837,2.840,60,0
20190221,2230,2.841,2.843,2.831,2.834,1230,0
20190221,2300,2.834,2.836,2.830,2.836,441,0
20190221,2330,2.836,2.837,2.828,2.832,1627,0
20190222,0000,2.845,2.854,2.838,2.841,2329,0
20190222,0030,2.841,2.841,2.830,2.835,799,0
20190222,0100,2.835,2.840,2.833,2.836,301,0
20190222,0130,2.836,2.839,2.832,2.839,353,0
20190222,0200,2.839,2.842,2.831,2.837,1019,0
20190222,0230,2.837,2.842,2.835,2.840,2730,0
20190222,0300,2.840,2.851,2.838,2.851,1165,0
20190222,0330,2.851,2.852,2.839,2.848,2654,0
20190222,0400,2.847,2.851,2.843,2.850,1230,0
20190222,0430,2.850,2.853,2.850,2.851,534,0
20190222,0500,2.851,2.851,2.847,2.849,116,0
20190222,0530,2.849,2.853,2.849,2.850,122,0
20190222,0600,2.850,2.853,2.850,2.853,189,0
20190222,0630,2.853,2.853,2.853,2.853,0,0
20190222,0730,2.853,2.860,2.853,2.860,0,0
20190222,0800,2.860,2.860,2.860,2.860,0,0
20190222,0830,2.860,2.860,2.860,2.860,1,0
20190222,0900,2.860,2.860,2.860,2.860,0,0
20190222,0930,2.860,2.860,2.845,2.845,39,0
20190222,1000,2.845,2.845,2.845,2.845,34,0
20190222,1030,2.845,2.845,2.845,2.845,0,0
20190222,1100,2.845,2.845,2.845,2.845,0,0
20190222,1130,2.845,2.845,2.845,2.845,0,0
20190222,1200,2.845,2.845,2.844,2.844,1,0
20190222,1230,2.844,2.844,2.844,2.844,3,0
20190222,1300,2.844,2.844,2.844,2.844,0,0
20190222,1330,2.844,2.844,2.844,2.844,0,0
20190222,1400,2.844,2.844,2.844,2.844,38,0
20190222,1430,2.844,2.850,2.844,2.849,8,0
20190222,1500,2.849,2.849,2.841,2.841,27,0
20190222,1530,2.841,2.841,2.837,2.837,1,0
20190222,1600,2.837,2.837,2.837,2.837,10,0
20190222,1630,2.837,2.842,2.837,2.842,6,0
20190222,1700,2.842,2.842,2.837,2.837,4,0
20190222,1730,2.837,2.837,2.837,2.837,34,0
20190222,1800,2.837,2.837,2.837,2.837,0,0
20190222,1830,2.837,2.839,2.837,2.839,14,0
20190222,1900,2.839,2.843,2.839,2.841,24,0
20190222,1930,2.841,2.848,2.839,2.848,38,0
20190222,2000,2.848,2.853,2.839,2.845,86,0
20190222,2030,2.845,2.845,2.843,2.844,106,0
20190222,2100,2.844,2.848,2.843,2.846,62,0
20190222,2130,2.846,2.846,2.839,2.841,93,0
20190222,2200,2.841,2.846,2.839,2.839,65,0
20190222,2230,2.844,2.844,2.835,2.836,903,0
20190222,2300,2.836,2.843,2.836,2.840,1350,0
20190222,2330,2.841,2.841,2.832,2.837,830,0
20190223,0000,2.837,2.841,2.837,2.841,534,0
20190223,0030,2.841,2.841,2.836,2.839,540,0
20190223,0100,2.839,2.842,2.837,2.837,332,0
20190223,0130,2.837,2.841,2.835,2.840,831,0
20190223,0200,2.840,2.841,2.838,2.841,800,0
20190223,0230,2.841,2.855,2.841,2.851,580,0
20190223,0300,2.851,2.857,2.850,2.855,1135,0
20190223,0330,2.855,2.863,2.850,2.860,1191,0
20190223,0400,2.860,2.867,2.854,2.854,1488,0
20190223,0430,2.854,2.854,2.849,2.851,425,0
20190223,0500,2.851,2.852,2.849,2.850,483,0
20190223,0530,2.850,2.850,2.850,2.850,82,0
20190223,0600,2.850,2.865,2.845,2.865,56,0
20190223,0630,2.865,2.865,2.865,2.865,0,0
20190225,0730,2.886,2.887,2.882,2.882,112,0
20190225,0800,2.882,2.882,2.882,2.882,1,0
20190225,0830,2.882,2.882,2.882,2.882,16,0
20190225,0900,2.882,2.882,2.880,2.880,12,0
20190225,0930,2.880,2.880,2.880,2.880,0,0
20190225,1000,2.880,2.880,2.880,2.880,1,0
20190225,1030,2.880,2.880,2.880,2.880,1,0
20190225,1100,2.880,2.880,2.880,2.880,0,0
20190225,1130,2.880,2.880,2.880,2.880,0,0
20190225,1200,2.880,2.880,2.880,2.880,0,0
20190225,1230,2.880,2.880,2.880,2.880,0,0
20190225,1300,2.880,2.880,2.880,2.880,0,0
20190225,1330,2.880,2.892,2.880,2.892,85,0
20190225,1400,2.892,2.894,2.891,2.894,40,0
20190225,1430,2.894,2.894,2.894,2.894,0,0
20190225,1500,2.894,2.894,2.894,2.894,0,0
20190225,1530,2.894,2.894,2.894,2.894,0,0
20190225,1600,2.894,2.896,2.891,2.895,32,0
20190225,1630,2.895,2.896,2.890,2.893,24,0
20190225,1700,2.893,2.893,2.893,2.893,3,0
20190225,1730,2.893,2.893,2.882,2.888,14,0
20190225,1800,2.888,2.888,2.888,2.888,192,0
20190225,1830,2.888,2.897,2.888,2.897,15,0
20190225,1900,2.897,2.897,2.894,2.894,81,0
20190225,1930,2.894,2.894,2.894,2.894,4,0
20190225,2000,2.894,2.894,2.888,2.889,21,0
20190225,2030,2.889,2.889,2.888,2.888,33,0
20190225,2100,2.888,2.889,2.885,2.887,121,0
20190225,2130,2.887,2.887,2.875,2.880,818,0
20190225,2200,2.880,2.897,2.878,2.897,782,0
20190225,2230,2.897,2.901,2.894,2.895,1496,0
20190225,2300,2.895,2.896,2.884,2.888,1476,0
20190225,2330,2.888,2.890,2.882,2.884,823,0
20190226,0000,2.884,2.887,2.881,2.883,315,0
20190226,0030,2.883,2.885,2.871,2.881,806,0
20190226,0100,2.881,2.891,2.879,2.887,371,0
20190226,0130,2.887,2.895,2.886,2.889,495,0
20190226,0200,2.889,2.891,2.885,2.891,531,0
20190226,0230,2.891,2.901,2.886,2.895,876,0
20190226,0300,2.895,2.900,2.893,2.897,2494,0
20190226,0330,2.897,2.904,2.889,2.904,3876,0
20190226,0400,2.904,2.908,2.902,2.903,1890,0
20190226,0430,2.903,2.906,2.902,2.906,143,0
20190226,0500,2.906,2.906,2.900,2.900,260,0
20190226,0530,2.900,2.907,2.900,2.907,316,0
20190226,0600,2.907,2.908,2.906,2.908,312,0
20190226,0630,2.908,2.908,2.908,2.908,0,0
20190226,0930,2.908,2.908,2.903,2.903,0,0
20190226,1000,2.903,2.903,2.903,2.903,0,0
20190226,1030,2.903,2.905,2.903,2.905,7,0
20190226,1100,2.905,2.905,2.905,2.905,1,0
20190226,1130,2.905,2.906,2.905,2.906,11,0
20190226,1200,2.906,2.908,2.906,2.908,1,0
20190226,1230,2.908,2.908,2.908,2.908,14,0
20190226,1300,2.908,2.908,2.908,2.908,23,0
20190226,1330,2.908,2.908,2.900,2.900,13,0
20190226,1400,2.900,2.914,2.900,2.914,20,0
20190226,1430,2.914,2.914,2.914,2.914,11,0
20190226,1500,2.914,2.914,2.914,2.914,0,0
20190226,1530,2.914,2.914,2.914,2.914,16,0
20190226,1600,2.914,2.914,2.909,2.910,67,0
20190226,1630,2.910,2.910,2.910,2.910,1,0
