20190114,1100,3.300,3.302,3.282,3.288,695,0
20190114,1200,3.288,3.311,3.287,3.300,637,0
20190114,1300,3.300,3.308,3.290,3.296,500,0
20190114,1400,3.294,3.307,3.289,3.299,682,0
20190114,1500,3.299,3.300,3.293,3.298,285,0
20190114,1600,3.298,3.312,3.296,3.312,993,0
20190114,1700,3.312,3.322,3.309,3.314,1526,0
20190114,1800,3.318,3.324,3.312,3.319,823,0
20190114,1900,3.319,3.326,3.316,3.326,621,0
20190114,2000,3.325,3.338,3.324,3.331,1423,0
20190114,2100,3.332,3.394,3.329,3.358,6300,0
20190114,2200,3.358,3.417,3.349,3.410,13585,0
20190114,2300,3.411,3.471,3.338,3.469,35843,0
20190115,0000,3.468,3.539,3.464,3.484,31062,0
20190115,0100,3.485,3.535,3.480,3.520,20855,0
20190115,0200,3.521,3.532,3.475,3.496,18895,0
20190115,0300,3.495,3.599,3.491,3.568,24101,0
20190115,0400,3.568,3.618,3.548,3.603,35765,0
20190115,0500,3.604,3.608,3.578,3.589,5053,0
20190115,0600,3.590,3.590,3.565,3.567,3192,0
20190115,0800,3.639,3.639,3.616,3.630,854,0
20190115,0900,3.630,3.695,3.630,3.675,1928,0
20190115,1000,3.675,3.676,3.641,3.657,1470,0
20190115,1100,3.657,3.687,3.653,3.683,627,0
20190115,1200,3.683,3.687,3.672,3.675,476,0
20190115,1300,3.675,3.705,3.674,3.696,1052,0
20190115,1400,3.696,3.722,3.689,3.716,1543,0
20190115,1500,3.715,3.722,3.702,3.716,555,0
20190115,1600,3.716,3.716,3.545,3.572,5485,0
20190115,1700,3.572,3.628,3.559,3.578,3428,0
20190115,1800,3.578,3.600,3.544,3.576,2038,0
20190115,1900,3.576,3.587,3.563,3.581,1306,0
20190115,2000,3.580,3.584,3.526,3.536,3705,0
20190115,2100,3.543,3.573,3.520,3.546,4899,0
20190115,2200,3.548,3.637,3.528,3.607,15109,0
20190115,2300,3.606,3.606,3.542,3.554,18702,0
20190116,0000,3.556,3.558,3.454,3.459,25637,0
20190116,0100,3.458,3.536,3.452,3.507,30633,0
20190116,0200,3.508,3.555,3.488,3.544,18304,0
20190116,0300,3.544,3.548,3.460,3.480,13802,0
20190116,0400,3.480,3.510,3.453,3.467,21198,0
20190116,0500,3.468,3.485,3.449,3.464,2630,0
20190116,0600,3.463,3.463,3.433,3.447,1688,0
20190116,0800,3.452,3.483,3.449,3.467,661,0
20190116,0900,3.467,3.489,3.463,3.466,484,0
20190116,1000,3.466,3.483,3.466,3.476,426,0
20190116,1100,3.476,3.478,3.436,3.445,676,0
20190116,1200,3.445,3.452,3.440,3.445,314,0
20190116,1300,3.447,3.464,3.415,3.424,754,0
20190116,1400,3.423,3.436,3.378,3.398,1874,0
20190116,1500,3.398,3.409,3.384,3.406,750,0
20190116,1600,3.406,3.478,3.400,3.462,3196,0
20190116,1700,3.462,3.492,3.459,3.481,995,0
20190116,1800,3.481,3.532,3.466,3.529,1499,0
20190116,1900,3.528,3.547,3.475,3.485,2163,0
20190116,2000,3.483,3.535,3.479,3.525,1429,0
20190116,2100,3.524,3.553,3.499,3.549,3194,0
20190116,2200,3.552,3.648,3.522,3.648,16761,0
20190116,2300,3.654,3.695,3.621,3.642,23174,0
20190117,0000,3.641,3.659,3.591,3.650,11402,0
20190117,0100,3.651,3.672,3.537,3.545,24116,0
20190117,0200,3.545,3.565,3.438,3.508,34042,0
20190117,0300,3.508,3.514,3.391,3.415,19222,0
20190117,0400,3.412,3.450,3.338,3.375,31826,0
20190117,0500,3.375,3.402,3.372,3.398,3573,0
20190117,0600,3.398,3.406,3.385,3.405,1493,0
20190117,0800,3.418,3.439,3.393,3.424,848,0
20190117,0900,3.424,3.438,3.408,3.438,465,0
20190117,1000,3.438,3.444,3.426,3.431,534,0
20190117,1100,3.431,3.435,3.427,3.427,271,0
20190117,1200,3.427,3.433,3.417,3.426,356,0
20190117,1300,3.426,3.474,3.423,3.468,813,0
20190117,1400,3.468,3.470,3.431,3.443,1032,0
20190117,1500,3.443,3.469,3.438,3.459,576,0
20190117,1600,3.459,3.520,3.446,3.517,2234,0
20190117,1700,3.514,3.552,3.502,3.538,2209,0
20190117,1800,3.538,3.575,3.527,3.531,1621,0
20190117,1900,3.531,3.542,3.516,3.538,1501,0
20190117,2000,3.538,3.574,3.537,3.566,2277,0
20190117,2100,3.566,3.584,3.531,3.583,5457,0
20190117,2200,3.583,3.591,3.525,3.540,11774,0
20190117,2300,3.542,3.562,3.517,3.540,12561,0
20190118,0000,3.540,3.548,3.438,3.442,18073,0
20190118,0100,3.441,3.465,3.394,3.430,24676,0
20190118,0200,3.430,3.518,3.418,3.496,16159,0
20190118,0300,3.496,3.503,3.415,3.435,15551,0
20190118,0400,3.435,3.439,3.367,3.406,21609,0
20190118,0500,3.406,3.422,3.392,3.407,2483,0
20190118,0600,3.407,3.421,3.397,3.415,1316,0
20190118,0800,3.425,3.438,3.416,3.424,661,0
20190118,0900,3.424,3.430,3.335,3.391,1561,0
20190118,1000,3.388,3.419,3.383,3.408,1095,0
20190118,1100,3.408,3.410,3.374,3.392,524,0
20190118,1200,3.391,3.428,3.386,3.416,638,0
20190118,1300,3.416,3.421,3.367,3.381,1119,0
20190118,1400,3.381,3.389,3.321,3.340,1665,0
20190118,1500,3.343,3.373,3.340,3.363,644,0
20190118,1600,3.362,3.400,3.305,3.317,3655,0
20190118,1700,3.319,3.346,3.302,3.331,1382,0
20190118,1800,3.331,3.339,3.313,3.329,645,0
20190118,1900,3.329,3.331,3.303,3.317,938,0
20190118,2000,3.317,3.338,3.293,3.319,2550,0
20190118,2100,3.318,3.324,3.277,3.284,5361,0
20190118,2200,3.284,3.287,3.229,3.248,14083,0
20190118,2300,3.244,3.279,3.206,3.273,19203,0
20190119,0000,3.272,3.303,3.257,3.266,13352,0
20190119,0100,3.263,3.313,3.255,3.296,14653,0
20190119,0200,3.295,3.351,3.294,3.351,15244,0
20190119,0300,3.347,3.443,3.323,3.406,19722,0
20190119,0400,3.410,3.496,3.404,3.433,26973,0
20190119,0500,3.432,3.444,3.390,3.420,4560,0
20190119,0600,3.423,3.452,3.418,3.423,1738,0
20190121,0800,3.327,3.343,3.310,3.321,1757,0
20190121,0900,3.321,3.329,3.312,3.312,336,0
20190121,1000,3.312,3.322,3.286,3.318,1370,0
20190121,1100,3.318,3.333,3.317,3.328,360,0
20190121,1200,3.329,3.337,3.323,3.335,436,0
20190121,1300,3.335,3.350,3.333,3.342,603,0
20190121,1400,3.339,3.361,3.308,3.352,1171,0
20190121,1500,3.353,3.355,3.334,3.336,217,0
20190121,1600,3.336,3.357,3.307,3.336,1516,0
20190121,1700,3.336,3.339,3.311,3.333,738,0
20190121,1800,3.333,3.334,3.318,3.326,320,0
20190121,1900,3.326,3.327,3.296,3.308,788,0
20190121,2000,3.307,3.315,3.265,3.278,1217,0
20190121,2100,3.279,3.328,3.272,3.321,1447,0
20190121,2200,3.322,3.341,3.297,3.323,1601,0
20190121,2300,3.322,3.343,3.309,3.335,2122,0
20190122,0000,3.336,3.350,3.316,3.319,2080,0
20190122,0100,3.319,3.322,3.285,3.285,3154,0
20190122,0200,3.285,3.298,3.231,3.235,4063,0
20190122,0300,3.235,3.235,3.235,3.235,0,0
20190122,0400,3.235,3.235,3.235,3.235,0,0
20190122,0500,3.235,3.235,3.235,3.235,0,0
20190122,0600,3.235,3.235,3.235,3.235,0,0
20190122,0800,3.235,3.330,3.235,3.321,1281,0
20190122,0900,3.321,3.323,3.298,3.312,517,0
20190122,1000,3.312,3.319,3.307,3.317,371,0
20190122,1100,3.317,3.329,3.314,3.326,538,0
20190122,1200,3.326,3.335,3.320,3.330,321,0
20190122,1300,3.330,3.350,3.325,3.348,598,0
20190122,1400,3.348,3.356,3.320,3.350,929,0
20190122,1500,3.350,3.350,3.326,3.328,282,0
20190122,1600,3.328,3.344,3.272,3.272,1346,0
20190122,1700,3.271,3.291,3.265,3.275,974,0
20190122,1800,3.275,3.289,3.269,3.280,818,0
20190122,1900,3.280,3.283,3.243,3.254,1618,0
20190122,2000,3.258,3.272,3.243,3.244,992,0
20190122,2100,3.247,3.275,3.244,3.246,2548,0
20190122,2200,3.217,3.260,3.167,3.184,15048,0
20190122,2300,3.184,3.217,3.161,3.161,17396,0
20190123,0000,3.163,3.185,3.133,3.182,13823,0
20190123,0100,3.185,3.196,3.148,3.151,14006,0
20190123,0200,3.152,3.165,3.106,3.111,16953,0
20190123,0300,3.109,3.115,3.070,3.090,14876,0
20190123,0400,3.090,3.090,3.034,3.044,30153,0
20190123,0500,3.046,3.059,3.040,3.055,3628,0
20190123,0600,3.056,3.068,3.050,3.062,1766,0
20190123,0800,3.052,3.079,3.047,3.058,812,0
20190123,0900,3.058,3.069,3.055,3.063,372,0
20190123,1000,3.063,3.081,3.061,3.071,929,0
20190123,1100,3.071,3.074,3.067,3.070,394,0
20190123,1200,3.070,3.073,3.066,3.068,215,0
20190123,1300,3.069,3.088,3.069,3.088,374,0
20190123,1400,3.086,3.114,3.081,3.102,1628,0
20190123,1500,3.102,3.109,3.094,3.105,313,0
20190123,1600,3.105,3.146,3.094,3.146,2785,0
20190123,1700,3.146,3.151,3.131,3.147,987,0
20190123,1800,3.147,3.147,3.134,3.137,292,0
20190123,1900,3.137,3.153,3.128,3.132,1217,0
20190123,2000,3.131,3.139,3.091,3.106,1377,0
20190123,2100,3.106,3.136,3.094,3.130,3041,0
20190123,2200,3.131,3.166,3.112,3.125,8692,0
20190123,2300,3.124,3.148,3.099,3.118,14049,0
20190124,0000,3.118,3.131,3.096,3.097,8522,0
20190124,0100,3.097,3.111,3.076,3.093,12728,0
20190124,0200,3.094,3.099,3.012,3.028,16597,0
20190124,0300,3.028,3.028,2.958,2.980,19950,0
20190124,0400,2.980,3.023,2.975,3.023,16297,0
20190124,0500,3.022,3.028,3.005,3.026,3617,0
20190124,0600,3.026,3.033,3.020,3.027,1135,0
20190124,0800,3.030,3.034,3.016,3.031,405,0
20190124,0900,3.030,3.045,3.030,3.043,237,0
20190124,1000,3.042,3.043,3.024,3.029,359,0
20190124,1100,3.027,3.031,3.024,3.025,102,0
20190124,1200,3.025,3.031,3.006,3.015,366,0
20190124,1300,3.015,3.018,2.988,2.993,519,0
20190124,1400,2.993,3.017,2.989,3.000,493,0
20190124,1500,3.000,3.012,2.991,3.001,207,0
20190124,1600,3.001,3.043,2.994,3.041,962,0
20190124,1700,3.041,3.063,3.041,3.050,623,0
20190124,1800,3.052,3.061,3.041,3.048,226,0
20190124,1900,3.048,3.058,3.046,3.047,124,0
20190124,2000,3.047,3.078,3.047,3.078,568,0
20190124,2100,3.077,3.095,3.069,3.076,1352,0
20190124,2200,3.076,3.109,3.058,3.101,8884,0
20190124,2300,3.100,3.100,3.069,3.090,7361,0
20190125,0000,3.090,3.106,3.053,3.070,10015,0
20190125,0100,3.071,3.155,3.068,3.126,13871,0
20190125,0200,3.126,3.155,3.110,3.144,6614,0
20190125,0300,3.144,3.148,3.084,3.087,8995,0
20190125,0400,3.087,3.141,3.079,3.126,12434,0
20190125,0500,3.126,3.145,3.126,3.137,2461,0
20190125,0600,3.137,3.142,3.129,3.134,725,0
20190125,0800,3.180,3.180,3.154,3.159,241,0
20190125,0900,3.160,3.181,3.155,3.175,359,0
20190125,1000,3.175,3.181,3.164,3.171,225,0
20190125,1100,3.171,3.173,3.163,3.167,90,0
20190125,1200,3.167,3.173,3.167,3.169,190,0
20190125,1300,3.169,3.187,3.168,3.178,280,0
20190125,1400,3.180,3.207,3.178,3.196,503,0
20190125,1500,3.194,3.199,3.184,3.191,197,0
20190125,1600,3.191,3.193,3.142,3.163,1030,0
20190125,1700,3.163,3.169,3.136,3.144,605,0
20190125,1800,3.144,3.145,3.128,3.138,298,0
20190125,1900,3.138,3.139,3.111,3.118,342,0
20190125,2000,3.120,3.130,3.100,3.106,499,0
20190125,2100,3.100,3.121,3.085,3.102,827,0
20190125,2200,3.102,3.109,3.048,3.065,4685,0
20190125,2300,3.072,3.131,3.070,3.120,6546,0
20190126,0000,3.120,3.152,3.102,3.150,5095,0
20190126,0100,3.151,3.180,3.121,3.179,5401,0
20190126,0200,3.179,3.193,3.156,3.180,5544,0
20190126,0300,3.180,3.180,3.131,3.165,4212,0
20190126,0400,3.164,3.199,3.157,3.179,8073,0
20190126,0500,3.179,3.194,3.178,3.185,1797,0
20190126,0600,3.185,3.185,3.166,3.174,1354,0
20190128,0800,2.926,2.928,2.888,2.905,2258,0
20190128,0900,2.905,2.923,2.903,2.920,636,0
20190128,1000,2.920,2.925,2.919,2.924,322,0
20190128,1100,2.924,2.924,2.918,2.920,37,0
20190128,1200,2.920,2.930,2.916,2.928,180,0
20190128,1300,2.928,2.931,2.924,2.927,59,0
20190128,1400,2.927,2.932,2.922,2.932,65,0
20190128,1500,2.932,2.932,2.922,2.927,21,0
20190128,1600,2.927,2.927,2.908,2.917,76,0
20190128,1800,2.915,2.918,2.913,2.915,913,0
20190128,1900,2.915,2.918,2.905,2.906,66,0
20190128,2000,2.906,2.916,2.902,2.903,106,0
20190128,2100,2.903,2.955,2.903,2.931,1703,0
20190128,2200,2.931,2.947,2.915,2.915,3862,0
20190128,2300,2.915,2.951,2.915,2.940,3665,0
20190129,0000,2.942,2.964,2.939,2.950,2524,0
20190129,0100,2.950,2.970,2.941,2.965,3571,0
20190129,0200,2.964,2.983,2.950,2.951,2756,0
20190129,0300,2.951,2.966,2.939,2.943,3156,0
20190129,0400,2.943,2.946,2.891,2.926,8972,0
20190129,0500,2.926,2.929,2.904,2.912,1437,0
20190129,0600,2.912,2.928,2.907,2.928,413,0
20190129,0800,2.925,2.930,2.921,2.927,223,0
20190129,0900,2.927,2.934,2.921,2.921,24,0
20190129,1000,2.921,2.921,2.901,2.901,16,0
20190129,1100,2.901,2.922,2.901,2.922,5,0
20190129,1200,2.922,2.922,2.922,2.922,0,0
20190129,1300,2.922,2.922,2.903,2.903,3,0
20190129,1400,2.903,2.903,2.903,2.903,0,0
20190129,1500,2.903,2.930,2.903,2.919,8,0
20190129,1600,2.919,2.920,2.901,2.908,152,0
20190129,1700,2.908,2.908,2.898,2.904,10,0
20190129,1800,2.904,2.908,2.901,2.908,6,0
20190129,1900,2.908,2.917,2.908,2.917,2,0
20190129,2000,2.917,2.917,2.917,2.917,2,0
20190129,2100,2.917,2.930,2.910,2.929,241,0
20190129,2200,2.929,2.933,2.789,2.824,1441,0
20190129,2300,2.824,2.857,2.820,2.841,1521,0
20190130,0000,2.841,2.866,2.822,2.849,1994,0
20190130,0100,2.849,2.898,2.849,2.878,472,0
20190130,0200,2.878,2.916,2.875,2.899,481,0
20190130,0300,2.899,2.961,2.899,2.961,1779,0
20190130,0400,2.961,2.970,2.913,2.950,4132,0
20190130,0500,2.950,2.950,2.950,2.950,0,0
20190130,0600,2.950,2.950,2.935,2.935,0,0
20190131,2000,3.139,3.139,3.139,3.139,0,0
20190131,2100,3.139,3.139,3.139,3.139,4,0
20190131,2200,3.139,3.139,3.134,3.134,21,0
20190131,2300,3.134,3.141,3.126,3.136,172,0
20190201,0000,3.136,3.136,3.108,3.110,129,0
20190201,0100,3.110,3.110,3.099,3.099,78,0
20190201,0200,3.098,3.109,3.096,3.100,899,0
20190201,0300,3.100,3.104,3.100,3.103,77,0
20190201,0400,3.103,3.103,3.085,3.085,98,0
20190201,0500,3.085,3.085,3.085,3.085,31,0
20190201,0600,3.085,3.092,3.085,3.086,112,0
20190201,1600,3.082,3.082,3.082,3.082,47,0
20190201,1700,3.082,3.082,3.082,3.082,3,0
20190201,1800,3.082,3.082,3.082,3.082,2,0
20190201,1900,3.082,3.082,3.082,3.082,0,0
20190201,2000,3.082,3.082,3.082,3.082,0,0
20190201,2100,3.082,3.082,3.082,3.082,0,0
20190201,2200,3.082,3.082,3.064,3.064,166,0
20190201,2300,3.064,3.074,3.063,3.071,247,0
20190202,0000,3.071,3.072,3.064,3.067,19,0
20190202,0100,3.067,3.067,3.067,3.067,82,0
20190202,0200,3.067,3.067,3.040,3.040,282,0
20190202,0300,3.040,3.050,3.029,3.031,89,0
20190202,0400,3.031,3.041,3.031,3.037,1133,0
20190202,0500,3.037,3.040,3.037,3.040,18,0
20190202,0600,3.040,3.040,3.035,3.035,7,0
20190204,1600,3.014,3.014,3.014,3.014,5,0
20190204,1700,3.014,3.014,3.014,3.014,2,0
20190204,1800,3.014,3.014,3.014,3.014,0,0
20190204,1900,3.014,3.014,3.014,3.014,0,0
20190204,2000,3.014,3.014,3.014,3.014,13,0
20190204,2100,3.014,3.018,3.014,3.018,5,0
20190204,2200,3.018,3.018,3.018,3.018,113,0
20190204,2300,3.018,3.018,2.995,2.995,243,0
20190205,0000,2.995,3.005,2.995,3.005,62,0
20190205,0100,3.005,3.010,2.997,2.998,280,0
20190205,0200,2.998,3.005,2.998,3.005,294,0
20190205,0300,3.005,3.005,2.997,2.997,14,0
20190205,0400,2.997,3.003,2.994,2.998,620,0
20190205,0500,2.998,3.005,2.998,3.005,213,0
20190205,0600,3.005,3.005,3.001,3.001,49,0
20190205,2200,3.020,3.026,3.020,3.026,2,0
20190205,2300,3.026,3.026,3.017,3.020,175,0
20190206,0000,3.020,3.027,3.020,3.022,46,0
20190206,0100,3.022,3.033,3.022,3.033,182,0
20190206,0200,3.033,3.033,3.017,3.021,413,0
20190206,0300,3.021,3.021,3.015,3.017,467,0
20190206,0400,3.017,3.020,3.009,3.011,603,0
20190206,0500,3.011,3.022,3.011,3.022,115,0
20190206,0600,3.022,3.022,3.022,3.022,47,0
20190206,2200,3.040,3.040,3.039,3.039,3,0
20190206,2300,3.039,3.039,3.030,3.030,133,0
20190207,0000,3.030,3.030,3.023,3.026,208,0
20190207,0100,3.026,3.026,3.020,3.020,62,0
20190207,0200,3.020,3.020,3.020,3.020,205,0
20190207,0300,3.020,3.032,3.020,3.032,131,0
20190207,0400,3.032,3.032,3.019,3.027,1035,0
20190207,0500,3.027,3.030,3.027,3.030,36,0
20190207,0600,3.030,3.030,3.026,3.027,11,0
20190207,1600,3.010,3.010,3.010,3.010,17,0
20190207,1700,3.010,3.010,2.997,2.997,2,0
20190207,1800,2.997,2.997,2.990,2.990,2,0
20190207,1900,2.990,2.990,2.990,2.990,2,0
20190207,2000,2.990,2.990,2.985,2.985,14,0
20190207,2100,2.985,2.985,2.985,2.985,29,0
20190207,2200,2.985,3.002,2.985,2.999,239,0
20190207,2300,2.999,3.007,2.997,3.002,73,0
20190208,0000,3.002,3.002,2.983,2.986,525,0
20190208,0100,2.986,2.986,2.971,2.976,84,0
20190208,0200,2.976,2.979,2.965,2.967,384,0
20190208,0300,2.967,2.973,2.966,2.967,110,0
20190208,0400,2.967,2.984,2.967,2.984,739,0
20190208,0500,2.984,2.987,2.984,2.987,35,0
20190208,0600,2.987,2.987,2.987,2.987,1,0
20190208,1800,2.998,2.998,2.998,2.998,2,0
20190208,1900,2.998,2.998,2.998,2.998,0,0
20190208,2000,2.998,2.998,2.998,2.998,123,0
20190208,2100,2.998,3.004,2.998,3.004,2,0
20190208,2200,3.004,3.010,3.004,3.005,55,0
20190208,2300,3.005,3.005,2.982,2.982,29,0
20190209,0000,2.982,2.985,2.982,2.984,51,0
20190209,0100,2.984,2.989,2.983,2.983,27,0
20190209,0200,2.983,3.000,2.983,3.000,65,0
20190209,0300,3.000,3.010,2.996,3.010,434,0
20190209,0400,3.010,3.010,3.004,3.009,971,0
20190209,0500,3.009,3.015,3.009,3.015,7,0
20190209,0600,3.015,3.021,3.015,3.021,29,0
20190211,1300,3.048,3.048,3.048,3.048,0,0
20190211,1400,3.048,3.048,3.048,3.048,0,0
20190211,1500,3.048,3.048,3.048,3.048,0,0
20190211,1600,3.048,3.048,3.048,3.048,0,0
20190211,1700,3.048,3.048,3.048,3.048,2,0
20190211,1800,3.048,3.048,3.048,3.048,0,0
20190211,1900,3.048,3.048,3.048,3.048,3,0
20190211,2000,3.048,3.048,3.048,3.048,0,0
20190211,2100,3.048,3.048,3.048,3.048,46,0
20190211,2200,3.048,3.054,3.043,3.054,184,0
20190211,2300,3.054,3.056,3.027,3.028,368,0
20190212,0000,3.028,3.041,3.028,3.032,214,0
20190212,0100,3.032,3.050,3.032,3.034,148,0
20190212,0200,3.034,3.038,3.028,3.033,68,0
20190212,0300,3.033,3.039,3.029,3.036,202,0
20190212,0400,3.036,3.040,3.027,3.040,1436,0
20190212,0500,3.040,3.042,3.040,3.040,105,0
20190212,0600,3.040,3.040,3.039,3.039,15,0
20190212,2100,3.048,3.048,3.048,3.048,5,0
20190212,2200,3.048,3.061,3.045,3.059,64,0
20190212,2300,3.059,3.059,3.031,3.041,123,0
20190213,0000,3.041,3.048,3.038,3.044,149,0
20190213,0100,3.044,3.065,3.044,3.062,195,0
20190213,0200,3.062,3.064,3.050,3.055,120,0
20190213,0300,3.055,3.063,3.053,3.063,261,0
20190213,0400,3.063,3.070,3.051,3.052,849,0
20190213,0500,3.052,3.052,3.049,3.049,43,0
20190213,0600,3.049,3.049,3.049,3.049,7,0
20190213,0900,3.037,3.039,3.037,3.039,3,0
20190213,1000,3.039,3.039,3.034,3.034,1,0
20190213,1100,3.034,3.034,3.034,3.034,0,0
20190213,1200,3.034,3.034,3.034,3.034,0,0
20190213,1300,3.034,3.034,3.034,3.034,0,0
20190213,1400,3.034,3.034,3.001,3.001,172,0
20190213,1500,3.001,3.001,3.001,3.001,2,0
20190213,1600,3.001,3.001,3.001,3.001,0,0
20190213,1700,3.001,3.028,3.001,3.028,2,0
20190213,1800,3.028,3.028,3.028,3.028,3,0
20190213,1900,3.028,3.028,3.028,3.028,3,0
20190213,2000,3.028,3.028,3.028,3.028,26,0
20190213,2100,3.028,3.038,3.028,3.038,16,0
20190213,2200,3.038,3.038,3.014,3.021,74,0
20190213,2300,3.021,3.024,3.007,3.012,147,0
20190214,0000,3.012,3.020,3.008,3.008,322,0
20190214,0100,3.008,3.022,3.007,3.022,225,0
20190214,0200,3.022,3.034,3.015,3.034,270,0
20190214,0300,3.034,3.034,3.023,3.024,176,0
20190214,0400,3.024,3.024,3.008,3.015,1151,0
20190214,0500,3.015,3.022,3.015,3.022,19,0
20190214,0600,3.022,3.022,3.022,3.022,0,0
20190214,1500,3.027,3.027,3.026,3.026,4,0
20190214,1600,3.026,3.027,3.026,3.027,1,0
20190214,1700,3.027,3.027,3.027,3.027,0,0
20190214,1800,3.027,3.027,3.026,3.026,1,0
20190214,1900,3.026,3.026,3.026,3.026,0,0
20190214,2000,3.026,3.026,3.026,3.026,2,0
20190214,2100,3.026,3.026,3.026,3.026,13,0
20190214,2200,3.026,3.026,3.008,3.011,23,0
20190214,2300,3.011,3.011,3.001,3.006,221,0
20190215,0000,3.006,3.017,3.000,3.013,293,0
20190215,0100,3.013,3.013,2.995,2.999,95,0
20190215,0200,2.999,3.004,2.997,2.999,83,0
20190215,0300,2.999,3.003,2.997,2.998,138,0
20190215,0400,2.998,3.000,2.991,2.995,930,0
20190215,0500,2.995,2.998,2.995,2.998,66,0
20190215,0600,2.998,2.998,2.995,2.995,2,0
20190215,2200,2.998,2.998,2.998,2.998,0,0
20190215,2300,2.998,3.009,2.998,3.004,83,0
20190216,0000,3.004,3.004,2.987,2.994,171,0
20190216,0100,2.994,2.994,2.981,2.989,243,0
20190216,0200,2.989,3.001,2.988,2.999,72,0
20190216,0300,2.999,3.004,2.999,3.003,158,0
20190216,0400,3.003,3.012,3.003,3.009,501,0
20190216,0500,3.009,3.016,3.009,3.016,80,0
20190216,0600,3.016,3.016,3.016,3.016,7,0
20190218,1500,3.025,3.025,3.025,3.025,0,0
20190218,1600,3.025,3.025,3.025,3.025,0,0
20190218,1700,3.025,3.025,3.025,3.025,8,0
20190218,1800,3.025,3.025,3.025,3.025,0,0
20190218,1900,3.025,3.025,3.025,3.025,5,0
20190218,2000,3.025,3.025,3.025,3.025,0,0
20190218,2100,3.025,3.025,3.025,3.025,0,0
20190218,2200,3.025,3.025,3.025,3.025,0,0
20190218,2300,3.025,3.025,3.025,3.025,0,0
20190219,0000,3.025,3.025,3.025,3.025,0,0
20190219,0100,3.025,3.025,3.025,3.025,0,0
20190219,0200,3.025,3.025,3.011,3.011,88,0
20190219,0300,3.011,3.011,3.011,3.011,0,0
20190219,0400,3.011,3.011,3.011,3.011,0,0
20190219,0500,3.011,3.011,3.011,3.011,0,0
20190219,0600,3.011,3.011,3.011,3.011,0,0
20190219,0800,3.011,3.011,3.011,3.011,2,0
20190219,0900,3.011,3.011,3.011,3.011,0,0
20190219,1000,3.011,3.011,3.011,3.011,0,0
20190219,1100,3.011,3.011,3.011,3.011,0,0
20190219,1200,3.011,3.011,3.011,3.011,0,0
20190219,1300,3.011,3.011,3.011,3.011,0,0
20190219,1400,3.011,3.011,3.011,3.011,2,0
20190219,1500,3.011,3.011,3.011,3.011,0,0
20190219,1600,3.011,3.011,3.011,3.011,0,0
20190219,1700,3.011,3.011,3.011,3.011,0,0
20190219,1800,3.011,3.011,3.011,3.011,0,0
20190219,1900,3.011,3.011,3.011,3.011,0,0
20190219,2000,3.011,3.021,3.011,3.020,8,0
20190219,2100,3.020,3.020,3.020,3.020,1,0
20190219,2200,3.020,3.020,3.010,3.010,62,0
20190219,2300,3.005,3.041,3.005,3.041,783,0
20190220,0000,3.041,3.044,3.023,3.027,292,0
20190220,0100,3.027,3.030,3.019,3.029,209,0
20190220,0200,3.029,3.033,3.023,3.033,567,0
20190220,0300,3.033,3.043,3.033,3.043,449,0
20190220,0400,3.043,3.050,3.040,3.044,549,0
20190220,0500,3.044,3.044,3.044,3.044,38,0
20190220,0600,3.044,3.044,3.044,3.044,29,0
20190220,2200,3.054,3.056,3.050,3.052,8,0
20190220,2300,3.052,3.052,3.044,3.045,189,0
20190221,0000,3.045,3.045,3.043,3.044,85,0
20190221,0100,3.044,3.044,3.015,3.015,173,0
20190221,0200,3.014,3.024,3.014,3.022,98,0
20190221,0300,3.022,3.026,3.020,3.024,60,0
20190221,0400,3.024,3.025,3.020,3.021,427,0
20190221,0500,3.021,3.025,3.021,3.021,63,0
20190221,0600,3.021,3.023,3.017,3.017,58,0
20190221,2100,3.037,3.037,3.037,3.037,0,0
20190221,2200,3.037,3.040,3.037,3.039,9,0
20190221,2300,3.039,3.039,3.027,3.030,167,0
20190222,0000,3.030,3.047,3.027,3.034,411,0
20190222,0100,3.034,3.035,3.025,3.031,188,0
20190222,0200,3.031,3.035,3.031,3.035,83,0
20190222,0300,3.035,3.042,3.031,3.042,518,0
20190222,0400,3.042,3.047,3.039,3.039,480,0
20190222,0500,3.039,3.039,3.039,3.039,52,0
20190222,0600,3.039,3.045,3.039,3.044,12,0
20190222,2200,3.036,3.036,3.036,3.036,8,0
20190222,2300,3.036,3.037,3.030,3.037,149,0
20190223,0000,3.037,3.037,3.029,3.034,86,0
20190223,0100,3.034,3.036,3.031,3.031,183,0
20190223,0200,3.031,3.033,3.030,3.032,564,0
20190223,0300,3.032,3.053,3.032,3.053,241,0
20190223,0400,3.053,3.053,3.046,3.051,221,0
20190223,0500,3.051,3.051,3.044,3.044,129,0
20190223,0600,3.044,3.044,3.044,3.044,6,0
20190225,0800,3.076,3.076,3.076,3.076,2,0
20190225,0900,3.076,3.076,3.076,3.076,0,0
20190225,1000,3.076,3.076,3.076,3.076,0,0
20190225,1100,3.076,3.076,3.076,3.076,0,0
20190225,1200,3.076,3.076,3.076,3.076,0,0
20190225,1300,3.076,3.076,3.076,3.076,0,0
20190225,1400,3.076,3.084,3.076,3.084,6,0
20190225,1500,3.084,3.084,3.084,3.084,0,0
20190225,1600,3.084,3.084,3.084,3.084,0,0
20190225,1700,3.084,3.084,3.084,3.084,2,0
20190225,1800,3.084,3.084,3.084,3.084,2,0
20190225,1900,3.084,3.092,3.084,3.089,3,0
20190225,2000,3.089,3.089,3.089,3.089,0,0
20190225,2100,3.089,3.089,3.089,3.089,6,0
20190225,2200,3.089,3.089,3.073,3.086,71,0
20190225,2300,3.086,3.095,3.078,3.079,266,0
20190226,0000,3.079,3.079,3.069,3.069,103,0
20190226,0100,3.069,3.080,3.069,3.080,29,0
20190226,0200,3.080,3.080,3.076,3.076,169,0
20190226,0300,3.076,3.086,3.076,3.084,39,0
20190226,0400,3.084,3.092,3.084,3.091,701,0
20190226,0500,3.091,3.091,3.091,3.091,45,0
20190226,0600,3.091,3.091,3.089,3.089,127,0
