20190114,1100,3.090,3.094,3.079,3.083,363,0
20190114,1200,3.083,3.095,3.082,3.089,276,0
20190114,1300,3.089,3.095,3.078,3.081,229,0
20190114,1400,3.081,3.092,3.079,3.081,243,0
20190114,1500,3.082,3.084,3.078,3.079,184,0
20190114,1600,3.079,3.092,3.079,3.092,388,0
20190114,1700,3.092,3.098,3.082,3.090,530,0
20190114,1800,3.088,3.091,3.078,3.080,516,0
20190114,1900,3.080,3.084,3.078,3.084,386,0
20190114,2000,3.084,3.099,3.084,3.097,1093,0
20190114,2100,3.097,3.147,3.096,3.119,3524,0
20190114,2200,3.119,3.155,3.112,3.153,9101,0
20190114,2300,3.154,3.181,3.123,3.179,26305,0
20190115,0000,3.179,3.217,3.179,3.189,22199,0
20190115,0100,3.189,3.211,3.179,3.207,15679,0
20190115,0200,3.207,3.213,3.185,3.204,16310,0
20190115,0300,3.203,3.284,3.200,3.267,20720,0
20190115,0400,3.267,3.305,3.261,3.288,36253,0
20190115,0500,3.288,3.289,3.265,3.280,6434,0
20190115,0600,3.280,3.285,3.273,3.276,1799,0
20190115,0800,3.333,3.333,3.307,3.320,427,0
20190115,0900,3.322,3.339,3.320,3.334,885,0
20190115,1000,3.334,3.341,3.318,3.323,550,0
20190115,1100,3.323,3.337,3.320,3.335,409,0
20190115,1200,3.335,3.341,3.328,3.334,169,0
20190115,1300,3.334,3.355,3.332,3.350,615,0
20190115,1400,3.350,3.373,3.345,3.367,602,0
20190115,1500,3.367,3.372,3.354,3.371,271,0
20190115,1600,3.371,3.371,3.261,3.281,1523,0
20190115,1700,3.281,3.326,3.262,3.277,1269,0
20190115,1800,3.277,3.285,3.260,3.279,639,0
20190115,1900,3.279,3.286,3.273,3.279,490,0
20190115,2000,3.279,3.279,3.238,3.250,1514,0
20190115,2100,3.252,3.269,3.235,3.251,4105,0
20190115,2200,3.251,3.324,3.238,3.304,8849,0
20190115,2300,3.307,3.307,3.248,3.272,15395,0
20190116,0000,3.274,3.279,3.201,3.206,17401,0
20190116,0100,3.204,3.268,3.203,3.245,19934,0
20190116,0200,3.246,3.279,3.234,3.270,13239,0
20190116,0300,3.270,3.272,3.202,3.218,9426,0
20190116,0400,3.218,3.252,3.213,3.219,22706,0
20190116,0500,3.219,3.231,3.207,3.218,1908,0
20190116,0600,3.218,3.218,3.202,3.207,1183,0
20190116,0800,3.208,3.225,3.201,3.214,228,0
20190116,0900,3.214,3.235,3.211,3.220,191,0
20190116,1000,3.221,3.238,3.221,3.232,99,0
20190116,1100,3.232,3.232,3.200,3.207,286,0
20190116,1200,3.207,3.209,3.203,3.203,101,0
20190116,1300,3.203,3.215,3.181,3.191,285,0
20190116,1400,3.191,3.199,3.150,3.162,770,0
20190116,1500,3.162,3.163,3.150,3.162,194,0
20190116,1600,3.162,3.201,3.152,3.191,1010,0
20190116,1700,3.191,3.218,3.187,3.214,230,0
20190116,1800,3.214,3.254,3.201,3.251,603,0
20190116,1900,3.251,3.266,3.233,3.240,939,0
20190116,2000,3.240,3.269,3.238,3.268,1006,0
20190116,2100,3.268,3.280,3.255,3.279,2617,0
20190116,2200,3.277,3.369,3.265,3.369,11906,0
20190116,2300,3.374,3.406,3.323,3.336,18969,0
20190117,0000,3.336,3.353,3.296,3.348,10076,0
20190117,0100,3.348,3.367,3.273,3.276,17092,0
20190117,0200,3.277,3.287,3.202,3.236,20747,0
20190117,0300,3.236,3.244,3.141,3.165,12283,0
20190117,0400,3.165,3.204,3.117,3.141,26731,0
20190117,0500,3.141,3.169,3.139,3.168,2589,0
20190117,0600,3.169,3.170,3.154,3.165,1031,0
20190117,0800,3.180,3.193,3.157,3.184,263,0
20190117,0900,3.184,3.195,3.173,3.195,136,0
20190117,1000,3.195,3.204,3.189,3.191,141,0
20190117,1100,3.191,3.198,3.186,3.188,72,0
20190117,1200,3.188,3.193,3.177,3.188,103,0
20190117,1300,3.188,3.226,3.187,3.224,464,0
20190117,1400,3.224,3.226,3.193,3.201,301,0
20190117,1500,3.201,3.216,3.196,3.212,132,0
20190117,1600,3.212,3.249,3.201,3.248,642,0
20190117,1700,3.248,3.272,3.242,3.259,602,0
20190117,1800,3.259,3.280,3.256,3.263,484,0
20190117,1900,3.263,3.280,3.251,3.275,519,0
20190117,2000,3.275,3.296,3.272,3.286,1538,0
20190117,2100,3.286,3.302,3.259,3.302,3480,0
20190117,2200,3.301,3.307,3.261,3.270,7269,0
20190117,2300,3.269,3.275,3.251,3.259,10308,0
20190118,0000,3.259,3.268,3.184,3.187,12548,0
20190118,0100,3.187,3.198,3.149,3.175,15422,0
20190118,0200,3.176,3.236,3.165,3.219,10839,0
20190118,0300,3.219,3.225,3.165,3.175,11315,0
20190118,0400,3.175,3.186,3.144,3.177,19005,0
20190118,0500,3.177,3.183,3.163,3.176,2708,0
20190118,0600,3.176,3.182,3.170,3.177,870,0
20190118,0800,3.190,3.195,3.179,3.191,250,0
20190118,0900,3.191,3.192,3.133,3.164,686,0
20190118,1000,3.164,3.188,3.164,3.186,205,0
20190118,1100,3.186,3.186,3.155,3.170,141,0
20190118,1200,3.170,3.195,3.164,3.183,173,0
20190118,1300,3.183,3.186,3.150,3.158,172,0
20190118,1400,3.158,3.162,3.112,3.118,741,0
20190118,1500,3.119,3.148,3.119,3.136,226,0
20190118,1600,3.136,3.170,3.101,3.111,1017,0
20190118,1700,3.111,3.133,3.099,3.119,382,0
20190118,1800,3.119,3.129,3.111,3.124,204,0
20190118,1900,3.124,3.125,3.100,3.113,649,0
20190118,2000,3.113,3.123,3.091,3.111,1730,0
20190118,2100,3.110,3.115,3.079,3.085,4732,0
20190118,2000,3.113,3.123,3.091,3.111,1730,0
20190118,2200,3.085,3.088,3.048,3.062,8563,0
20190118,2100,3.110,3.115,3.079,3.085,4732,0
20190118,2300,3.061,3.102,3.042,3.094,13351,0
20190118,2200,3.085,3.088,3.048,3.062,8563,0
20190119,0000,3.093,3.120,3.078,3.080,11957,0
20190118,2300,3.061,3.102,3.042,3.094,13351,0
20190119,0100,3.079,3.118,3.073,3.108,10643,0
20190119,0000,3.093,3.120,3.078,3.080,11957,0
20190119,0200,3.108,3.146,3.108,3.146,11617,0
20190119,0100,3.079,3.118,3.073,3.108,10643,0
20190119,0300,3.143,3.201,3.128,3.178,15952,0
20190119,0200,3.108,3.146,3.108,3.146,11617,0
20190119,0400,3.184,3.247,3.177,3.199,26830,0
20190119,0300,3.143,3.201,3.128,3.178,15952,0
20190119,0500,3.199,3.207,3.162,3.187,4805,0
20190119,0400,3.184,3.247,3.177,3.199,26830,0
20190119,0600,3.191,3.208,3.183,3.183,1734,0
20190119,0500,3.199,3.207,3.162,3.187,4805,0
20190119,0600,3.191,3.208,3.183,3.183,1734,0
20190121,0800,3.120,3.134,3.107,3.115,922,0
20190121,0900,3.115,3.122,3.110,3.113,198,0
20190121,1000,3.113,3.114,3.093,3.110,691,0
20190121,1100,3.110,3.123,3.110,3.121,165,0
20190121,1200,3.121,3.128,3.119,3.125,187,0
20190121,1300,3.125,3.138,3.125,3.130,268,0
20190121,1400,3.130,3.145,3.103,3.139,493,0
20190121,1500,3.139,3.141,3.121,3.130,54,0
20190121,1600,3.130,3.142,3.103,3.125,667,0
20190121,1700,3.125,3.131,3.111,3.130,218,0
20190121,1800,3.130,3.131,3.116,3.122,161,0
20190121,1900,3.122,3.122,3.099,3.107,105,0
20190121,2000,3.107,3.114,3.074,3.080,490,0
20190121,2100,3.083,3.122,3.081,3.122,587,0
20190121,2200,3.122,3.133,3.098,3.116,750,0
20190121,2300,3.117,3.136,3.106,3.130,1397,0
20190122,0000,3.131,3.142,3.122,3.126,1291,0
20190122,0100,3.126,3.129,3.099,3.101,1887,0
20190122,0200,3.100,3.106,3.052,3.054,2724,0
20190122,0300,3.054,3.054,3.054,3.054,0,0
20190122,0400,3.054,3.054,3.054,3.054,0,0
20190122,0500,3.054,3.054,3.054,3.054,0,0
20190122,0600,3.054,3.054,3.054,3.054,0,0
20190122,0800,3.087,3.116,3.081,3.113,639,0
20190122,0900,3.113,3.113,3.094,3.106,202,0
20190122,1000,3.106,3.112,3.103,3.107,174,0
20190122,1100,3.107,3.119,3.107,3.116,175,0
20190122,1200,3.116,3.124,3.110,3.120,149,0
20190122,1300,3.120,3.138,3.119,3.130,224,0
20190122,1400,3.130,3.137,3.112,3.134,255,0
20190122,1500,3.134,3.134,3.116,3.117,187,0
20190122,1600,3.117,3.133,3.083,3.083,466,0
20190122,1700,3.085,3.099,3.078,3.089,225,0
20190122,1800,3.085,3.102,3.085,3.096,446,0
20190122,1900,3.096,3.098,3.065,3.076,456,0
20190122,2000,3.078,3.091,3.065,3.065,569,0
20190122,2100,3.070,3.092,3.067,3.068,1912,0
20190122,2200,3.056,3.079,3.016,3.029,10303,0
20190122,2300,3.029,3.052,3.025,3.029,15130,0
20190123,0000,3.031,3.059,3.020,3.055,13898,0
20190123,0100,3.058,3.071,3.033,3.035,12868,0
20190123,0200,3.035,3.045,3.004,3.009,16209,0
20190123,0300,3.010,3.014,2.988,3.005,14665,0
20190123,0400,3.006,3.006,2.967,2.975,31601,0
20190123,0500,2.975,2.990,2.972,2.987,3470,0
20190123,0600,2.986,2.996,2.982,2.987,1086,0
20190123,0800,2.987,3.006,2.987,2.995,387,0
20190123,0900,2.995,3.008,2.994,3.000,288,0
20190123,1000,3.000,3.015,3.000,3.010,676,0
20190123,1100,3.010,3.014,3.007,3.010,314,0
20190123,1200,3.010,3.012,3.007,3.009,132,0
20190123,1300,3.009,3.024,3.009,3.024,226,0
20190123,1400,3.024,3.036,3.020,3.029,1052,0
20190123,1500,3.029,3.032,3.021,3.024,266,0
20190123,1600,3.024,3.047,3.019,3.047,1528,0
20190123,1700,3.047,3.059,3.037,3.058,746,0
20190123,1800,3.058,3.061,3.046,3.046,441,0
20190123,1900,3.048,3.062,3.037,3.046,935,0
20190123,2000,3.048,3.054,3.016,3.027,853,0
20190123,2100,3.025,3.040,3.016,3.030,2426,0
20190123,2200,3.033,3.056,3.023,3.029,6842,0
20190123,2300,3.030,3.042,3.010,3.032,14904,0
20190124,0000,3.033,3.042,3.014,3.015,10388,0
20190124,0100,3.016,3.026,3.003,3.009,14054,0
20190124,0200,3.010,3.014,2.950,2.959,19980,0
20190124,0300,2.959,2.959,2.897,2.919,22492,0
20190124,0400,2.919,2.956,2.915,2.955,22816,0
20190124,0500,2.956,2.957,2.937,2.952,3817,0
20190124,0600,2.952,2.957,2.944,2.956,1186,0
20190124,0800,2.957,2.963,2.945,2.955,296,0
20190124,0900,2.955,2.968,2.955,2.965,366,0
20190124,1000,2.965,2.968,2.953,2.956,377,0
20190124,1100,2.956,2.961,2.953,2.954,177,0
20190124,1200,2.954,2.960,2.937,2.945,273,0
20190124,1300,2.945,2.950,2.926,2.929,340,0
20190124,1400,2.929,2.955,2.927,2.932,558,0
20190124,1500,2.932,2.942,2.928,2.936,312,0
20190124,1600,2.936,2.967,2.932,2.962,874,0
20190124,1700,2.962,2.983,2.962,2.970,855,0
20190124,1800,2.970,2.981,2.962,2.965,442,0
20190124,1900,2.965,2.977,2.965,2.972,254,0
20190124,2000,2.974,2.995,2.972,2.995,1040,0
20190124,2100,2.995,3.008,2.987,2.990,2203,0
20190124,2200,2.990,3.017,2.977,3.014,7362,0
20190124,2300,3.012,3.012,2.986,3.008,9944,0
20190125,0000,3.008,3.014,2.969,2.982,16240,0
20190125,0100,2.980,3.049,2.979,3.018,24692,0
20190125,0200,3.016,3.030,3.004,3.028,12219,0
20190125,0300,3.026,3.027,2.986,2.990,13335,0
20190125,0400,2.990,3.025,2.981,3.011,27701,0
20190125,0500,3.011,3.027,3.011,3.024,3655,0
20190125,0600,3.024,3.029,3.016,3.019,1204,0
20190125,0800,3.037,3.043,3.032,3.038,415,0
20190125,0900,3.038,3.058,3.028,3.050,940,0
20190125,1000,3.049,3.056,3.037,3.046,492,0
20190125,1100,3.046,3.048,3.039,3.039,192,0
20190125,1200,3.039,3.047,3.039,3.041,253,0
20190125,1300,3.041,3.055,3.040,3.042,298,0
20190125,1400,3.042,3.068,3.042,3.056,732,0
20190125,1500,3.056,3.058,3.043,3.047,240,0
20190125,1600,3.047,3.051,3.005,3.023,2137,0
20190125,1700,3.024,3.031,3.007,3.017,1308,0
20190125,1800,3.019,3.022,3.007,3.018,593,0
20190125,1900,3.016,3.019,2.996,3.007,889,0
20190125,2000,3.008,3.013,2.992,2.997,1263,0
20190125,2100,2.993,3.010,2.985,2.995,1934,0
20190125,2200,2.992,3.000,2.947,2.958,7964,0
20190125,2300,2.963,3.017,2.963,3.006,10890,0
20190126,0000,3.006,3.050,2.994,3.047,12809,0
20190126,0100,3.046,3.069,3.024,3.069,18997,0
20190126,0200,3.070,3.089,3.049,3.082,19670,0
20190126,0300,3.080,3.081,3.038,3.066,15056,0
20190126,0400,3.066,3.088,3.058,3.075,23377,0
20190126,0500,3.075,3.082,3.065,3.073,4306,0
20190126,0600,3.073,3.073,3.044,3.052,1690,0
20190128,0800,2.863,2.868,2.840,2.856,6972,0
20190128,0900,2.856,2.871,2.854,2.868,1911,0
20190128,1000,2.868,2.878,2.865,2.877,1505,0
20190128,1100,2.877,2.879,2.874,2.878,801,0
20190128,1200,2.878,2.883,2.876,2.879,650,0
20190128,1300,2.879,2.884,2.877,2.881,445,0
20190128,1400,2.881,2.885,2.877,2.881,476,0
20190128,1500,2.881,2.882,2.876,2.880,412,0
20190128,1600,2.880,2.882,2.867,2.869,685,0
20190128,1800,2.874,2.877,2.871,2.875,6246,0
20190128,1900,2.875,2.878,2.865,2.869,879,0
20190128,2000,2.869,2.874,2.862,2.862,1076,0
20190128,2100,2.863,2.912,2.863,2.891,8035,0
20190128,2200,2.889,2.896,2.868,2.872,10157,0
20190128,2300,2.873,2.904,2.872,2.896,17493,0
20190129,0000,2.896,2.915,2.893,2.903,13234,0
20190129,0100,2.903,2.912,2.894,2.908,11301,0
20190129,0200,2.908,2.922,2.888,2.890,14587,0
20190129,0300,2.890,2.901,2.880,2.885,14391,0
20190129,0400,2.886,2.891,2.860,2.890,31864,0
20190129,0500,2.889,2.892,2.873,2.886,4428,0
20190129,0600,2.886,2.895,2.881,2.894,1525,0
20190129,0800,2.892,2.901,2.890,2.899,471,0
20190129,0900,2.899,2.913,2.887,2.888,845,0
20190129,1000,2.888,2.895,2.872,2.884,652,0
20190129,1100,2.884,2.900,2.881,2.895,467,0
20190129,1200,2.897,2.897,2.888,2.891,159,0
20190129,1300,2.891,2.893,2.881,2.884,202,0
20190129,1400,2.884,2.897,2.880,2.893,369,0
20190129,1500,2.893,2.897,2.886,2.889,214,0
20190129,1600,2.889,2.895,2.870,2.880,970,0
20190129,1700,2.880,2.889,2.876,2.886,454,0
20190129,1800,2.886,2.896,2.878,2.888,436,0
20190129,1900,2.889,2.896,2.887,2.896,332,0
20190129,2000,2.896,2.897,2.877,2.880,865,0
20190129,2100,2.881,2.896,2.878,2.895,1418,0
20190129,2200,2.895,2.901,2.803,2.823,15376,0
20190129,2300,2.822,2.854,2.819,2.837,18142,0
20190130,0000,2.837,2.850,2.824,2.842,10046,0
20190130,0100,2.842,2.874,2.840,2.853,14913,0
20190130,0200,2.854,2.888,2.853,2.876,17328,0
20190130,0300,2.877,2.914,2.875,2.914,14737,0
20190130,0400,2.915,2.922,2.872,2.906,35541,0
20190130,0500,2.906,2.907,2.898,2.899,2637,0
20190130,0600,2.900,2.910,2.900,2.908,1135,0
20190130,0800,2.908,2.912,2.906,2.908,341,0
20190130,0900,2.908,2.911,2.904,2.906,126,0
20190130,1000,2.906,2.908,2.899,2.902,265,0
20190130,1100,2.903,2.905,2.901,2.903,127,0
20190130,1200,2.903,2.909,2.902,2.909,206,0
20190130,1300,2.909,2.919,2.908,2.914,451,0
20190130,1400,2.914,2.916,2.880,2.883,1492,0
20190130,1500,2.882,2.892,2.880,2.891,381,0
20190130,1600,2.891,2.897,2.862,2.868,1788,0
20190130,1700,2.868,2.874,2.854,2.869,1410,0
20190130,1800,2.868,2.873,2.856,2.863,641,0
20190130,1900,2.863,2.871,2.857,2.866,433,0
20190130,2000,2.866,2.878,2.861,2.870,843,0
20190130,2100,2.870,2.886,2.862,2.867,3114,0
20190130,2200,2.867,2.882,2.853,2.855,7305,0
20190130,2300,2.856,2.882,2.854,2.862,11971,0
20190131,0000,2.861,2.872,2.854,2.865,7227,0
20190131,0100,2.865,2.879,2.863,2.872,7904,0
20190131,0200,2.872,2.893,2.869,2.871,9913,0
20190131,0300,2.871,2.875,2.859,2.859,5756,0
20190131,0400,2.859,2.869,2.847,2.861,46,0
20190131,0500,2.860,2.867,2.858,2.866,0,0
20190131,0600,2.866,2.874,2.858,2.858,0,0
20190131,0800,2.869,2.880,2.867,2.879,0,0
20190131,0900,2.879,2.883,2.869,2.876,0,0
20190131,1000,2.877,2.879,2.867,2.873,113,0
20190131,1100,2.873,2.880,2.873,2.879,151,0
20190131,1200,2.879,2.884,2.878,2.883,249,0
20190131,1300,2.883,2.884,2.878,2.883,244,0
20190131,1400,2.883,2.896,2.880,2.891,942,0
20190131,1500,2.891,2.898,2.887,2.891,339,0
20190131,1600,2.891,2.912,2.884,2.905,1340,0
20190131,1700,2.906,2.918,2.895,2.911,1504,0
20190131,1800,2.910,2.913,2.898,2.913,925,0
20190131,1900,2.913,2.913,2.893,2.893,660,0
20190131,2000,2.893,2.895,2.866,2.887,2083,0
20190131,2100,2.887,2.900,2.881,2.887,2116,0
20190131,2200,2.887,2.892,2.862,2.878,5382,0
20190131,2300,2.879,2.885,2.843,2.860,15789,0
20190201,0000,2.860,2.868,2.817,2.843,20128,0
20190201,0100,2.843,2.844,2.805,2.808,15553,0
20190201,0200,2.808,2.838,2.802,2.827,16086,0
20190201,0300,2.827,2.830,2.820,2.825,7116,0
20190201,0400,2.825,2.827,2.808,2.820,23075,0
20190201,0500,2.821,2.834,2.821,2.834,2870,0
20190201,0600,2.834,2.834,2.819,2.825,1516,0
20190201,0800,2.827,2.837,2.827,2.835,292,0
20190201,0900,2.835,2.849,2.835,2.844,588,0
20190201,1000,2.844,2.846,2.832,2.832,497,0
20190201,1100,2.833,2.833,2.816,2.821,634,0
20190201,1200,2.821,2.832,2.821,2.830,189,0
20190201,1300,2.830,2.839,2.826,2.828,300,0
20190201,1400,2.825,2.830,2.816,2.823,614,0
20190201,1500,2.823,2.829,2.821,2.823,125,0
20190201,1600,2.823,2.830,2.807,2.819,1390,0
20190201,1700,2.819,2.823,2.781,2.788,1748,0
20190201,1800,2.788,2.805,2.783,2.805,1116,0
20190201,1900,2.805,2.805,2.793,2.799,384,0
20190201,2000,2.799,2.807,2.788,2.802,1015,0
20190201,2100,2.804,2.812,2.801,2.805,1871,0
20190201,2200,2.805,2.819,2.778,2.786,8187,0
20190201,2300,2.786,2.793,2.768,2.788,14431,0
20190202,0000,2.788,2.803,2.782,2.800,7557,0
20190202,0100,2.801,2.806,2.775,2.775,10673,0
20190202,0200,2.775,2.781,2.740,2.745,15827,0
20190202,0300,2.745,2.755,2.734,2.751,13805,0
20190202,0400,2.751,2.761,2.730,2.739,25463,0
20190202,0500,2.738,2.746,2.736,2.740,2799,0
20190202,0600,2.739,2.741,2.732,2.733,1606,0
20190204,0800,2.701,2.720,2.701,2.717,1366,0
20190204,0900,2.717,2.722,2.711,2.718,420,0
20190204,1000,2.719,2.730,2.716,2.729,712,0
20190204,1100,2.729,2.732,2.723,2.727,340,0
20190204,1200,2.727,2.728,2.722,2.727,215,0
20190204,1300,2.727,2.733,2.713,2.719,625,0
20190204,1400,2.719,2.732,2.719,2.727,257,0
20190204,1500,2.727,2.727,2.719,2.722,193,0
20190204,1600,2.722,2.726,2.689,2.694,2073,0
20190204,1700,2.697,2.712,2.697,2.700,1050,0
20190204,1800,2.701,2.712,2.700,2.711,582,0
20190204,1900,2.711,2.715,2.695,2.713,848,0
20190204,2000,2.713,2.714,2.706,2.709,744,0
20190204,2100,2.708,2.720,2.695,2.706,2454,0
20190204,2200,2.706,2.712,2.660,2.662,9573,0
20190204,2300,2.662,2.680,2.656,2.661,14012,0
20190205,0000,2.661,2.693,2.658,2.690,15764,0
20190205,0100,2.690,2.694,2.664,2.671,10900,0
20190205,0200,2.671,2.682,2.664,2.671,6556,0
20190205,0300,2.671,2.675,2.665,2.671,8097,0
20190205,0400,2.671,2.683,2.656,2.662,20053,0
20190205,0500,2.663,2.668,2.661,2.665,2370,0
20190205,0600,2.664,2.668,2.661,2.663,679,0
20190205,0800,2.662,2.674,2.662,2.672,301,0
20190205,0900,2.672,2.673,2.665,2.667,268,0
20190205,1000,2.667,2.670,2.666,2.668,81,0
20190205,1100,2.668,2.670,2.666,2.667,102,0
20190205,1200,2.667,2.669,2.665,2.669,71,0
20190205,1300,2.669,2.669,2.657,2.662,295,0
20190205,1400,2.662,2.665,2.656,2.656,285,0
20190205,1500,2.656,2.660,2.646,2.655,767,0
20190205,1600,2.655,2.661,2.651,2.654,356,0
20190205,1700,2.654,2.655,2.641,2.650,643,0
20190205,1800,2.649,2.653,2.643,2.653,387,0
20190205,1900,2.653,2.658,2.650,2.658,368,0
20190205,2000,2.658,2.674,2.658,2.674,1201,0
20190205,2100,2.673,2.695,2.665,2.693,3313,0
20190205,2200,2.692,2.702,2.678,2.700,5972,0
20190205,2300,2.698,2.698,2.669,2.676,9098,0
20190206,0000,2.676,2.694,2.674,2.686,7429,0
20190206,0100,2.686,2.708,2.686,2.692,11576,0
20190206,0200,2.692,2.695,2.667,2.672,9692,0
20190206,0300,2.672,2.676,2.658,2.660,9808,0
20190206,0400,2.660,2.681,2.656,2.677,10524,0
20190206,0500,2.677,2.689,2.676,2.687,1627,0
20190206,0600,2.687,2.691,2.681,2.681,1310,0
20190206,0800,2.685,2.701,2.682,2.700,466,0
20190206,0900,2.700,2.717,2.696,2.704,545,0
20190206,1000,2.704,2.705,2.696,2.702,235,0
20190206,1100,2.702,2.703,2.697,2.697,150,0
20190206,1200,2.697,2.702,2.694,2.700,186,0
20190206,1300,2.700,2.707,2.697,2.703,320,0
20190206,1400,2.703,2.716,2.693,2.695,708,0
20190206,1500,2.695,2.696,2.686,2.692,327,0
20190206,1600,2.692,2.693,2.671,2.675,849,0
20190206,1700,2.675,2.689,2.673,2.685,370,0
20190206,1800,2.685,2.690,2.680,2.683,180,0
20190206,1900,2.683,2.709,2.682,2.702,653,0
20190206,2000,2.702,2.703,2.688,2.695,753,0
20190206,2100,2.695,2.701,2.688,2.697,1382,0
20190206,2200,2.697,2.699,2.681,2.687,3871,0
20190206,2300,2.687,2.687,2.663,2.673,10098,0
20190207,0000,2.673,2.681,2.664,2.668,6705,0
20190207,0100,2.668,2.669,2.651,2.661,12110,0
20190207,0200,2.661,2.699,2.658,2.689,13414,0
20190207,0300,2.689,2.690,2.672,2.679,11163,0
20190207,0400,2.680,2.681,2.659,2.670,19221,0
20190207,0500,2.670,2.679,2.668,2.676,2274,0
20190207,0600,2.675,2.680,2.674,2.677,850,0
20190207,0800,2.682,2.682,2.670,2.671,546,0
20190207,0900,2.670,2.691,2.670,2.685,714,0
20190207,1000,2.683,2.688,2.683,2.687,279,0
20190207,1100,2.687,2.687,2.684,2.684,187,0
20190207,1200,2.685,2.688,2.684,2.686,131,0
20190207,1300,2.686,2.690,2.683,2.683,242,0
20190207,1400,2.683,2.685,2.661,2.671,1205,0
20190207,1500,2.671,2.679,2.669,2.672,201,0
20190207,1600,2.672,2.678,2.598,2.614,5088,0
20190207,1700,2.616,2.624,2.606,2.621,1755,0
20190207,1800,2.622,2.626,2.617,2.620,1055,0
20190207,1900,2.620,2.624,2.616,2.620,1236,0
20190207,2000,2.620,2.627,2.617,2.626,1175,0
20190207,2100,2.626,2.635,2.619,2.628,3458,0
20190207,2200,2.628,2.634,2.604,2.626,9396,0
20190207,2300,2.625,2.635,2.620,2.626,11099,0
20190208,0000,2.626,2.626,2.581,2.585,28726,0
20190208,0100,2.585,2.590,2.567,2.568,19921,0
20190208,0200,2.568,2.577,2.551,2.553,19233,0
20190208,0300,2.553,2.565,2.552,2.559,16612,0
20190208,0400,2.559,2.571,2.549,2.570,42139,0
20190208,0500,2.570,2.578,2.570,2.572,4124,0
20190208,0600,2.572,2.575,2.569,2.570,1869,0
20190208,0800,2.573,2.582,2.568,2.579,594,0
20190208,0900,2.578,2.590,2.578,2.585,917,0
20190208,1000,2.586,2.587,2.582,2.585,229,0
20190208,1100,2.585,2.587,2.582,2.585,189,0
20190208,1200,2.584,2.587,2.582,2.585,208,0
20190208,1300,2.585,2.587,2.583,2.583,181,0
20190208,1400,2.583,2.587,2.574,2.579,608,0
20190208,1500,2.581,2.587,2.580,2.584,145,0
20190208,1600,2.582,2.585,2.566,2.578,1559,0
20190208,1700,2.581,2.594,2.580,2.591,928,0
20190208,1800,2.591,2.591,2.566,2.580,1300,0
20190208,1900,2.580,2.583,2.568,2.569,934,0
20190208,2000,2.569,2.574,2.563,2.572,1184,0
20190208,2100,2.572,2.597,2.569,2.593,2165,0
20190208,2200,2.593,2.602,2.582,2.586,7142,0
20190208,2300,2.585,2.591,2.558,2.570,12883,0
20190209,0000,2.569,2.578,2.564,2.576,9082,0
20190209,0100,2.576,2.579,2.566,2.570,11539,0
20190209,0200,2.570,2.589,2.569,2.586,11614,0
20190209,0300,2.585,2.596,2.577,2.592,13191,0
20190209,0400,2.592,2.602,2.579,2.602,36293,0
20190209,0500,2.602,2.616,2.601,2.610,5306,0
20190209,0600,2.609,2.619,2.608,2.618,2836,0
20190211,0800,2.653,2.675,2.651,2.662,1957,0
20190211,0900,2.662,2.667,2.660,2.665,631,0
20190211,1000,2.665,2.669,2.664,2.666,333,0
20190211,1100,2.666,2.669,2.662,2.668,198,0
20190211,1200,2.668,2.674,2.667,2.674,293,0
20190211,1300,2.674,2.674,2.656,2.659,629,0
20190211,1400,2.658,2.666,2.658,2.661,342,0
20190211,1500,2.661,2.672,2.660,2.669,287,0
20190211,1600,2.669,2.675,2.664,2.671,490,0
20190211,1700,2.673,2.684,2.671,2.679,1539,0
20190211,1800,2.679,2.684,2.674,2.684,588,0
20190211,1900,2.686,2.699,2.682,2.693,1787,0
20190211,2000,2.692,2.697,2.684,2.687,838,0
20190211,2100,2.688,2.698,2.678,2.684,2686,0
20190211,2200,2.684,2.734,2.683,2.729,13970,0
20190211,2300,2.729,2.743,2.660,2.667,31749,0
20190212,0000,2.667,2.685,2.667,2.679,17937,0
20190212,0100,2.679,2.707,2.670,2.679,18394,0
20190212,0200,2.679,2.688,2.663,2.677,14877,0
20190212,0300,2.677,2.679,2.657,2.664,14582,0
20190212,0400,2.664,2.666,2.638,2.649,43616,0
20190212,0500,2.650,2.650,2.641,2.648,2788,0
20190212,0600,2.649,2.650,2.643,2.647,1325,0
20190212,0800,2.647,2.659,2.646,2.655,681,0
20190212,0900,2.655,2.657,2.652,2.652,313,0
20190212,1000,2.652,2.657,2.652,2.654,170,0
20190212,1100,2.654,2.664,2.653,2.659,636,0
20190212,1200,2.659,2.666,2.655,2.660,272,0
20190212,1300,2.660,2.661,2.655,2.656,232,0
20190212,1400,2.656,2.659,2.653,2.655,316,0
20190212,1500,2.655,2.657,2.653,2.653,192,0
20190212,1600,2.653,2.654,2.618,2.630,1901,0
20190212,1700,2.630,2.640,2.625,2.625,887,0
20190212,1800,2.626,2.633,2.623,2.630,571,0
20190212,1900,2.630,2.642,2.628,2.639,656,0
20190212,2000,2.640,2.687,2.638,2.673,3146,0
20190212,2100,2.673,2.677,2.650,2.665,3538,0
20190212,2200,2.664,2.684,2.656,2.670,7070,0
20190212,2300,2.670,2.678,2.640,2.658,19237,0
20190213,0000,2.658,2.667,2.654,2.660,8286,0
20190213,0100,2.660,2.697,2.659,2.689,17270,0
20190213,0200,2.688,2.697,2.669,2.675,18074,0
20190213,0300,2.676,2.685,2.673,2.682,12800,0
20190213,0400,2.682,2.691,2.667,2.669,40693,0
20190213,0500,2.669,2.670,2.663,2.667,3800,0
20190213,0600,2.667,2.670,2.665,2.667,2410,0
20190213,0800,2.665,2.668,2.647,2.648,901,0
20190213,0900,2.648,2.651,2.641,2.645,331,0
20190213,1000,2.645,2.649,2.643,2.646,398,0
20190213,1100,2.646,2.649,2.645,2.647,195,0
20190213,1200,2.647,2.649,2.643,2.643,175,0
20190213,1300,2.643,2.645,2.634,2.641,701,0
20190213,1400,2.641,2.645,2.563,2.603,3944,0
20190213,1500,2.603,2.621,2.601,2.614,1300,0
20190213,1600,2.614,2.616,2.589,2.593,1459,0
20190213,1700,2.594,2.611,2.594,2.606,897,0
20190213,1800,2.607,2.607,2.594,2.595,598,0
20190213,1900,2.595,2.604,2.579,2.595,1738,0
20190213,2000,2.595,2.600,2.573,2.582,1966,0
20190213,2100,2.585,2.606,2.583,2.601,3453,0
20190213,2200,2.601,2.604,2.571,2.593,9103,0
20190213,2300,2.596,2.611,2.581,2.597,15185,0
20190214,0000,2.596,2.603,2.584,2.585,11491,0
20190214,0100,2.585,2.596,2.579,2.592,14203,0
20190214,0200,2.592,2.627,2.583,2.613,18835,0
20190214,0300,2.613,2.614,2.587,2.589,13531,0
20190214,0400,2.588,2.594,2.571,2.579,49166,0
20190214,0500,2.579,2.591,2.578,2.590,3868,0
20190214,0600,2.590,2.592,2.586,2.588,2224,0
20190214,0800,2.590,2.599,2.586,2.594,322,0
20190214,0900,2.594,2.594,2.588,2.592,284,0
20190214,1000,2.592,2.594,2.590,2.590,113,0
20190214,1100,2.590,2.595,2.590,2.593,119,0
20190214,1200,2.593,2.595,2.591,2.594,109,0
20190214,1300,2.594,2.598,2.588,2.588,368,0
20190214,1400,2.589,2.590,2.581,2.589,287,0
20190214,1500,2.589,2.595,2.586,2.589,148,0
20190214,1600,2.589,2.598,2.582,2.586,756,0
20190214,1700,2.585,2.595,2.584,2.593,584,0
20190214,1800,2.593,2.610,2.590,2.604,1415,0
20190214,1900,2.604,2.609,2.599,2.603,379,0
20190214,2000,2.603,2.611,2.600,2.611,781,0
20190214,2100,2.610,2.613,2.585,2.613,3185,0
20190214,2200,2.612,2.613,2.595,2.599,5298,0
20190214,2300,2.600,2.603,2.584,2.594,7792,0
20190215,0000,2.594,2.613,2.576,2.611,15389,0
20190215,0100,2.611,2.612,2.570,2.584,13983,0
20190215,0200,2.584,2.601,2.572,2.574,10473,0
20190215,0300,2.574,2.586,2.571,2.575,7224,0
20190215,0400,2.575,2.581,2.567,2.581,18525,0
20190215,0500,2.581,2.581,2.575,2.577,1937,0
20190215,0600,2.576,2.577,2.567,2.567,1263,0
20190215,0800,2.569,2.576,2.568,2.572,352,0
20190215,0900,2.574,2.580,2.573,2.579,300,0
20190215,1000,2.577,2.579,2.568,2.570,349,0
20190215,1100,2.570,2.572,2.563,2.566,449,0
20190215,1200,2.566,2.568,2.565,2.567,169,0
20190215,1300,2.567,2.570,2.564,2.565,307,0
20190215,1400,2.563,2.566,2.543,2.549,1577,0
20190215,1500,2.549,2.562,2.549,2.555,423,0
20190215,1600,2.555,2.567,2.553,2.564,537,0
20190215,1700,2.564,2.587,2.561,2.584,1366,0
20190215,1800,2.584,2.586,2.576,2.579,534,0
20190215,1900,2.579,2.585,2.576,2.583,387,0
20190215,2000,2.583,2.603,2.579,2.594,2520,0
20190215,2100,2.594,2.600,2.586,2.588,1453,0
20190215,2200,2.588,2.601,2.585,2.601,4567,0
20190215,2300,2.600,2.619,2.591,2.610,11549,0
20190216,0000,2.609,2.611,2.585,2.597,10537,0
20190216,0100,2.597,2.597,2.585,2.596,7508,0
20190216,0200,2.595,2.610,2.591,2.610,6043,0
20190216,0300,2.610,2.617,2.606,2.607,5602,0
20190216,0400,2.608,2.630,2.608,2.623,20322,0
20190216,0500,2.623,2.630,2.619,2.627,3764,0
20190216,0600,2.627,2.635,2.627,2.632,1484,0
20190218,0800,2.616,2.629,2.612,2.618,768,0
20190218,0900,2.618,2.619,2.612,2.619,132,0
20190218,1000,2.619,2.619,2.613,2.617,210,0
20190218,1100,2.617,2.617,2.603,2.607,347,0
20190218,1200,2.607,2.609,2.601,2.609,181,0
20190218,1300,2.609,2.614,2.606,2.612,113,0
20190218,1400,2.612,2.645,2.612,2.635,855,0
20190218,1500,2.635,2.645,2.635,2.640,249,0
20190218,1600,2.640,2.662,2.635,2.651,1164,0
20190218,1700,2.651,2.655,2.641,2.643,480,0
20190218,1800,2.643,2.646,2.625,2.627,667,0
20190218,1900,2.627,2.627,2.604,2.612,906,0
20190218,2000,2.612,2.628,2.604,2.628,567,0
20190218,2100,2.626,2.633,2.625,2.630,756,0
20190218,2200,2.630,2.642,2.628,2.638,1062,0
20190218,2300,2.638,2.643,2.631,2.632,1277,0
20190219,0000,2.633,2.641,2.627,2.635,1707,0
20190219,0100,2.635,2.635,2.619,2.626,1596,0
20190219,0200,2.626,2.630,2.620,2.630,964,0
20190219,0300,2.630,2.630,2.630,2.630,0,0
20190219,0400,2.630,2.630,2.630,2.630,0,0
20190219,0500,2.630,2.630,2.630,2.630,0,0
20190219,0600,2.630,2.630,2.630,2.630,0,0
20190219,0800,2.644,2.652,2.640,2.646,426,0
20190219,0900,2.646,2.647,2.639,2.642,105,0
20190219,1000,2.642,2.643,2.637,2.640,116,0
20190219,1100,2.640,2.640,2.637,2.638,72,0
20190219,1200,2.639,2.640,2.630,2.635,348,0
20190219,1300,2.635,2.647,2.634,2.646,182,0
20190219,1400,2.648,2.661,2.645,2.657,1017,0
20190219,1500,2.657,2.663,2.652,2.652,349,0
20190219,1600,2.652,2.660,2.633,2.643,813,0
20190219,1700,2.643,2.656,2.642,2.651,393,0
20190219,1800,2.652,2.652,2.643,2.643,228,0
20190219,1900,2.643,2.646,2.635,2.641,562,0
20190219,2000,2.641,2.650,2.614,2.615,2240,0
20190219,2100,2.615,2.622,2.607,2.621,2213,0
20190219,2200,2.620,2.629,2.611,2.623,5695,0
20190219,2300,2.624,2.670,2.621,2.668,14077,0
20190220,0000,2.667,2.673,2.643,2.649,14037,0
20190220,0100,2.649,2.658,2.626,2.647,16093,0
20190220,0200,2.647,2.658,2.636,2.654,11798,0
20190220,0300,2.654,2.664,2.650,2.661,10102,0
20190220,0400,2.661,2.666,2.652,2.659,27435,0
20190220,0500,2.659,2.660,2.651,2.658,2467,0
20190220,0600,2.658,2.660,2.650,2.659,1165,0
20190220,0800,2.660,2.660,2.650,2.657,232,0
20190220,0900,2.657,2.659,2.653,2.656,84,0
20190220,1000,2.655,2.657,2.652,2.653,179,0
20190220,1100,2.652,2.657,2.647,2.651,173,0
20190220,1200,2.651,2.652,2.649,2.652,110,0
20190220,1300,2.653,2.655,2.650,2.655,159,0
20190220,1400,2.655,2.662,2.654,2.656,525,0
20190220,1500,2.656,2.664,2.656,2.661,271,0
20190220,1600,2.661,2.676,2.660,2.670,678,0
20190220,1700,2.673,2.673,2.663,2.665,547,0
20190220,1800,2.665,2.670,2.657,2.660,341,0
20190220,1900,2.661,2.671,2.658,2.668,360,0
20190220,2000,2.668,2.678,2.667,2.678,710,0
20190220,2100,2.679,2.687,2.672,2.681,2211,0
20190220,2200,2.680,2.688,2.670,2.683,6287,0
20190220,2300,2.684,2.684,2.667,2.675,11363,0
20190221,0000,2.675,2.679,2.670,2.672,7547,0
20190221,0100,2.672,2.672,2.642,2.643,15051,0
20190221,0200,2.646,2.656,2.641,2.646,9264,0
20190221,0300,2.646,2.654,2.641,2.648,7530,0
20190221,0400,2.647,2.652,2.633,2.643,19173,0
20190221,0500,2.643,2.648,2.641,2.646,2200,0
20190221,0600,2.646,2.649,2.639,2.647,1650,0
20190221,0800,2.649,2.652,2.643,2.650,191,0
20190221,0900,2.650,2.654,2.648,2.651,105,0
20190221,1000,2.651,2.651,2.642,2.645,171,0
20190221,1100,2.645,2.648,2.643,2.648,150,0
20190221,1200,2.646,2.649,2.644,2.646,194,0
20190221,1300,2.646,2.648,2.641,2.643,339,0
20190221,1400,2.641,2.660,2.639,2.654,758,0
20190221,1500,2.654,2.665,2.651,2.661,334,0
20190221,1600,2.661,2.696,2.660,2.682,1452,0
20190221,1700,2.683,2.688,2.679,2.682,331,0
20190221,1800,2.681,2.686,2.677,2.679,302,0
20190221,1900,2.679,2.685,2.670,2.684,609,0
20190221,2000,2.684,2.684,2.667,2.675,594,0
20190221,2100,2.674,2.679,2.661,2.677,4178,0
20190221,2200,2.678,2.685,2.669,2.675,3354,0
20190221,2300,2.676,2.681,2.668,2.675,8707,0
20190222,0000,2.674,2.699,2.666,2.683,16212,0
20190222,0100,2.683,2.687,2.670,2.678,9647,0
20190222,0200,2.678,2.688,2.676,2.687,9214,0
20190222,0300,2.687,2.699,2.686,2.699,6245,0
20190222,0400,2.699,2.701,2.684,2.700,15684,0
20190222,0500,2.700,2.705,2.698,2.704,3972,0
20190222,0600,2.703,2.708,2.701,2.705,2843,0
20190222,0800,2.703,2.713,2.703,2.705,304,0
20190222,0900,2.705,2.705,2.692,2.699,156,0
20190222,1000,2.696,2.698,2.679,2.684,382,0
20190222,1100,2.684,2.689,2.684,2.688,64,0
20190222,1200,2.688,2.692,2.688,2.690,35,0
20190222,1300,2.690,2.695,2.688,2.690,516,0
20190222,1400,2.690,2.704,2.688,2.698,253,0
20190222,1500,2.698,2.698,2.685,2.686,189,0
20190222,1600,2.686,2.689,2.676,2.685,262,0
20190222,1700,2.685,2.691,2.675,2.678,182,0
20190222,1800,2.678,2.683,2.675,2.683,99,0
20190222,1900,2.683,2.683,2.678,2.681,142,0
20190222,2000,2.681,2.694,2.676,2.684,425,0
20190222,2100,2.686,2.695,2.679,2.688,593,0
20190222,2200,2.685,2.694,2.679,2.691,2111,0
20190222,2300,2.692,2.698,2.681,2.693,3956,0
20190223,0000,2.695,2.699,2.685,2.699,3563,0
20190223,0100,2.697,2.702,2.691,2.693,3429,0
20190223,0200,2.691,2.702,2.689,2.697,3017,0
20190223,0300,2.697,2.716,2.697,2.715,4371,0
20190223,0400,2.716,2.725,2.706,2.707,7223,0
20190223,0500,2.707,2.708,2.700,2.701,1268,0
20190223,0600,2.701,2.706,2.697,2.698,896,0
20190225,0800,2.757,2.770,2.751,2.770,884,0
20190225,0900,2.770,2.770,2.758,2.759,81,0
20190225,1000,2.759,2.768,2.759,2.763,158,0
20190225,1100,2.763,2.763,2.760,2.762,53,0
20190225,1200,2.762,2.763,2.760,2.761,101,0
20190225,1300,2.761,2.766,2.759,2.762,52,0
20190225,1400,2.762,2.777,2.760,2.773,172,0
20190225,1500,2.773,2.778,2.768,2.771,85,0
20190225,1600,2.771,2.775,2.765,2.773,248,0
20190225,1700,2.773,2.775,2.765,2.766,137,0
20190225,1800,2.766,2.772,2.757,2.771,181,0
20190225,1900,2.771,2.775,2.767,2.771,258,0
20190225,2000,2.771,2.772,2.762,2.770,526,0
20190225,2100,2.770,2.771,2.758,2.764,623,0
20190225,2200,2.764,2.777,2.739,2.777,4607,0
20190225,2300,2.777,2.783,2.760,2.768,6616,0
20190226,0000,2.768,2.773,2.766,2.769,4659,0
20190226,0100,2.769,2.777,2.756,2.772,4182,0
20190226,0200,2.772,2.794,2.772,2.793,5322,0
20190226,0300,2.793,2.821,2.787,2.814,8236,0
20190226,0400,2.814,2.843,2.811,2.841,17230,0
20190226,0500,2.841,2.846,2.838,2.842,2415,0
20190226,0600,2.842,2.851,2.840,2.843,592,0
20190226,0800,2.843,2.843,2.836,2.843,103,0
20190226,0900,2.843,2.843,2.834,2.843,49,0
20190226,1000,2.843,2.843,2.836,2.838,12,0
20190226,1100,2.838,2.845,2.838,2.845,7,0
20190226,1200,2.845,2.845,2.841,2.842,15,0
20190226,1300,2.842,2.842,2.836,2.836,24,0
20190226,1400,2.836,2.849,2.834,2.848,38,0
20190226,1500,2.848,2.849,2.840,2.840,47,0
20190226,1600,2.840,2.858,2.838,2.850,46,0
