20181207,0600,53.51,53.51,53.43,53.43,0,0
20181207,0700,53.43,53.43,53.43,53.43,0,0
20181207,0800,53.26,53.26,53.26,53.26,0,0
20181207,0900,53.26,53.26,53.26,53.26,0,0
20181207,1000,53.26,53.26,53.19,53.19,0,0
20181207,1100,53.19,53.19,53.19,53.19,0,0
20181207,1200,53.19,53.19,53.19,53.19,0,0
20181207,1300,53.19,53.19,53.19,53.19,0,0
20181207,1400,53.19,53.19,52.88,53.00,0,0
20181207,1500,53.00,53.00,52.92,52.92,0,0
20181207,1600,52.92,52.92,52.92,52.92,0,0
20181207,1700,52.92,52.92,52.92,52.92,0,0
20181207,1800,52.92,52.92,52.61,52.62,0,0
20181207,1900,52.62,52.62,52.62,52.62,0,0
20181207,2000,52.62,52.62,52.62,52.62,0,0
20181207,2100,52.62,52.62,52.62,52.62,0,0
20181207,2200,52.62,52.62,52.62,52.62,0,0
20181207,2300,52.62,52.62,52.62,52.62,0,0
20181208,0000,52.62,52.62,52.62,52.62,0,0
20181208,0100,52.62,52.62,52.62,52.62,0,0
20181208,0200,52.62,55.33,52.62,55.30,0,0
20181208,0300,55.30,55.30,55.30,55.30,0,0
20181208,0400,55.30,55.30,54.22,54.22,0,0
20181208,0500,54.22,54.22,54.22,54.22,0,0
20181208,0600,54.22,54.22,53.96,53.96,0,0
20181210,1600,54.33,54.33,54.33,54.33,0,0
20181210,1700,54.33,54.33,54.33,54.33,0,0
20181210,1800,54.33,54.33,54.33,54.33,0,0
20181210,1900,54.33,54.33,53.96,53.96,0,0
20181210,2000,53.96,53.96,53.96,53.96,0,0
20181210,2100,53.96,53.96,53.96,53.96,0,0
20181210,2200,53.96,53.96,53.96,53.96,0,0
20181210,2300,53.96,53.96,53.96,53.96,0,0
20181211,0000,53.96,53.96,53.96,53.96,0,0
20181211,0100,53.96,53.96,53.38,53.38,0,0
20181211,0200,53.38,53.38,53.38,53.38,0,0
20181211,0300,53.38,53.38,53.38,53.38,0,0
20181211,0400,53.38,53.38,53.38,53.38,0,0
20181211,0500,53.38,53.38,52.27,52.27,0,0
20181211,0600,52.27,52.27,52.27,52.27,0,0
20181211,0700,52.27,52.27,52.27,52.27,0,0
20181211,2200,53.09,53.24,53.09,53.24,0,0
20181211,2300,53.24,53.24,53.21,53.21,0,0
20181212,0000,53.21,53.21,53.21,53.21,0,0
20181212,0100,53.21,53.48,53.21,53.48,0,0
20181212,0200,53.48,53.48,53.10,53.10,0,0
20181212,0300,53.10,53.10,52.98,52.98,0,0
20181212,0400,52.98,53.03,52.69,52.99,0,0
20181212,0500,52.99,52.99,52.99,52.99,0,0
20181212,0600,52.99,52.99,52.99,52.99,0,0
20181212,0700,52.99,52.99,52.99,52.99,0,0
20181212,2200,53.77,53.77,53.77,53.77,0,0
20181212,2300,53.77,53.99,53.77,53.99,0,0
20181213,0000,53.99,53.99,53.99,53.99,0,0
20181213,0100,53.99,53.99,53.99,53.99,0,0
20181213,0200,53.99,53.99,53.99,53.99,0,0
20181213,0300,53.99,53.99,53.99,53.99,0,0
20181213,0400,53.99,53.99,52.90,52.90,0,0
20181213,0500,52.90,53.00,52.90,52.90,0,0
20181213,0600,52.90,52.90,52.90,52.90,0,0
20181213,0700,52.90,52.90,52.90,52.90,0,0
20181213,1000,53.25,53.25,53.25,53.25,0,0
20181213,1100,53.25,53.25,53.25,53.25,0,0
20181213,1200,53.25,53.25,53.25,53.25,0,0
20181213,1300,53.25,53.25,53.25,53.25,0,0
20181213,1400,53.25,53.25,53.25,53.25,0,0
20181213,1500,53.25,53.25,53.25,53.25,0,0
20181213,1600,53.25,53.25,53.25,53.25,0,0
20181213,1700,53.25,53.25,53.04,53.18,0,0
20181213,1800,53.18,53.18,53.18,53.18,0,0
20181213,1900,53.18,53.18,52.87,52.94,0,0
20181213,2000,52.94,52.94,52.94,52.94,0,0
20181213,2100,52.94,52.94,52.57,52.57,0,0
20181213,2200,52.57,52.57,52.57,52.57,0,0
20181213,2300,52.57,52.57,52.57,52.57,0,0
20181214,0000,52.57,53.40,52.57,53.40,0,0
20181214,0100,53.40,53.40,53.40,53.40,0,0
20181214,0200,53.40,53.40,53.40,53.40,0,0
20181214,0300,53.40,53.74,53.40,53.73,0,0
20181214,0400,53.73,54.36,53.73,54.34,0,0
20181214,0500,54.34,54.79,54.34,54.79,0,0
20181214,0600,54.79,54.79,54.79,54.79,0,0
20181214,0700,54.79,54.79,54.79,54.79,0,0
20181214,0800,54.61,54.61,54.61,54.61,0,0
20181214,0900,54.61,54.61,54.61,54.61,0,0
20181214,1000,54.61,54.61,54.61,54.61,0,0
20181214,1100,54.61,54.61,54.61,54.61,0,0
20181214,1200,54.61,54.61,54.61,54.61,0,0
20181214,1300,54.61,54.61,54.61,54.61,0,0
20181214,1400,54.61,54.61,54.61,54.61,0,0
20181214,1500,54.61,54.61,54.61,54.61,0,0
20181214,1600,54.61,54.61,54.61,54.61,0,0
20181214,1700,54.61,54.61,53.89,53.89,0,0
20181214,1800,53.89,54.20,53.89,54.20,0,0
20181214,1900,54.20,54.20,54.20,54.20,0,0
20181214,2000,54.20,54.20,54.20,54.20,0,0
20181214,2100,54.20,54.20,54.20,54.20,0,0
20181214,2200,54.20,54.34,54.20,54.34,0,0
20181214,2300,54.34,54.34,53.77,53.77,0,0
20181215,0000,53.77,53.77,53.77,53.77,0,0
20181215,0100,53.77,53.77,53.77,53.77,0,0
20181215,0200,53.77,53.77,53.18,53.24,0,0
20181215,0300,53.24,53.28,53.18,53.25,0,0
20181215,0400,53.25,53.25,53.23,53.23,0,0
20181215,0500,53.23,53.23,53.23,53.23,0,0
20181215,0600,53.23,53.23,53.23,53.23,0,0
20181217,1700,53.38,53.38,53.38,53.38,0,0
20181217,1800,53.38,53.38,53.38,53.38,0,0
20181217,1900,53.38,53.38,53.38,53.38,0,0
20181217,2000,53.38,53.79,53.38,53.79,0,0
20181217,2100,53.79,53.93,53.79,53.93,0,0
20181217,2200,53.93,53.93,53.93,53.93,0,0
20181217,2300,53.93,53.93,53.93,53.93,0,0
20181218,0000,53.93,53.93,52.98,53.30,0,0
20181218,0100,53.30,53.30,52.88,52.88,0,0
20181218,0200,52.88,52.97,52.88,52.95,0,0
20181218,0300,52.95,52.96,52.95,52.96,0,0
20181218,0400,52.96,52.96,52.96,52.96,0,0
20181218,0500,52.96,52.96,51.76,51.76,0,0
20181218,0600,51.76,51.77,51.76,51.77,0,0
20181218,0700,51.77,51.77,51.77,51.77,0,0
20181218,1000,52.18,52.18,52.07,52.07,0,0
20181218,1100,52.07,52.07,52.07,52.07,0,0
20181218,1200,52.07,52.07,52.07,52.07,0,0
20181218,1300,52.07,52.07,52.07,52.07,0,0
20181218,1400,52.07,52.07,52.07,52.07,0,0
20181218,1500,52.07,52.07,52.07,52.07,0,0
20181218,1600,52.07,52.07,52.07,52.07,0,0
20181218,1700,52.07,52.07,51.54,51.54,0,0
20181218,1800,51.54,51.54,50.63,50.90,0,0
20181218,1900,50.90,51.10,50.90,51.10,0,0
20181218,2000,51.10,51.10,51.10,51.10,0,0
20181218,2100,51.10,51.12,51.10,51.12,0,0
20181218,2200,51.12,51.27,51.12,51.27,0,0
20181218,2300,51.27,51.68,51.27,51.29,0,0
20181219,0000,51.29,51.51,51.29,51.51,0,0
20181219,0100,51.51,51.51,50.00,50.08,0,0
20181219,0200,50.08,50.41,50.08,50.41,0,0
20181219,0300,50.41,50.41,50.37,50.37,0,0
20181219,0400,50.37,50.37,48.79,48.79,0,0
20181219,0500,48.79,49.10,48.79,49.02,0,0
20181219,0600,49.02,49.13,48.84,48.84,0,0
20181219,0700,48.84,48.84,48.84,48.84,0,0
20181219,1200,49.37,49.37,49.37,49.37,0,0
20181219,1300,49.37,49.37,49.37,49.37,0,0
20181219,1400,49.37,49.41,49.37,49.41,0,0
20181219,1500,49.41,49.57,49.41,49.57,0,0
20181219,1600,49.57,49.57,49.31,49.33,0,0
20181219,1700,49.33,49.33,49.33,49.33,0,0
20181219,1800,49.33,49.58,49.31,49.58,0,0
20181219,1900,49.58,49.65,49.58,49.65,0,0
20181219,2000,49.65,49.65,49.30,49.30,0,0
20181219,2100,49.30,49.66,49.30,49.66,0,0
20181219,2200,49.66,49.66,49.42,49.42,0,0
20181219,2300,49.42,49.93,49.42,49.93,0,0
20181220,0000,49.93,50.69,49.93,50.69,0,0
20181220,0100,50.69,50.69,50.34,50.40,0,0
20181220,0200,50.40,50.56,50.40,50.42,0,0
20181220,0300,50.42,50.42,50.01,50.01,0,0
20181220,0400,50.01,50.49,49.87,50.49,0,0
20181220,0500,50.49,50.49,49.71,49.91,0,0
20181220,0600,49.91,49.91,49.91,49.91,0,0
20181220,0700,49.91,49.91,49.91,49.91,0,0
20181220,0900,49.94,49.94,49.94,49.94,0,0
20181220,1000,49.94,50.12,49.94,50.12,0,0
20181220,1100,50.12,50.12,50.00,50.00,0,0
20181220,1200,50.00,50.00,50.00,50.00,0,0
20181220,1300,50.00,50.00,49.93,49.93,0,0
20181220,1400,49.93,49.93,49.93,49.93,0,0
20181220,1500,49.93,49.93,49.93,49.93,0,0
20181220,1600,49.93,49.94,49.77,49.77,0,0
20181220,1700,49.77,49.77,49.10,49.10,0,0
20181220,1800,49.10,49.10,48.42,49.02,0,0
20181220,1900,49.02,49.02,49.02,49.02,0,0
20181220,2000,49.02,49.23,49.02,49.23,0,0
20181220,2100,49.23,49.33,49.23,49.28,0,0
20181220,2200,49.28,49.46,49.08,49.34,0,0
20181220,2300,49.34,49.36,49.21,49.32,0,0
20181221,0000,49.32,49.32,49.27,49.27,0,0
20181221,0100,49.27,49.27,48.79,49.00,0,0
20181221,0200,49.00,49.16,48.77,49.16,0,0
20181221,0300,49.16,49.16,48.74,48.94,0,0
20181221,0400,48.94,48.94,48.35,48.45,0,0
20181221,0500,48.45,48.60,48.45,48.58,0,0
20181221,0600,48.58,48.67,48.58,48.67,0,0
20181221,0700,48.67,48.67,48.67,48.67,0,0
20181221,1000,49.00,49.00,49.00,49.00,0,0
20181221,1100,49.00,49.00,49.00,49.00,0,0
20181221,1200,49.00,49.00,48.96,48.96,0,0
20181221,1300,48.96,48.96,48.79,48.80,0,0
20181221,1400,48.80,48.80,48.80,48.80,0,0
20181221,1500,48.80,48.80,48.60,48.60,0,0
20181221,1600,48.60,48.60,48.60,48.60,0,0
20181221,1700,48.60,48.60,48.49,48.49,0,0
20181221,1800,48.49,48.63,48.41,48.41,0,0
20181221,1900,48.41,48.41,48.15,48.18,0,0
20181221,2000,48.18,48.18,47.96,48.12,0,0
20181221,2100,48.12,48.12,47.65,47.65,0,0
20181221,2200,47.65,47.80,47.65,47.70,0,0
20181221,2300,47.70,48.03,47.67,47.71,0,0
20181222,0000,47.71,48.23,47.71,48.23,0,0
20181222,0100,48.23,48.39,47.91,48.39,0,0
20181222,0200,48.39,48.39,48.39,48.39,0,0
20181222,0300,48.39,48.39,48.39,48.39,0,0
20181222,0400,48.39,48.39,47.71,47.71,0,0
20181222,0500,47.71,47.84,47.60,47.69,0,0
20181222,0600,47.69,47.69,47.69,47.69,0,0
20181224,1000,47.81,47.81,47.81,47.81,0,0
20181224,1100,47.81,48.10,47.81,48.10,0,0
20181224,1200,48.10,48.10,48.10,48.10,0,0
20181224,1300,48.10,48.10,48.10,48.10,0,0
20181224,1400,48.10,48.10,48.10,48.10,0,0
20181224,1500,48.10,48.12,48.10,48.12,0,0
20181224,1600,48.12,48.12,48.12,48.12,0,0
20181224,1700,48.12,48.12,48.12,48.12,0,0
20181224,1800,48.12,48.12,47.70,47.70,0,0
20181224,1900,47.70,47.70,47.70,47.70,0,0
20181224,2000,47.70,47.70,47.70,47.70,0,0
20181224,2100,47.70,47.70,47.50,47.50,0,0
20181224,2200,47.50,47.50,47.42,47.42,0,0
20181224,2300,47.42,47.60,47.25,47.25,0,0
20181225,0000,47.25,47.39,47.16,47.18,0,0
20181225,0100,47.18,47.18,46.73,46.90,0,0
20181225,0200,46.90,46.90,46.50,46.50,0,0
20181225,0300,46.50,46.50,45.05,45.10,0,0
20181225,0400,45.10,45.10,45.10,45.10,0,0
20181225,0500,45.10,45.10,45.10,45.10,0,0
20181225,0600,45.10,45.10,45.10,45.10,0,0
20181225,0700,45.10,45.10,45.10,45.10,0,0
20181226,0800,45.44,45.44,45.42,45.42,0,0
20181226,0900,45.42,45.42,45.42,45.42,0,0
20181226,1000,45.42,45.42,45.31,45.35,0,0
20181226,1100,45.35,45.35,45.06,45.33,0,0
20181226,1200,45.33,45.33,45.33,45.33,0,0
20181226,1300,45.33,45.33,45.33,45.33,0,0
20181226,1400,45.33,45.33,45.10,45.10,0,0
20181226,1500,45.10,45.20,45.10,45.20,0,0
20181226,1600,45.20,45.20,45.20,45.20,0,0
20181226,1700,45.20,45.20,45.20,45.20,0,0
20181226,1800,45.20,45.74,45.20,45.74,0,0
20181226,1900,45.74,45.74,45.74,45.74,0,0
20181226,2000,45.74,45.74,45.74,45.74,0,0
20181226,2100,45.74,45.74,45.74,45.74,0,0
20181226,2200,45.74,45.74,45.39,45.39,0,0
20181226,2300,45.39,46.29,45.39,46.18,0,0
20181227,0000,46.18,46.30,46.18,46.30,0,0
20181227,0100,46.30,46.44,46.30,46.44,0,0
20181227,0200,46.44,48.07,46.44,48.05,0,0
20181227,0300,48.05,48.05,47.83,47.83,0,0
20181227,0400,47.83,48.76,47.83,48.62,0,0
20181227,0500,48.62,49.46,48.62,49.46,0,0
20181227,0600,49.46,49.48,49.40,49.40,0,0
20181227,0700,49.40,49.40,49.40,49.40,0,0
20181227,1400,48.74,48.74,48.74,48.74,0,0
20181227,1500,48.74,48.74,48.74,48.74,0,0
20181227,1600,48.74,48.74,48.20,48.20,0,0
20181227,1700,48.20,48.20,48.11,48.11,0,0
20181227,1800,48.11,48.11,47.67,47.67,0,0
20181227,1900,47.67,47.67,47.67,47.67,0,0
20181227,2000,47.67,48.13,47.67,48.03,0,0
20181227,2100,48.03,48.03,47.92,47.92,0,0
20181227,2200,47.92,48.30,47.92,48.30,0,0
20181227,2300,48.30,48.30,47.96,48.06,0,0
20181228,0000,48.06,48.21,48.06,48.21,0,0
20181228,0100,48.21,48.21,47.61,47.61,0,0
20181228,0200,47.61,47.62,47.52,47.52,0,0
20181228,0300,47.52,47.77,47.52,47.70,0,0
20181228,0400,47.70,47.70,47.59,47.62,0,0
20181228,0500,47.62,47.85,47.62,47.82,0,0
20181228,0600,47.82,48.23,47.80,47.87,0,0
20181228,0700,47.87,47.87,47.87,47.87,0,0
20181228,0900,48.19,48.19,48.19,48.19,0,0
20181228,1000,48.19,48.19,48.19,48.19,0,0
20181228,1100,48.19,48.26,48.15,48.26,0,0
20181228,1200,48.26,48.26,48.13,48.14,0,0
20181228,1300,48.14,48.14,48.12,48.12,0,0
20181228,1400,48.12,48.12,48.09,48.09,0,0
20181228,1500,48.09,48.17,48.09,48.17,0,0
20181228,1600,48.17,48.17,48.17,48.17,0,0
20181228,1700,48.17,48.39,48.12,48.32,0,0
20181228,1800,48.32,48.32,48.12,48.28,0,0
20181228,1900,48.28,48.28,47.97,48.04,0,0
20181228,2000,48.04,48.04,47.84,47.84,0,0
20181228,2100,47.84,47.84,46.91,47.37,0,0
20181228,2200,47.37,47.56,47.37,47.56,0,0
20181228,2300,47.56,47.62,47.53,47.61,0,0
20181229,0000,47.61,47.67,47.54,47.54,0,0
20181229,0100,47.54,47.54,47.16,47.28,0,0
20181229,0200,47.28,47.28,47.28,47.28,0,0
20181229,0300,47.28,47.28,47.28,47.28,0,0
20181229,0400,47.28,47.58,47.28,47.58,0,0
20181229,0500,47.58,47.58,47.58,47.58,0,0
20181229,0600,47.58,47.58,47.58,47.58,0,0
20181231,0800,47.80,47.80,47.80,47.80,0,0
20181231,0900,47.80,47.80,47.80,47.80,0,0
20181231,1000,47.80,47.80,47.80,47.80,0,0
20181231,1100,47.80,47.80,47.80,47.80,0,0
20181231,1200,47.80,48.11,47.80,48.11,0,0
20181231,1300,48.11,48.15,48.11,48.15,0,0
20181231,1400,48.15,48.19,48.15,48.19,0,0
20181231,1500,48.19,48.19,48.19,48.19,0,0
20181231,1600,48.19,48.19,48.19,48.19,0,0
20181231,1700,48.19,48.50,48.19,48.50,0,0
20181231,1800,48.50,48.50,48.50,48.50,0,0
20181231,1900,48.50,48.50,48.50,48.50,0,0
20181231,2000,48.50,48.50,48.50,48.50,0,0
20181231,2100,48.50,48.63,48.50,48.55,0,0
20181231,2200,48.55,48.60,48.48,48.50,0,0
20181231,2300,48.50,48.50,47.95,47.95,0,0
20190101,0000,47.95,47.95,47.52,47.59,0,0
20190101,0100,47.59,47.65,47.58,47.65,0,0
20190101,0200,47.65,47.65,47.65,47.65,0,0
20190101,0300,47.65,47.65,47.65,47.65,0,0
20190101,0400,47.65,47.65,47.65,47.65,0,0
20190101,0500,47.65,47.65,47.65,47.65,0,0
20190101,0600,47.65,48.72,47.65,48.72,0,0
20190101,0700,48.72,48.72,48.72,48.72,0,0
20190102,0900,48.67,48.67,48.67,48.67,0,0
20190102,1000,48.67,48.67,48.67,48.67,0,0
20190102,1100,48.67,48.67,48.67,48.67,0,0
20190102,1200,48.67,48.67,48.67,48.67,0,0
20190102,1300,48.67,48.67,47.80,47.80,0,0
20190102,1400,47.80,47.80,47.80,47.80,0,0
20190102,1500,47.80,47.80,47.80,47.80,0,0
20190102,1600,47.80,47.80,47.80,47.80,0,0
20190102,1700,47.80,47.80,47.27,47.27,0,0
20190102,1800,47.27,47.50,47.27,47.50,0,0
20190102,1900,47.50,47.50,47.50,47.50,0,0
20190102,2000,47.50,47.72,47.50,47.72,0,0
20190102,2100,47.72,47.72,47.72,47.72,0,0
20190102,2200,47.72,47.72,47.56,47.56,0,0
20190102,2300,47.56,47.82,47.53,47.82,0,0
20190103,0000,47.82,49.91,47.82,49.80,0,0
20190103,0100,49.80,50.71,49.80,49.89,0,0
20190103,0200,49.89,50.16,49.89,50.16,0,0
20190103,0300,50.16,50.20,49.87,49.87,0,0
20190103,0400,49.87,49.87,49.41,49.42,0,0
20190103,0500,49.42,49.42,49.42,49.42,0,0
20190103,0600,49.42,49.42,49.42,49.42,0,0
20190103,0700,49.42,49.42,49.42,49.42,0,0
20190103,0800,48.90,48.90,48.90,48.90,0,0
20190103,0900,48.90,48.90,48.90,48.90,0,0
20190103,1000,48.90,49.11,48.90,49.11,0,0
20190103,1100,49.11,49.11,49.11,49.11,0,0
20190103,1200,49.11,49.11,48.77,48.77,0,0
20190103,1300,48.77,48.85,48.77,48.85,0,0
20190103,1400,48.85,48.85,48.85,48.85,0,0
20190103,1500,48.85,48.85,48.74,48.74,0,0
20190103,1600,48.74,48.74,48.74,48.74,0,0
20190103,1700,48.74,48.74,48.74,48.74,0,0
20190103,1800,48.74,48.74,48.74,48.74,0,0
20190103,1900,48.74,48.74,48.74,48.74,0,0
20190103,2000,48.74,49.37,48.74,49.37,0,0
20190103,2100,49.37,49.37,49.37,49.37,0,0
20190103,2200,49.37,50.32,49.37,50.32,0,0
20190103,2300,50.32,50.44,49.90,49.90,0,0
20190104,0000,49.90,49.90,49.28,49.28,0,0
20190104,0100,49.28,49.36,49.18,49.30,0,0
20190104,0200,49.30,49.65,49.30,49.65,0,0
20190104,0300,49.65,49.65,49.65,49.65,0,0
20190104,0400,49.65,50.13,49.65,50.10,0,0
20190104,0500,50.10,50.11,50.10,50.11,0,0
20190104,0600,50.11,50.11,50.11,50.11,0,0
20190104,0700,50.11,50.11,50.11,50.11,0,0
20190104,1200,50.07,50.07,50.06,50.06,0,0
20190104,1300,50.06,50.06,50.06,50.06,0,0
20190104,1400,50.06,50.06,50.06,50.06,0,0
20190104,1500,50.06,50.06,50.06,50.06,0,0
20190104,1600,50.06,50.06,50.06,50.06,0,0
20190104,1700,50.06,51.07,50.06,50.75,0,0
20190104,1800,50.75,50.75,50.75,50.75,0,0
20190104,1900,50.75,51.05,50.75,51.05,0,0
20190104,2000,51.05,51.15,51.05,51.15,0,0
20190104,2100,51.15,51.15,51.15,51.15,0,0
20190104,2200,51.15,51.15,50.74,50.74,0,0
20190104,2300,50.74,51.62,50.74,51.56,0,0
20190105,0000,51.56,52.00,51.47,52.00,0,0
20190105,0100,52.00,52.00,50.59,51.12,0,0
20190105,0200,51.12,51.12,50.79,50.87,0,0
20190105,0300,50.87,50.87,50.87,50.87,0,0
20190105,0400,50.87,50.96,50.79,50.91,0,0
20190105,0500,50.91,51.14,50.91,51.14,0,0
20190105,0600,51.14,51.14,51.14,51.14,0,0
20190107,0900,51.54,51.54,51.51,51.51,0,0
20190107,1000,51.51,51.51,51.51,51.51,0,0
20190107,1100,51.51,51.51,51.51,51.51,0,0
20190107,1200,51.51,51.51,51.51,51.51,0,0
20190107,1300,51.51,51.51,51.51,51.51,0,0
20190107,1400,51.51,51.64,51.51,51.64,0,0
20190107,1500,51.64,51.64,51.64,51.64,0,0
20190107,1600,51.64,51.64,51.64,51.64,0,0
20190107,1700,51.64,51.64,51.64,51.64,0,0
20190107,1800,51.64,51.64,51.62,51.62,0,0
20190107,1900,51.62,52.00,51.62,52.00,0,0
20190107,2000,52.00,52.00,51.91,51.91,0,0
20190107,2100,51.91,52.05,51.72,51.72,0,0
20190107,2200,51.72,52.10,51.72,51.98,0,0
20190107,2300,51.98,51.98,51.54,51.54,0,0
20190108,0000,51.54,52.40,51.54,52.40,0,0
20190108,0100,52.40,52.47,52.09,52.09,0,0
20190108,0200,52.09,52.09,51.79,51.93,0,0
20190108,0300,51.93,52.03,51.93,52.03,0,0
20190108,0400,52.03,52.03,51.33,51.33,0,0
20190108,0500,51.33,51.50,51.33,51.50,0,0
20190108,0600,51.50,51.50,51.50,51.50,0,0
20190108,0700,51.50,51.50,51.50,51.50,0,0
20190108,1000,51.23,51.23,51.23,51.23,0,0
20190108,1100,51.23,51.23,51.23,51.23,0,0
20190108,1200,51.23,51.23,51.23,51.23,0,0
20190108,1300,51.23,51.23,51.23,51.23,0,0
20190108,1400,51.23,51.23,51.23,51.23,0,0
20190108,1500,51.23,51.23,51.23,51.23,0,0
20190108,1600,51.23,51.23,51.23,51.23,0,0
20190108,1700,51.23,51.23,51.23,51.23,0,0
20190108,1800,51.23,51.23,51.23,51.23,0,0
20190108,1900,51.23,51.23,51.23,51.23,0,0
20190108,2000,51.23,52.09,51.23,52.09,0,0
20190108,2100,52.09,52.09,51.91,51.93,0,0
20190108,2200,51.93,51.99,51.92,51.92,0,0
20190108,2300,51.92,52.15,51.92,52.15,0,0
20190109,0000,52.15,52.15,51.80,51.80,0,0
20190109,0100,51.80,52.28,51.80,52.28,0,0
20190109,0200,52.28,52.46,52.28,52.30,0,0
20190109,0300,52.30,52.39,52.24,52.37,0,0
20190109,0400,52.37,52.66,52.37,52.52,0,0
20190109,0500,52.52,52.52,52.52,52.52,0,0
20190109,0600,52.52,52.58,52.52,52.58,0,0
20190109,0700,52.58,52.58,52.58,52.58,0,0
20190109,1100,53.25,53.25,53.25,53.25,0,0
20190109,1200,53.25,53.25,53.25,53.25,0,0
20190109,1300,53.25,53.25,53.25,53.25,0,0
20190109,1400,53.25,53.25,53.25,53.25,0,0
20190109,1500,53.25,53.25,53.25,53.25,0,0
20190109,1600,53.25,53.25,53.25,53.25,0,0
20190109,1700,53.25,53.25,53.25,53.25,0,0
20190109,1800,53.25,53.64,53.25,53.58,0,0
20190109,1900,53.58,53.74,53.52,53.52,0,0
20190109,2000,53.52,53.52,53.45,53.45,0,0
20190109,2100,53.45,53.45,53.45,53.45,0,0
20190109,2200,53.45,53.90,53.45,53.90,0,0
20190109,2300,53.90,54.05,53.89,53.98,0,0
20190110,0000,53.98,54.11,53.57,53.71,0,0
20190110,0100,53.71,53.83,53.71,53.83,0,0
20190110,0200,53.83,54.80,53.83,54.57,0,0
20190110,0300,54.57,54.82,54.57,54.81,0,0
20190110,0400,54.81,54.99,54.81,54.99,0,0
20190110,0500,54.99,55.00,54.99,54.99,0,0
20190110,0600,55.00,55.00,54.92,54.92,0,0
20190110,0700,54.92,54.92,54.92,54.92,0,0
20190110,1000,54.60,54.60,54.60,54.60,0,0
20190110,1100,54.60,54.60,54.60,54.60,0,0
20190110,1200,54.60,54.60,54.60,54.60,0,0
20190110,1300,54.60,54.60,54.60,54.60,0,0
20190110,1400,54.60,54.60,54.40,54.40,0,0
20190110,1500,54.40,54.40,54.40,54.40,0,0
20190110,1600,54.40,54.40,54.35,54.36,0,0
20190110,1700,54.36,54.36,54.25,54.25,0,0
20190110,1800,54.25,54.44,54.25,54.38,0,0
20190110,1900,54.38,54.84,54.38,54.84,0,0
20190110,2000,54.84,54.84,54.60,54.63,0,0
20190110,2100,54.63,54.74,54.63,54.74,0,0
20190110,2200,54.74,54.87,54.74,54.87,0,0
20190110,2300,54.87,54.87,54.45,54.53,0,0
20190111,0000,54.53,55.00,54.53,55.00,0,0
20190111,0100,55.00,55.15,54.90,54.90,0,0
20190111,0200,54.90,54.90,54.90,54.90,0,0
20190111,0300,54.90,55.02,54.87,55.02,0,0
20190111,0400,55.02,55.24,55.02,55.24,0,0
20190111,0500,55.24,55.24,55.13,55.13,0,0
20190111,0600,55.13,55.13,55.00,55.00,0,0
20190111,0700,55.00,55.00,55.00,55.00,0,0
20190111,1400,55.16,55.16,55.16,55.16,0,0
20190111,1500,55.16,55.16,55.16,55.16,0,0
20190111,1600,55.16,55.16,55.16,55.16,0,0
20190111,1700,55.16,55.16,55.16,55.16,0,0
20190111,1800,55.16,55.16,55.16,55.16,0,0
20190111,1900,55.16,55.63,55.16,55.50,0,0
20190111,2000,55.50,55.50,55.50,55.50,0,0
20190111,2100,55.50,55.50,55.50,55.50,0,0
20190111,2200,55.50,55.50,55.50,55.50,0,0
20190111,2300,55.50,55.50,54.00,54.23,0,0
20190112,0000,54.23,54.68,54.20,54.68,0,0
20190112,0100,54.68,54.68,54.68,54.68,0,0
20190112,0200,54.68,54.68,54.27,54.27,0,0
20190112,0300,54.27,54.27,54.00,54.03,0,0
20190112,0400,54.03,54.22,54.03,54.22,0,0
20190112,0500,54.22,54.22,54.22,54.22,0,0
20190112,0600,54.22,54.22,54.22,54.22,0,0
20190114,0800,54.37,54.37,54.37,54.37,0,0
20190114,0900,54.37,54.37,54.37,54.37,0,0
20190114,1000,54.37,54.37,54.23,54.23,0,0
20190114,1100,54.23,54.23,54.23,54.23,0,0
20190114,1200,54.23,54.23,53.50,53.50,34,0
20190114,1300,53.50,53.50,53.50,53.50,0,0
20190114,1400,53.50,53.50,53.48,53.48,1,0
20190114,1500,53.48,53.48,53.30,53.30,3,0
20190114,1600,53.30,53.33,53.30,53.33,17,0
20190114,1700,53.33,53.54,53.33,53.54,15,0
20190114,1800,53.54,53.56,53.35,53.55,17,0
20190114,1900,53.55,53.55,53.55,53.55,95,0
20190114,2000,53.55,53.55,53.49,53.49,12,0
20190114,2100,53.49,53.70,53.49,53.70,10,0
20190114,2200,53.70,53.70,53.70,53.70,12,0
20190114,2300,53.70,53.80,53.68,53.80,202,0
20190115,0000,53.80,53.80,53.80,53.80,169,0
20190115,0100,53.80,53.80,53.80,53.80,30,0
20190115,0200,53.80,53.80,53.80,53.80,267,0
20190115,0300,53.80,53.80,53.80,53.80,64,0
20190115,0400,53.80,53.80,52.97,52.97,455,0
20190115,0500,52.97,52.97,52.97,52.97,8,0
20190115,0600,52.97,52.97,52.97,52.97,4,0
20190115,1500,53.60,53.60,53.60,53.60,2,0
20190115,1600,53.60,53.60,53.60,53.60,1,0
20190115,1700,53.60,53.60,53.59,53.59,77,0
20190115,1800,53.59,53.59,53.31,53.32,6,0
20190115,1900,53.32,53.32,53.32,53.32,5,0
20190115,2000,53.32,53.84,53.32,53.84,49,0
20190115,2100,53.84,53.84,53.84,53.84,13,0
20190115,2200,53.84,53.84,53.67,53.69,1169,0
20190115,2300,53.69,54.19,53.69,54.19,422,0
20190116,0000,54.19,54.37,54.19,54.37,310,0
20190116,0100,54.37,54.37,54.00,54.00,58,0
20190116,0200,54.00,54.10,54.00,54.10,673,0
20190116,0300,54.10,54.10,54.10,54.10,260,0
20190116,0400,54.10,54.28,54.10,54.28,399,0
20190116,0500,54.28,54.28,54.28,54.28,59,0
20190116,0600,54.28,54.28,54.28,54.28,71,0
20190116,1400,54.36,54.36,54.36,54.36,0,0
20190116,1500,54.36,54.36,54.36,54.36,0,0
20190116,1600,54.36,54.36,54.36,54.36,14,0
20190116,1700,54.36,54.36,54.36,54.36,29,0
20190116,1800,54.36,54.36,54.36,54.36,6,0
20190116,1900,54.36,54.36,54.36,54.36,15,0
20190116,2000,54.36,54.36,53.89,53.89,10,0
20190116,2100,53.89,53.90,53.89,53.90,80,0
20190116,2200,53.90,53.90,53.90,53.90,214,0
20190116,2300,53.90,54.12,53.86,54.12,716,0
20190117,0000,54.12,54.27,53.95,54.00,540,0
20190117,0100,54.00,54.22,53.61,54.22,251,0
20190117,0200,54.22,54.22,54.22,54.22,21,0
20190117,0300,54.22,54.22,54.22,54.22,70,0
20190117,0400,54.22,54.69,54.22,54.68,1080,0
20190117,0500,54.68,54.68,54.68,54.68,530,0
20190117,0600,54.68,54.68,54.68,54.68,228,0
20190117,1800,54.28,54.28,54.10,54.10,36,0
20190117,1900,54.10,54.25,54.10,54.14,21,0
20190117,2000,54.14,54.14,54.01,54.01,35,0
20190117,2100,54.01,54.01,53.66,53.66,79,0
20190117,2200,53.66,53.83,53.66,53.83,33,0
20190117,2300,53.83,54.10,53.83,54.09,407,0
20190118,0000,54.09,54.09,53.70,53.81,622,0
20190118,0100,53.81,54.06,53.69,54.01,482,0
20190118,0200,54.01,54.44,54.01,54.22,1971,0
20190118,0300,54.22,54.45,54.20,54.45,1676,0
20190118,0400,54.45,54.56,54.42,54.56,2060,0
20190118,0500,54.56,54.59,54.51,54.59,396,0
20190118,0600,54.59,54.59,54.59,54.59,301,0
20190118,1000,54.80,54.80,54.80,54.80,1,0
20190118,1100,54.80,54.80,54.80,54.80,3,0
20190118,1200,54.80,54.80,54.80,54.80,0,0
20190118,1300,54.80,54.80,54.80,54.80,0,0
20190118,1400,54.80,54.80,54.80,54.80,11,0
20190118,1500,54.80,54.80,54.80,54.80,1,0
20190118,1600,54.80,54.80,54.68,54.68,114,0
20190118,1700,54.68,54.68,54.68,54.68,168,0
20190118,1800,54.68,54.68,54.68,54.68,196,0
20190118,1900,54.68,54.98,54.68,54.98,75,0
20190118,2000,54.98,54.98,54.81,54.81,2,0
20190118,2100,54.81,54.81,54.63,54.69,20,0
20190118,2200,54.69,54.69,54.69,54.69,713,0
20190118,2300,54.69,54.81,54.61,54.61,244,0
20190119,0000,54.61,55.60,54.61,55.60,1278,0
20190119,0100,55.60,55.60,55.30,55.38,491,0
20190119,0200,55.38,55.41,55.24,55.24,1758,0
20190119,0300,55.24,55.43,55.24,55.43,1090,0
20190119,0400,55.43,55.51,55.43,55.50,1238,0
20190119,0500,55.50,55.50,55.50,55.50,904,0
20190119,0600,55.50,55.50,55.30,55.39,1194,0
20190121,0800,55.37,55.37,55.08,55.08,74,0
20190121,0900,55.08,55.18,55.05,55.18,28,0
20190121,1000,55.18,55.18,55.18,55.18,1,0
20190121,1100,55.18,55.18,55.18,55.18,0,0
20190121,1200,55.18,55.18,55.18,55.18,10,0
20190121,1300,55.18,55.18,55.18,55.18,2,0
20190121,1400,55.18,55.18,55.18,55.18,1,0
20190121,1500,55.18,55.18,55.18,55.18,0,0
20190121,1600,55.18,55.18,55.18,55.18,221,0
20190121,1700,55.18,55.18,55.18,55.18,235,0
20190121,1800,55.18,55.27,55.18,55.26,19,0
20190121,1900,55.26,55.51,55.26,55.51,17,0
20190121,2000,55.51,55.51,55.51,55.51,0,0
20190121,2100,55.51,55.51,55.51,55.51,61,0
20190121,2200,55.51,55.61,55.51,55.61,21,0
20190121,2300,55.61,55.70,55.61,55.68,84,0
20190122,0000,55.68,55.76,55.68,55.76,75,0
20190122,0100,55.76,55.76,55.65,55.65,96,0
20190122,0200,55.65,55.65,55.65,55.65,0,0
20190122,0300,55.65,55.65,55.65,55.65,0,0
20190122,0600,55.65,55.65,55.65,55.65,0,0
20190122,0800,55.65,55.65,55.65,55.65,0,0
20190122,0900,55.65,55.65,55.65,55.65,0,0
20190122,1000,55.65,55.65,55.65,55.65,29,0
20190122,1100,55.65,55.65,55.65,55.65,6,0
20190122,1200,55.65,55.65,55.65,55.65,2,0
20190122,1300,55.65,55.65,55.65,55.65,0,0
20190122,1400,55.65,55.65,55.65,55.65,23,0
20190122,1500,55.65,55.65,55.02,55.02,1279,0
20190122,1600,55.02,55.02,55.02,55.02,131,0
20190122,1700,55.02,55.17,55.02,55.17,53,0
20190122,1800,55.17,55.17,55.17,55.17,683,0
20190122,1900,55.17,55.17,55.17,55.17,124,0
20190122,2000,55.17,55.17,55.17,55.17,236,0
20190122,2100,55.17,55.17,54.70,54.77,128,0
20190122,2200,54.77,54.96,54.77,54.89,47,0
20190122,2300,54.89,54.89,54.60,54.60,913,0
20190123,0000,54.60,54.60,54.13,54.22,603,0
20190123,0100,54.22,54.42,54.21,54.32,161,0
20190123,0200,54.32,54.45,54.32,54.45,194,0
20190123,0300,54.45,54.45,54.37,54.37,49,0
20190123,0400,54.37,54.84,54.37,54.84,469,0
20190123,0500,54.84,54.84,54.83,54.83,11,0
20190123,0600,54.83,54.83,54.83,54.83,114,0
20190123,0900,54.74,54.74,54.73,54.73,5,0
20190123,1000,54.73,54.73,54.73,54.73,6,0
20190123,1100,54.73,54.73,54.73,54.73,1,0
20190123,1200,54.73,54.73,54.73,54.73,0,0
20190123,1300,54.73,54.73,54.73,54.73,458,0
20190123,1400,54.73,54.73,54.73,54.73,101,0
20190123,1500,54.73,54.73,54.73,54.73,14,0
20190123,1600,54.73,54.73,54.73,54.73,29,0
20190123,1700,54.73,55.15,54.73,55.15,8,0
20190123,1800,55.15,55.15,54.93,54.95,33,0
20190123,1900,54.95,55.50,54.95,55.36,53,0
20190123,2000,55.36,55.36,55.36,55.36,5,0
20190123,2100,55.36,55.36,55.36,55.36,48,0
20190123,2200,55.36,55.56,55.33,55.33,93,0
20190123,2300,55.33,55.39,55.22,55.25,854,0
20190124,0000,55.25,55.25,54.79,54.80,383,0
20190124,0100,54.80,55.05,54.06,54.07,753,0
20190124,0200,54.07,54.45,53.97,54.43,468,0
20190124,0300,54.43,54.44,54.28,54.30,496,0
20190124,0400,54.30,54.69,54.21,54.69,949,0
20190124,0500,54.69,54.69,54.69,54.69,4,0
20190124,0600,54.69,54.69,54.69,54.69,191,0
20190124,1900,54.56,54.56,54.51,54.51,68,0
20190124,2000,54.51,54.51,54.32,54.32,56,0
20190124,2100,54.32,54.32,54.05,54.10,90,0
20190124,2200,54.10,54.19,54.10,54.19,136,0
20190124,2300,54.19,54.51,54.19,54.50,334,0
20190125,0000,54.50,54.59,54.44,54.56,1411,0
20190125,0100,54.56,54.94,54.32,54.82,2095,0
20190125,0200,54.82,54.88,54.75,54.79,578,0
20190125,0300,54.79,55.06,54.77,54.77,1706,0
20190125,0400,54.81,54.95,54.69,54.88,2374,0
20190125,0500,54.88,54.91,54.79,54.79,273,0
20190125,0600,54.79,54.79,54.79,54.79,95,0
20190125,1300,55.34,55.34,55.34,55.34,0,0
20190125,1400,55.34,55.48,55.34,55.48,1,0
20190125,1500,55.48,55.48,55.48,55.48,5,0
20190125,1600,55.48,55.48,55.31,55.31,5,0
20190125,1700,55.31,55.31,55.31,55.31,45,0
20190125,1800,55.31,55.31,55.11,55.11,41,0
20190125,1900,55.11,55.11,55.11,55.11,14,0
20190125,2000,55.11,55.11,55.11,55.11,33,0
20190125,2100,55.11,55.11,54.61,54.61,170,0
20190125,2200,54.61,54.84,54.61,54.84,111,0
20190125,2300,54.82,55.05,54.82,55.05,330,0
20190126,0000,55.05,55.06,54.88,55.06,336,0
20190126,0100,55.06,55.20,54.95,55.19,595,0
20190126,0200,55.19,55.27,55.12,55.16,253,0
20190126,0300,55.16,55.31,55.12,55.27,538,0
20190126,0400,55.27,55.38,55.24,55.30,345,0
20190126,0500,55.30,55.30,55.30,55.30,29,0
20190126,0600,55.30,55.30,55.30,55.30,49,0
20190128,1500,54.82,54.82,54.82,54.82,9,0
20190128,1600,54.82,54.82,54.82,54.82,3,0
20190128,1800,54.82,54.82,54.82,54.82,16,0
20190128,1900,54.82,54.82,54.82,54.82,1,0
20190128,2000,54.82,54.82,54.56,54.56,18,0
20190128,2100,54.56,54.56,54.56,54.56,6,0
20190128,2200,54.56,54.56,54.45,54.45,117,0
20190128,2300,54.45,54.45,53.99,53.99,432,0
20190129,0000,53.99,53.99,53.68,53.73,796,0
20190129,0100,53.73,53.73,53.35,53.44,545,0
20190129,0200,53.44,53.57,53.44,53.49,257,0
20190129,0300,53.49,53.71,53.49,53.64,137,0
20190129,0400,53.64,53.88,53.60,53.88,1025,0
20190129,0500,53.88,53.92,53.78,53.92,327,0
20190129,0600,53.92,53.92,53.92,53.92,58,0
20190129,1500,54.22,54.22,54.22,54.22,60,0
20190129,1600,54.22,54.22,54.22,54.22,2,0
20190129,1700,54.22,54.22,53.70,53.86,13,0
20190129,1800,53.86,54.11,53.86,54.11,30,0
20190129,1900,54.11,54.11,54.11,54.11,34,0
20190129,2000,54.11,54.11,54.11,54.11,25,0
20190129,2100,54.11,54.29,54.11,54.29,54,0
20190129,2200,54.29,54.38,54.22,54.36,37,0
20190129,2300,54.36,55.12,54.36,55.12,379,0
20190130,0000,55.12,55.36,55.12,55.17,432,0
20190130,0100,55.17,55.17,54.80,55.10,582,0
20190130,0200,55.10,55.25,55.00,55.11,422,0
20190130,0300,55.11,55.11,54.97,55.10,277,0
20190130,0400,55.10,55.10,54.84,54.85,898,0
20190130,0500,54.85,54.85,54.85,54.85,37,0
20190130,0600,54.85,54.85,54.85,54.85,205,0
20190130,1200,55.17,55.17,55.17,55.17,60,0
20190130,1300,55.17,55.20,55.17,55.20,11,0
20190130,1400,55.20,55.20,55.20,55.20,1,0
20190130,1500,55.20,55.20,55.20,55.20,1,0
20190130,1600,55.20,55.20,55.20,55.20,2,0
20190130,1700,55.20,55.20,55.04,55.04,12,0
20190130,1800,55.04,55.04,55.04,55.04,16,0
20190130,1900,55.04,55.04,55.04,55.04,3,0
20190130,2000,55.04,55.04,55.04,55.04,155,0
20190130,2100,55.04,55.47,55.04,55.46,27,0
20190130,2200,55.46,55.59,55.38,55.38,54,0
20190130,2300,55.38,55.50,55.25,55.34,906,0
20190131,0000,55.34,55.78,55.34,55.78,359,0
20190131,0100,55.78,55.87,55.72,55.81,3302,0
20190131,0200,55.81,56.00,55.81,56.00,343,0
20190131,0300,56.00,56.00,55.71,55.71,172,0
20190131,0400,55.71,55.71,55.42,55.42,0,0
20190131,0500,55.42,55.42,55.42,55.42,0,0
20190131,0600,55.42,55.47,55.42,55.47,0,0
20190131,0800,55.60,55.60,55.60,55.60,0,0
20190131,0900,55.60,55.60,55.60,55.60,0,0
20190131,1000,55.60,55.60,55.60,55.60,18,0
20190131,1100,55.60,55.60,55.60,55.60,1,0
20190131,1200,55.60,55.60,55.60,55.60,13,0
20190131,1300,55.60,55.60,55.60,55.60,0,0
20190131,1400,55.60,55.60,55.60,55.60,22,0
20190131,1500,55.60,55.60,55.60,55.60,43,0
20190131,1600,55.60,55.60,55.60,55.60,38,0
20190131,1700,55.60,55.68,55.60,55.68,54,0
20190131,1800,55.68,55.68,55.68,55.68,41,0
20190131,1900,55.68,55.68,55.68,55.68,92,0
20190131,2000,55.68,55.68,55.68,55.68,67,0
20190131,2100,55.68,55.68,55.60,55.60,24,0
20190131,2200,55.60,55.60,55.60,55.60,526,0
20190131,2300,55.60,56.13,55.60,56.13,1498,0
20190201,0000,56.13,56.28,56.10,56.28,837,0
20190201,0100,56.28,56.28,56.03,56.22,358,0
20190201,0200,56.22,56.22,55.68,55.68,2115,0
20190201,0300,55.68,55.73,55.13,55.13,1372,0
20190201,0400,55.13,55.27,55.04,55.09,697,0
20190201,0500,55.09,55.26,55.09,55.26,28,0
20190201,0600,55.26,55.26,55.26,55.26,73,0
20190201,2000,55.17,55.17,55.17,55.17,35,0
20190201,2100,55.17,55.17,55.17,55.17,211,0
20190201,2200,55.17,55.23,55.08,55.23,436,0
20190201,2300,55.23,55.83,55.23,55.71,724,0
20190202,0000,55.71,55.87,55.67,55.87,559,0
20190202,0100,55.87,56.14,55.87,55.91,235,0
20190202,0200,55.91,56.41,55.91,56.41,425,0
20190202,0300,56.41,56.86,56.41,56.73,1602,0
20190202,0400,56.73,56.73,56.44,56.63,1465,0
20190202,0500,56.63,56.86,56.63,56.86,146,0
20190202,0600,56.86,56.86,56.86,56.86,36,0
20190204,1600,57.00,57.00,57.00,57.00,1,0
20190204,1700,57.00,57.15,57.00,57.15,30,0
20190204,1800,57.15,57.15,57.15,57.15,46,0
20190204,1900,57.15,57.15,57.12,57.12,286,0
20190204,2000,57.12,57.12,56.70,56.71,292,0
20190204,2100,56.71,56.71,56.41,56.41,152,0
20190204,2200,56.41,56.41,56.20,56.41,264,0
20190204,2300,56.41,56.41,55.88,56.04,856,0
20190205,0000,56.04,56.04,55.41,55.76,1591,0
20190205,0100,55.76,56.14,55.72,56.07,675,0
20190205,0200,56.07,56.36,56.07,56.36,1274,0
20190205,0300,56.36,56.50,56.35,56.36,1836,0
20190205,0400,56.36,56.58,56.36,56.58,1961,0
20190205,0500,56.58,56.58,56.58,56.58,762,0
20190205,0600,56.58,56.58,56.58,56.58,53,0
20190205,1600,56.67,56.67,56.67,56.67,0,0
20190205,1700,56.67,56.67,56.55,56.55,123,0
20190205,1800,56.55,56.95,56.55,56.95,476,0
20190205,1900,56.95,56.95,56.95,56.95,17,0
20190205,2000,56.95,56.95,56.82,56.82,65,0
20190205,2100,56.82,56.82,56.34,56.38,312,0
20190205,2200,56.38,56.38,56.38,56.38,494,0
20190205,2300,56.38,56.41,56.00,56.41,927,0
20190206,0000,56.41,56.80,56.37,56.79,375,0
20190206,0100,56.79,56.79,56.15,56.31,163,0
20190206,0200,56.31,56.31,56.08,56.08,343,0
20190206,0300,56.08,56.23,55.89,56.21,164,0
20190206,0400,56.21,56.36,56.21,56.27,3169,0
20190206,0500,56.27,56.27,56.27,56.27,188,0
20190206,0600,56.27,56.27,56.27,56.27,165,0
20190206,1600,55.96,56.02,55.96,55.98,62,0
20190206,1700,55.98,55.98,55.98,55.98,17,0
20190206,1800,55.98,55.98,55.98,55.98,229,0
20190206,1900,55.98,55.98,55.98,55.98,12,0
20190206,2000,55.98,55.98,55.76,55.76,178,0
20190206,2100,55.76,56.00,55.76,56.00,44,0
20190206,2200,56.00,56.29,56.00,56.29,365,0
20190206,2300,56.29,56.29,55.88,55.92,924,0
20190207,0000,55.90,56.60,55.76,56.60,1345,0
20190207,0100,56.60,56.74,56.54,56.66,706,0
20190207,0200,56.66,56.67,56.44,56.61,139,0
20190207,0300,56.61,56.68,56.46,56.64,288,0
20190207,0400,56.64,56.65,56.43,56.43,942,0
20190207,0500,56.43,56.43,56.43,56.43,34,0
20190207,0600,56.43,56.43,56.43,56.43,222,0
20190207,1500,56.24,56.24,56.24,56.24,12,0
20190207,1600,56.24,56.24,56.14,56.14,283,0
20190207,1700,56.14,56.28,56.14,56.28,83,0
20190207,1800,56.28,56.28,56.28,56.28,58,0
20190207,1900,56.28,56.28,56.27,56.27,220,0
20190207,2000,56.27,56.27,56.00,56.00,63,0
20190207,2100,56.00,56.26,56.00,56.05,447,0
20190207,2200,56.05,56.21,55.86,56.19,815,0
20190207,2300,56.19,56.28,56.00,56.00,593,0
20190208,0000,56.00,56.05,55.42,55.45,1391,0
20190208,0100,55.45,55.45,54.76,54.76,1128,0
20190208,0200,54.76,54.90,54.58,54.77,615,0
20190208,0300,54.74,55.05,54.74,55.04,815,0
20190208,0400,55.04,55.37,55.04,55.37,4482,0
20190208,0500,55.37,55.37,55.35,55.35,475,0
20190208,0600,55.35,55.35,55.35,55.35,96,0
20190208,0900,55.28,55.30,55.28,55.30,47,0
20190208,1000,55.30,55.30,55.04,55.04,10,0
20190208,1100,55.04,55.04,55.04,55.04,0,0
20190208,1200,55.04,55.04,55.04,55.04,2,0
20190208,1300,55.04,55.04,55.04,55.04,1,0
20190208,1400,55.04,55.04,55.04,55.04,0,0
20190208,1500,55.04,55.04,55.04,55.04,674,0
20190208,1600,55.04,55.04,55.04,55.04,39,0
20190208,1700,55.04,55.04,55.02,55.02,46,0
20190208,1800,55.02,55.28,55.02,55.20,25,0
20190208,1900,55.20,55.37,55.20,55.37,103,0
20190208,2000,55.37,55.37,55.13,55.13,79,0
20190208,2100,55.13,55.26,55.10,55.10,529,0
20190208,2200,55.10,55.60,55.10,55.49,313,0
20190208,2300,55.49,55.62,55.17,55.17,475,0
20190209,0000,55.17,55.41,55.08,55.25,1134,0
20190209,0100,55.25,55.31,54.78,55.15,1152,0
20190209,0200,55.15,55.28,55.02,55.16,867,0
20190209,0300,55.16,55.35,55.16,55.24,813,0
20190209,0400,55.24,55.37,55.19,55.33,5481,0
20190209,0500,55.33,55.33,55.30,55.30,211,0
20190209,0600,55.30,55.30,55.30,55.30,199,0
20190211,1800,55.24,55.24,55.24,55.24,72,0
20190211,1900,55.24,55.24,55.15,55.15,171,0
20190211,2000,55.15,55.15,55.15,55.15,326,0
20190211,2100,55.15,55.36,55.13,55.34,349,0
20190211,2200,55.34,55.36,55.11,55.14,740,0
20190211,2300,55.14,55.14,54.38,54.38,1964,0
20190212,0000,54.38,54.71,54.38,54.43,835,0
20190212,0100,54.43,54.70,54.43,54.60,315,0
20190212,0200,54.60,54.99,54.60,54.90,223,0
20190212,0300,54.90,55.11,54.90,55.10,938,0
20190212,0400,55.10,55.30,55.10,55.20,5570,0
20190212,0500,55.20,55.20,55.20,55.20,470,0
20190212,0600,55.20,55.20,55.07,55.07,114,0
20190212,1300,55.54,55.54,55.54,55.54,0,0
20190212,1400,55.54,55.54,55.54,55.54,0,0
20190212,1500,55.54,55.54,55.54,55.54,67,0
20190212,1600,55.54,55.54,55.54,55.54,1495,0
20190212,1700,55.54,55.54,55.54,55.54,110,0
20190212,1800,55.54,55.54,55.54,55.54,330,0
20190212,1900,55.54,55.76,55.54,55.76,86,0
20190212,2000,55.76,55.76,55.76,55.76,215,0
20190212,2100,55.76,56.09,55.76,56.04,302,0
20190212,2200,56.04,56.30,56.04,56.19,194,0
20190212,2300,56.19,56.58,56.19,56.38,741,0
20190213,0000,56.38,56.45,55.99,56.01,596,0
20190213,0100,56.01,56.29,55.84,56.28,862,0
20190213,0200,56.28,56.28,56.00,56.00,644,0
20190213,0300,56.00,56.24,56.00,56.11,896,0
20190213,0400,56.11,56.11,55.74,55.89,5426,0
20190213,0500,55.89,55.89,55.89,55.89,45,0
20190213,0600,55.89,55.89,55.80,55.80,108,0
20190213,2000,56.36,56.46,56.36,56.45,35,0
20190213,2100,56.45,56.48,56.18,56.22,416,0
20190213,2200,56.22,56.24,56.01,56.24,373,0
20190213,2300,56.24,56.64,56.24,56.55,1788,0
20190214,0000,56.55,56.91,56.55,56.58,2552,0
20190214,0100,56.58,56.95,56.56,56.79,1488,0
20190214,0200,56.79,56.85,56.73,56.81,665,0
20190214,0300,56.81,56.81,56.64,56.67,1399,0
20190214,0400,56.67,56.73,56.57,56.68,6673,0
20190214,0500,56.68,56.68,56.68,56.68,672,0
20190214,0600,56.68,56.68,56.68,56.68,52,0
20190214,1100,56.90,56.90,56.87,56.90,2,0
20190214,1200,56.90,56.96,56.90,56.96,4,0
20190214,1300,56.96,56.96,56.96,56.96,0,0
20190214,1400,56.96,56.96,56.96,56.96,1,0
20190214,1500,56.96,57.22,56.96,57.20,89,0
20190214,1600,57.20,57.20,57.20,57.20,27,0
20190214,1700,57.20,57.33,57.12,57.27,75,0
20190214,1800,57.27,57.37,57.27,57.37,54,0
20190214,1900,57.37,57.37,57.10,57.10,45,0
20190214,2000,57.10,57.38,57.10,57.38,99,0
20190214,2100,57.38,57.38,57.22,57.22,29,0
20190214,2200,57.22,57.24,56.98,57.05,400,0
20190214,2300,57.05,57.05,56.29,56.29,1847,0
20190215,0000,56.30,56.68,56.14,56.59,911,0
20190215,0100,56.59,57.02,56.59,57.02,375,0
20190215,0200,57.02,57.11,57.02,57.07,305,0
20190215,0300,57.07,57.13,57.07,57.11,400,0
20190215,0400,57.11,57.26,56.91,57.26,1497,0
20190215,0500,57.26,57.26,57.26,57.26,227,0
20190215,0600,57.26,57.26,57.19,57.19,156,0
20190215,0900,57.55,57.55,57.52,57.52,11,0
20190215,1000,57.52,57.52,57.52,57.52,17,0
20190215,1100,57.52,57.52,57.29,57.29,15,0
20190215,1200,57.29,57.29,57.29,57.29,2,0
20190215,1300,57.29,57.29,57.29,57.29,1,0
20190215,1400,57.29,57.39,57.29,57.34,2,0
20190215,1500,57.34,57.34,57.29,57.29,22,0
20190215,1600,57.29,57.29,57.29,57.29,16,0
20190215,1700,57.29,57.29,57.18,57.18,51,0
20190215,1800,57.18,57.18,57.18,57.18,13,0
20190215,1900,57.18,57.28,57.18,57.28,399,0
20190215,2000,57.28,57.38,57.28,57.38,82,0
20190215,2100,57.38,57.38,57.38,57.38,319,0
20190215,2200,57.38,57.67,57.38,57.57,534,0
20190215,2300,57.57,58.06,57.57,57.84,284,0
20190216,0000,57.84,57.93,57.74,57.87,176,0
20190216,0100,57.87,58.18,57.87,58.18,1008,0
20190216,0200,58.18,58.26,58.18,58.26,340,0
20190216,0300,58.26,58.26,57.96,58.05,1184,0
20190216,0400,58.05,58.61,58.05,58.61,2242,0
20190216,0500,58.61,58.61,58.56,58.59,1006,0
20190216,0600,58.59,58.59,58.59,58.59,159,0
20190218,0900,58.68,58.68,58.68,58.68,0,0
20190218,1000,58.68,58.68,58.68,58.68,33,0
20190218,1100,58.68,58.68,58.55,58.55,17,0
20190218,1200,58.55,58.55,58.55,58.55,78,0
20190218,1300,58.55,58.55,58.55,58.55,37,0
20190218,1400,58.55,58.71,58.55,58.71,13,0
20190218,1500,58.71,58.71,58.71,58.71,286,0
20190218,1600,58.71,58.94,58.71,58.94,166,0
20190218,1700,58.94,59.00,58.94,58.96,367,0
20190218,1800,58.96,58.96,58.75,58.75,83,0
20190218,1900,58.75,58.75,58.65,58.65,30,0
20190218,2000,58.65,58.87,58.65,58.87,110,0
20190218,2100,58.87,58.87,58.72,58.72,6,0
20190218,2200,58.72,58.99,58.72,58.99,93,0
20190218,2300,58.99,58.99,58.88,58.92,83,0
20190219,0000,58.92,58.92,58.86,58.86,91,0
20190219,0100,58.86,58.86,58.74,58.74,100,0
20190219,0200,58.74,58.74,58.74,58.74,107,0
20190219,0300,58.74,58.74,58.74,58.74,0,0
20190219,0400,58.74,58.74,58.74,58.74,0,0
20190219,0500,58.74,58.74,58.74,58.74,0,0
20190219,0600,58.74,58.74,58.74,58.74,0,0
20190219,0800,58.74,58.74,58.74,58.74,6,0
20190219,0900,58.74,58.74,58.74,58.74,0,0
20190219,1000,58.74,58.74,58.53,58.53,20,0
20190219,1100,58.53,58.53,58.53,58.53,13,0
20190219,1200,58.53,58.53,58.53,58.53,0,0
20190219,1300,58.53,58.53,58.53,58.53,7,0
20190219,1400,58.53,58.65,58.53,58.65,7,0
20190219,1500,58.65,58.65,58.65,58.65,6,0
20190219,1600,58.65,58.78,58.65,58.78,6,0
20190219,1700,58.78,58.78,58.78,58.78,1,0
20190219,1800,58.78,58.78,58.78,58.78,19,0
20190219,1900,58.78,58.79,58.63,58.79,133,0
20190219,2000,58.79,59.00,58.79,59.00,24,0
20190219,2100,59.00,59.00,58.92,58.92,8,0
20190219,2200,58.92,58.95,58.67,58.67,124,0
20190219,2300,58.67,58.67,58.29,58.46,951,0
20190220,0000,58.46,58.77,58.46,58.60,400,0
20190220,0100,58.60,58.66,58.36,58.63,200,0
20190220,0200,58.63,58.73,58.62,58.68,351,0
20190220,0300,58.68,58.68,58.58,58.58,205,0
20190220,0400,58.58,58.83,58.52,58.78,1473,0
20190220,0500,58.78,58.78,58.78,58.78,567,0
20190220,0600,58.78,58.78,58.78,58.78,118,0
20190220,1000,58.60,58.60,58.60,58.60,0,0
20190220,1100,58.60,58.83,58.60,58.83,99,0
20190220,1200,58.83,58.90,58.83,58.90,57,0
20190220,1300,58.90,58.90,58.68,58.68,5,0
20190220,1400,58.68,58.68,58.68,58.68,56,0
20190220,1500,58.68,58.68,58.68,58.68,34,0
20190220,1600,58.68,58.68,58.68,58.68,39,0
20190220,1700,58.68,58.68,58.54,58.54,28,0
20190220,1800,58.54,58.54,58.54,58.54,36,0
20190220,1900,58.54,58.54,58.54,58.54,19,0
20190220,2000,58.54,58.54,58.51,58.51,247,0
20190220,2100,58.51,58.51,58.32,58.32,115,0
20190220,2200,58.32,58.33,58.25,58.25,210,0
20190220,2300,58.25,58.50,58.20,58.50,377,0
20190221,0000,58.50,58.83,58.50,58.83,278,0
20190221,0100,58.83,59.53,58.83,59.53,559,0
20190221,0200,59.53,59.57,59.44,59.44,356,0
20190221,0300,59.44,59.58,59.37,59.37,374,0
20190221,0400,59.37,59.37,59.16,59.20,2863,0
20190221,0500,59.20,59.20,59.05,59.05,248,0
20190221,0600,59.05,59.06,59.05,59.06,264,0
20190221,1000,58.87,58.87,58.87,58.87,6,0
20190221,1100,58.87,58.87,58.87,58.87,21,0
20190221,1200,58.87,58.87,58.87,58.87,10,0
20190221,1300,58.87,58.87,58.87,58.87,1,0
20190221,1400,58.87,58.87,58.87,58.87,7,0
20190221,1500,58.87,58.87,58.87,58.87,0,0
20190221,1600,58.87,59.16,58.87,59.16,8,0
20190221,1700,59.16,59.16,59.06,59.06,46,0
20190221,1800,59.06,59.06,59.06,59.06,13,0
20190221,1900,59.06,59.27,59.01,59.27,26,0
20190221,2000,59.27,59.39,59.27,59.39,35,0
20190221,2100,59.39,59.39,59.24,59.24,58,0
20190221,2200,59.24,59.24,59.00,59.00,595,0
20190221,2300,59.00,59.15,59.00,59.15,515,0
20190222,0000,59.15,59.15,59.11,59.13,2366,0
20190222,0100,59.00,59.30,59.00,59.14,281,0
20190222,0200,59.14,59.17,59.00,59.06,132,0
20190222,0300,59.06,59.10,59.06,59.09,264,0
20190222,0400,59.09,59.25,59.09,59.22,746,0
20190222,0500,59.22,59.22,59.04,59.04,54,0
20190222,0600,59.04,59.04,59.01,59.01,59,0
20190222,1700,59.26,59.28,59.26,59.28,1,0
20190222,1800,59.28,59.28,59.28,59.28,2,0
20190222,1900,59.28,59.28,59.28,59.28,0,0
20190222,2000,59.28,59.64,59.28,59.59,22,0
20190222,2100,59.59,59.60,59.59,59.60,47,0
20190222,2200,59.60,59.85,59.60,59.72,596,0
20190222,2300,59.74,59.75,59.53,59.64,2046,0
20190223,0000,59.64,59.71,59.37,59.37,434,0
20190223,0100,59.37,59.49,59.37,59.38,1681,0
20190223,0200,59.38,59.44,59.38,59.44,638,0
20190223,0300,59.44,59.44,59.44,59.44,453,0
20190223,0400,59.44,59.44,59.44,59.44,667,0
20190223,0500,59.44,59.44,59.44,59.44,422,0
20190223,0600,59.44,59.44,59.44,59.44,166,0
20190225,1000,59.63,59.63,59.63,59.63,30,0
20190225,1100,59.63,59.63,59.63,59.63,0,0
20190225,1200,59.63,59.63,59.63,59.63,3,0
20190225,1300,59.63,59.63,59.63,59.63,1,0
20190225,1400,59.63,59.63,59.63,59.63,2,0
20190225,1500,59.63,59.63,59.63,59.63,68,0
20190225,1600,59.63,59.63,59.40,59.40,33,0
20190225,1700,59.40,59.40,59.40,59.40,27,0
20190225,1800,59.40,59.40,59.40,59.40,143,0
20190225,1900,59.40,59.61,59.40,59.61,14,0
20190225,2000,59.61,59.62,59.61,59.62,12,0
20190225,2100,59.62,59.62,58.77,58.81,795,0
20190225,2200,58.81,58.81,58.20,58.20,915,0
20190225,2300,58.20,58.48,58.20,58.48,304,0
20190226,0000,58.48,58.48,58.32,58.32,571,0
20190226,0100,58.32,58.32,57.55,57.55,358,0
20190226,0200,57.55,57.55,57.51,57.53,208,0
20190226,0300,57.53,57.81,57.53,57.81,392,0
20190226,0400,57.81,57.81,57.70,57.70,1318,0
20190226,0500,57.70,57.70,57.70,57.70,185,0
20190226,0600,57.70,57.70,57.70,57.70,34,0
20190226,1000,57.76,57.76,57.71,57.71,128,0
20190226,1100,57.71,57.71,57.71,57.71,3,0
20190226,1200,57.71,57.71,57.71,57.71,1,0
20190226,1300,57.71,57.71,57.71,57.71,2,0
20190226,1400,57.71,57.71,57.71,57.71,4,0
20190226,1500,57.71,57.71,57.53,57.53,16,0
20190226,1600,57.53,57.53,57.53,57.53,22,0
