20190114,1100,2.859,2.859,2.857,2.858,5,0
20190114,1200,2.858,2.858,2.858,2.858,0,0
20190114,1300,2.858,2.867,2.858,2.864,12,0
20190114,1400,2.864,2.865,2.859,2.859,7,0
20190114,1500,2.859,2.864,2.859,2.864,18,0
20190114,1600,2.864,2.864,2.859,2.859,28,0
20190114,1700,2.859,2.859,2.859,2.859,17,0
20190114,1800,2.859,2.861,2.857,2.861,6,0
20190114,1900,2.861,2.861,2.856,2.860,15,0
20190114,2000,2.860,2.867,2.860,2.867,20,0
20190114,2100,2.867,2.882,2.867,2.870,531,0
20190114,2200,2.870,2.879,2.862,2.879,973,0
20190114,2300,2.879,2.902,2.876,2.901,3735,0
20190115,0000,2.901,2.909,2.896,2.899,3501,0
20190115,0100,2.899,2.913,2.894,2.909,2855,0
20190115,0200,2.909,2.911,2.889,2.898,1140,0
20190115,0300,2.898,2.915,2.888,2.909,1664,0
20190115,0400,2.909,2.911,2.888,2.905,6628,0
20190115,0500,2.905,2.905,2.883,2.891,1074,0
20190115,0600,2.891,2.898,2.880,2.880,298,0
20190115,0800,2.904,2.904,2.904,2.904,10,0
20190115,0900,2.904,2.904,2.897,2.897,43,0
20190115,1000,2.897,2.900,2.897,2.899,12,0
20190115,1100,2.899,2.899,2.899,2.899,76,0
20190115,1200,2.899,2.899,2.898,2.898,2,0
20190115,1300,2.898,2.902,2.898,2.898,72,0
20190115,1400,2.898,2.916,2.898,2.913,25,0
20190115,1500,2.914,2.914,2.909,2.914,5,0
20190115,1600,2.914,2.916,2.885,2.899,84,0
20190115,1700,2.899,2.917,2.886,2.895,187,0
20190115,1800,2.895,2.895,2.884,2.885,54,0
20190115,1900,2.885,2.902,2.885,2.895,46,0
20190115,2000,2.895,2.896,2.855,2.872,167,0
20190115,2100,2.872,2.881,2.865,2.869,296,0
20190115,2200,2.869,2.892,2.863,2.892,1105,0
20190115,2300,2.892,2.899,2.873,2.882,2213,0
20190116,0000,2.882,2.892,2.860,2.861,1106,0
20190116,0100,2.861,2.867,2.842,2.860,1370,0
20190116,0200,2.860,2.864,2.854,2.864,726,0
20190116,0300,2.864,2.864,2.844,2.848,606,0
20190116,0400,2.848,2.860,2.839,2.843,6676,0
20190116,0500,2.843,2.846,2.838,2.839,412,0
20190116,0600,2.839,2.839,2.825,2.825,141,0
20190116,0800,2.833,2.833,2.814,2.817,71,0
20190116,0900,2.817,2.828,2.817,2.822,123,0
20190116,1000,2.822,2.828,2.822,2.828,5,0
20190116,1100,2.828,2.832,2.824,2.826,17,0
20190116,1200,2.826,2.826,2.820,2.820,5,0
20190116,1300,2.820,2.820,2.816,2.816,2,0
20190116,1400,2.816,2.817,2.795,2.815,65,0
20190116,1500,2.815,2.815,2.808,2.810,35,0
20190116,1600,2.810,2.823,2.806,2.823,148,0
20190116,1700,2.823,2.833,2.823,2.833,68,0
20190116,1800,2.833,2.845,2.817,2.842,129,0
20190116,1900,2.842,2.851,2.842,2.842,355,0
20190116,2000,2.842,2.845,2.841,2.845,22,0
20190116,2100,2.845,2.848,2.842,2.848,100,0
20190116,2200,2.848,2.882,2.847,2.879,646,0
20190116,2300,2.880,2.893,2.878,2.883,2622,0
20190117,0000,2.883,2.892,2.872,2.892,386,0
20190117,0100,2.892,2.893,2.867,2.867,1983,0
20190117,0200,2.867,2.870,2.836,2.863,1590,0
20190117,0300,2.863,2.863,2.824,2.831,714,0
20190117,0400,2.831,2.848,2.829,2.839,3928,0
20190117,0500,2.839,2.853,2.839,2.852,353,0
20190117,0600,2.852,2.862,2.848,2.861,181,0
20190117,1000,2.862,2.864,2.860,2.860,5,0
20190117,1100,2.860,2.860,2.860,2.860,0,0
20190117,1200,2.860,2.860,2.860,2.860,0,0
20190117,1300,2.860,2.871,2.860,2.871,2,0
20190117,1400,2.871,2.871,2.855,2.856,6,0
20190117,1500,2.856,2.862,2.856,2.862,9,0
20190117,1600,2.862,2.862,2.853,2.853,23,0
20190117,1700,2.853,2.877,2.853,2.877,46,0
20190117,1800,2.877,2.881,2.874,2.874,77,0
20190117,1900,2.874,2.874,2.868,2.872,100,0
20190117,2000,2.872,2.879,2.872,2.874,78,0
20190117,2100,2.874,2.896,2.874,2.896,326,0
20190117,2200,2.896,2.900,2.876,2.878,494,0
20190117,2300,2.881,2.883,2.869,2.877,785,0
20190118,0000,2.877,2.884,2.855,2.858,736,0
20190118,0100,2.858,2.868,2.846,2.854,723,0
20190118,0200,2.854,2.881,2.852,2.877,644,0
20190118,0300,2.877,2.879,2.856,2.858,522,0
20190118,0400,2.858,2.863,2.847,2.862,8915,0
20190118,0500,2.862,2.862,2.847,2.854,157,0
20190118,0600,2.854,2.854,2.848,2.848,211,0
20190118,0800,2.854,2.854,2.854,2.854,0,0
20190118,0900,2.854,2.854,2.844,2.844,53,0
20190118,1000,2.844,2.859,2.844,2.859,14,0
20190118,1100,2.859,2.859,2.844,2.847,36,0
20190118,1200,2.847,2.859,2.847,2.859,35,0
20190118,1300,2.859,2.859,2.846,2.846,11,0
20190118,1400,2.846,2.846,2.840,2.844,82,0
20190118,1500,2.844,2.852,2.844,2.852,43,0
20190118,1600,2.852,2.853,2.837,2.838,208,0
20190118,1700,2.838,2.845,2.838,2.845,44,0
20190118,1800,2.845,2.845,2.845,2.845,7,0
20190118,1900,2.845,2.846,2.840,2.846,61,0
20190118,2000,2.846,2.846,2.837,2.843,108,0
20190118,2100,2.843,2.852,2.843,2.849,167,0
20190118,2200,2.849,2.852,2.840,2.851,444,0
20190118,2300,2.850,2.850,2.836,2.843,771,0
20190119,0000,2.843,2.852,2.829,2.833,1260,0
20190119,0100,2.833,2.848,2.827,2.848,832,0
20190119,0200,2.848,2.867,2.847,2.866,697,0
20190119,0300,2.866,2.883,2.860,2.877,1078,0
20190119,0400,2.877,2.893,2.876,2.877,11406,0
20190119,0500,2.876,2.888,2.867,2.874,803,0
20190119,0600,2.874,2.886,2.874,2.884,224,0
20190121,0800,2.874,2.878,2.867,2.878,53,0
20190121,0900,2.878,2.879,2.873,2.873,8,0
20190121,1000,2.873,2.873,2.856,2.872,51,0
20190121,1100,2.872,2.872,2.864,2.864,28,0
20190121,1200,2.864,2.864,2.864,2.864,0,0
20190121,1300,2.864,2.864,2.864,2.864,7,0
20190121,1400,2.864,2.864,2.864,2.864,7,0
20190121,1500,2.864,2.864,2.864,2.864,0,0
20190121,1600,2.864,2.872,2.864,2.870,12,0
20190121,1700,2.870,2.871,2.870,2.870,3,0
20190121,1800,2.870,2.870,2.870,2.870,0,0
20190121,1900,2.870,2.870,2.870,2.870,0,0
20190121,2000,2.870,2.870,2.870,2.870,7,0
20190121,2100,2.870,2.877,2.860,2.877,176,0
20190121,2200,2.877,2.877,2.866,2.875,115,0
20190121,2300,2.875,2.891,2.875,2.891,198,0
20190122,0000,2.891,2.891,2.884,2.885,8,0
20190122,0100,2.885,2.886,2.880,2.881,96,0
20190122,0200,2.881,2.881,2.855,2.856,270,0
20190122,0300,2.856,2.856,2.856,2.856,0,0
20190122,0400,2.856,2.856,2.856,2.856,0,0
20190122,0500,2.856,2.856,2.856,2.856,0,0
20190122,0600,2.856,2.856,2.856,2.856,0,0
20190122,0800,2.856,2.869,2.856,2.868,17,0
20190122,0900,2.868,2.868,2.868,2.868,24,0
20190122,1000,2.868,2.868,2.867,2.867,2,0
20190122,1100,2.867,2.873,2.867,2.873,3,0
20190122,1200,2.873,2.873,2.873,2.873,0,0
20190122,1300,2.873,2.879,2.873,2.879,2,0
20190122,1400,2.879,2.879,2.871,2.871,2,0
20190122,1500,2.871,2.871,2.871,2.871,0,0
20190122,1600,2.871,2.875,2.871,2.872,5,0
20190122,1700,2.872,2.872,2.852,2.852,33,0
20190122,1800,2.852,2.852,2.852,2.852,0,0
20190122,1900,2.852,2.867,2.852,2.863,7,0
20190122,2000,2.863,2.866,2.857,2.857,13,0
20190122,2100,2.857,2.868,2.856,2.866,117,0
20190122,2200,2.867,2.867,2.841,2.849,729,0
20190122,2300,2.849,2.856,2.843,2.854,1245,0
20190123,0000,2.854,2.865,2.849,2.863,1129,0
20190123,0100,2.863,2.878,2.863,2.865,557,0
20190123,0200,2.865,2.871,2.848,2.849,867,0
20190123,0300,2.849,2.859,2.847,2.857,804,0
20190123,0400,2.857,2.859,2.845,2.846,9551,0
20190123,0500,2.846,2.859,2.846,2.858,317,0
20190123,0600,2.858,2.866,2.858,2.866,101,0
20190123,0900,2.871,2.873,2.871,2.873,5,0
20190123,1000,2.873,2.878,2.872,2.878,21,0
20190123,1100,2.878,2.878,2.875,2.875,1,0
20190123,1200,2.875,2.875,2.875,2.875,0,0
20190123,1300,2.875,2.879,2.875,2.879,3,0
20190123,1400,2.879,2.881,2.879,2.880,11,0
20190123,1500,2.880,2.880,2.880,2.880,0,0
20190123,1600,2.880,2.886,2.878,2.886,124,0
20190123,1700,2.886,2.886,2.879,2.885,36,0
20190123,1800,2.885,2.885,2.885,2.885,0,0
20190123,1900,2.885,2.885,2.885,2.885,18,0
20190123,2000,2.885,2.885,2.885,2.885,1,0
20190123,2100,2.885,2.888,2.883,2.886,115,0
20190123,2200,2.886,2.901,2.884,2.887,687,0
20190123,2300,2.887,2.888,2.877,2.885,816,0
20190124,0000,2.884,2.892,2.881,2.881,547,0
20190124,0100,2.881,2.887,2.874,2.878,1462,0
20190124,0200,2.878,2.881,2.852,2.857,1423,0
20190124,0300,2.857,2.857,2.815,2.826,2546,0
20190124,0400,2.826,2.845,2.823,2.844,6326,0
20190124,0500,2.844,2.845,2.834,2.840,234,0
20190124,0600,2.840,2.846,2.838,2.845,130,0
20190124,0800,2.846,2.846,2.846,2.846,0,0
20190124,0900,2.846,2.846,2.846,2.846,0,0
20190124,1000,2.846,2.853,2.846,2.853,2,0
20190124,1100,2.853,2.853,2.850,2.850,1,0
20190124,1200,2.850,2.850,2.845,2.845,1,0
20190124,1300,2.845,2.845,2.833,2.833,2,0
20190124,1400,2.833,2.848,2.833,2.848,2,0
20190124,1500,2.848,2.848,2.835,2.835,2,0
20190124,1600,2.835,2.847,2.835,2.847,54,0
20190124,1700,2.847,2.862,2.847,2.855,40,0
20190124,1800,2.855,2.858,2.849,2.858,4,0
20190124,1900,2.858,2.858,2.858,2.858,3,0
20190124,2000,2.858,2.872,2.858,2.872,46,0
20190124,2100,2.872,2.878,2.872,2.876,35,0
20190124,2200,2.876,2.883,2.866,2.875,497,0
20190124,2300,2.875,2.876,2.863,2.870,994,0
20190125,0000,2.870,2.879,2.855,2.864,1042,0
20190125,0100,2.864,2.887,2.856,2.871,2794,0
20190125,0200,2.871,2.877,2.868,2.877,1266,0
20190125,0300,2.877,2.879,2.866,2.869,975,0
20190125,0400,2.870,2.890,2.866,2.878,7088,0
20190125,0500,2.879,2.889,2.879,2.886,174,0
20190125,0600,2.886,2.886,2.877,2.882,322,0
20190125,0800,2.891,2.891,2.887,2.887,2,0
20190125,0900,2.887,2.890,2.886,2.890,16,0
20190125,1000,2.890,2.895,2.890,2.894,6,0
20190125,1100,2.894,2.894,2.894,2.894,0,0
20190125,1200,2.894,2.899,2.894,2.899,112,0
20190125,1300,2.899,2.899,2.898,2.898,2,0
20190125,1400,2.898,2.902,2.898,2.901,10,0
20190125,1500,2.901,2.901,2.901,2.901,0,0
20190125,1600,2.901,2.901,2.885,2.886,17,0
20190125,1700,2.886,2.888,2.886,2.888,11,0
20190125,1800,2.888,2.888,2.887,2.887,13,0
20190125,1900,2.887,2.887,2.877,2.882,34,0
20190125,2000,2.882,2.884,2.875,2.875,8,0
20190125,2100,2.875,2.879,2.875,2.879,3,0
20190125,2200,2.879,2.879,2.852,2.861,878,0
20190125,2300,2.859,2.873,2.855,2.867,2174,0
20190126,0000,2.867,2.888,2.864,2.888,799,0
20190126,0100,2.888,2.901,2.880,2.900,3420,0
20190126,0200,2.900,2.913,2.895,2.909,1382,0
20190126,0300,2.909,2.909,2.895,2.904,1690,0
20190126,0400,2.905,2.909,2.902,2.902,5348,0
20190126,0500,2.902,2.905,2.895,2.895,505,0
20190126,0600,2.895,2.895,2.892,2.892,82,0
20190128,0800,2.832,2.845,2.825,2.828,979,0
20190128,0900,2.828,2.841,2.828,2.841,34,0
20190128,1000,2.841,2.846,2.841,2.846,6,0
20190128,1100,2.846,2.849,2.846,2.849,2,0
20190128,1200,2.849,2.850,2.847,2.850,5,0
20190128,1300,2.850,2.850,2.850,2.850,2,0
20190128,1400,2.850,2.854,2.850,2.853,13,0
20190128,1500,2.853,2.853,2.853,2.853,0,0
20190128,1600,2.853,2.853,2.850,2.850,19,0
20190128,1800,2.855,2.855,2.855,2.855,36,0
20190128,1900,2.855,2.855,2.849,2.849,54,0
20190128,2000,2.849,2.852,2.849,2.852,16,0
20190128,2100,2.852,2.875,2.852,2.866,259,0
20190128,2200,2.866,2.866,2.841,2.843,715,0
20190128,2300,2.843,2.867,2.843,2.861,2275,0
20190129,0000,2.861,2.868,2.857,2.865,717,0
20190129,0100,2.865,2.868,2.856,2.867,1075,0
20190129,0200,2.867,2.875,2.858,2.859,922,0
20190129,0300,2.859,2.864,2.852,2.852,707,0
20190129,0400,2.852,2.859,2.840,2.857,2385,0
20190129,0500,2.857,2.860,2.847,2.856,303,0
20190129,0600,2.856,2.861,2.855,2.861,297,0
20190129,0800,2.867,2.867,2.867,2.867,0,0
20190129,0900,2.867,2.877,2.867,2.877,2,0
20190129,1000,2.877,2.877,2.860,2.860,27,0
20190129,1100,2.860,2.873,2.860,2.873,6,0
20190129,1200,2.873,2.873,2.871,2.871,1,0
20190129,1300,2.871,2.871,2.866,2.866,2,0
20190129,1400,2.866,2.866,2.866,2.866,1,0
20190129,1500,2.866,2.875,2.866,2.875,1,0
20190129,1600,2.875,2.875,2.861,2.866,25,0
20190129,1700,2.866,2.868,2.866,2.867,64,0
20190129,1800,2.867,2.867,2.867,2.867,2,0
20190129,1900,2.867,2.867,2.867,2.867,2,0
20190129,2000,2.867,2.867,2.867,2.867,0,0
20190129,2100,2.867,2.867,2.866,2.866,18,0
20190129,2200,2.866,2.875,2.817,2.819,2484,0
20190129,2300,2.819,2.844,2.819,2.829,2332,0
20190130,0000,2.829,2.842,2.824,2.841,1518,0
20190130,0100,2.841,2.858,2.836,2.846,503,0
20190130,0200,2.846,2.870,2.843,2.858,1354,0
20190130,0300,2.858,2.886,2.858,2.886,698,0
20190130,0400,2.886,2.894,2.857,2.885,3318,0
20190130,0500,2.885,2.885,2.877,2.878,105,0
20190130,0600,2.878,2.884,2.878,2.882,152,0
20190130,1100,2.876,2.876,2.876,2.876,0,0
20190130,1200,2.876,2.880,2.876,2.880,5,0
20190130,1300,2.880,2.885,2.880,2.882,9,0
20190130,1400,2.882,2.882,2.867,2.869,272,0
20190130,1500,2.869,2.872,2.869,2.872,52,0
20190130,1600,2.872,2.872,2.858,2.862,296,0
20190130,1700,2.862,2.864,2.853,2.864,65,0
20190130,1800,2.864,2.870,2.864,2.870,3,0
20190130,1900,2.870,2.870,2.870,2.870,0,0
20190130,2000,2.870,2.870,2.870,2.870,105,0
20190130,2100,2.870,2.876,2.866,2.869,201,0
20190130,2200,2.869,2.877,2.857,2.858,801,0
20190130,2300,2.858,2.868,2.858,2.860,773,0
20190131,0000,2.860,2.865,2.852,2.860,1023,0
20190131,0100,2.860,2.868,2.857,2.867,1385,0
20190131,0200,2.867,2.879,2.865,2.866,1297,0
20190131,0300,2.866,2.867,2.862,2.864,730,0
20190131,0400,2.864,2.868,2.853,2.860,0,0
20190131,0500,2.860,2.864,2.860,2.863,0,0
20190131,0600,2.863,2.867,2.863,2.864,0,0
20190131,1000,2.868,2.868,2.865,2.865,1,0
20190131,1100,2.865,2.868,2.865,2.868,7,0
20190131,1200,2.868,2.871,2.868,2.871,4,0
20190131,1300,2.871,2.872,2.871,2.872,5,0
20190131,1400,2.872,2.875,2.872,2.875,5,0
20190131,1500,2.875,2.875,2.875,2.875,1,0
20190131,1600,2.875,2.881,2.875,2.881,17,0
20190131,1700,2.881,2.882,2.875,2.880,40,0
20190131,1800,2.880,2.880,2.877,2.877,40,0
20190131,1900,2.877,2.879,2.877,2.879,13,0
20190131,2000,2.879,2.880,2.865,2.880,165,0
20190131,2100,2.880,2.883,2.875,2.875,115,0
20190131,2200,2.875,2.875,2.866,2.872,245,0
20190131,2300,2.872,2.875,2.857,2.866,1704,0
20190201,0000,2.866,2.868,2.832,2.845,1304,0
20190201,0100,2.845,2.845,2.821,2.824,1356,0
20190201,0200,2.824,2.839,2.822,2.834,1557,0
20190201,0300,2.834,2.837,2.830,2.833,915,0
20190201,0400,2.833,2.833,2.815,2.821,3772,0
20190201,0500,2.821,2.826,2.820,2.824,335,0
20190201,0600,2.824,2.826,2.820,2.823,629,0
20190201,0800,2.828,2.830,2.828,2.830,9,0
20190201,0900,2.830,2.837,2.830,2.835,61,0
20190201,1000,2.835,2.835,2.835,2.835,150,0
20190201,1100,2.835,2.835,2.828,2.828,4,0
20190201,1200,2.828,2.828,2.828,2.828,2,0
20190201,1300,2.828,2.828,2.828,2.828,0,0
20190201,1400,2.828,2.828,2.828,2.828,0,0
20190201,1500,2.828,2.828,2.828,2.828,0,0
20190201,1600,2.828,2.828,2.804,2.809,292,0
20190201,1700,2.809,2.811,2.792,2.793,341,0
20190201,1800,2.793,2.798,2.793,2.798,45,0
20190201,1900,2.798,2.800,2.798,2.800,24,0
20190201,2000,2.800,2.808,2.800,2.805,76,0
20190201,2100,2.805,2.811,2.805,2.806,49,0
20190201,2200,2.806,2.814,2.794,2.796,1196,0
20190201,2300,2.796,2.799,2.784,2.794,1325,0
20190202,0000,2.794,2.805,2.789,2.804,3894,0
20190202,0100,2.804,2.807,2.788,2.788,864,0
20190202,0200,2.788,2.792,2.761,2.763,1071,0
20190202,0300,2.763,2.773,2.753,2.764,1438,0
20190202,0400,2.764,2.770,2.750,2.754,10055,0
20190202,0500,2.754,2.760,2.754,2.758,341,0
20190202,0600,2.758,2.758,2.751,2.751,169,0
20190204,0800,2.731,2.747,2.731,2.740,60,0
20190204,0900,2.740,2.747,2.740,2.746,4,0
20190204,1000,2.746,2.755,2.746,2.755,49,0
20190204,1100,2.755,2.755,2.755,2.755,1,0
20190204,1200,2.755,2.755,2.755,2.755,4,0
20190204,1300,2.755,2.758,2.752,2.752,16,0
20190204,1400,2.752,2.759,2.752,2.759,1,0
20190204,1500,2.759,2.759,2.752,2.752,3,0
20190204,1600,2.752,2.756,2.730,2.730,76,0
20190204,1700,2.730,2.744,2.730,2.740,23,0
20190204,1800,2.740,2.742,2.740,2.742,35,0
20190204,1900,2.742,2.751,2.733,2.751,70,0
20190204,2000,2.751,2.751,2.747,2.747,26,0
20190204,2100,2.747,2.751,2.739,2.743,91,0
20190204,2200,2.743,2.744,2.704,2.707,875,0
20190204,2300,2.707,2.721,2.704,2.705,2048,0
20190205,0000,2.705,2.729,2.704,2.722,2624,0
20190205,0100,2.722,2.726,2.706,2.712,1022,0
20190205,0200,2.712,2.717,2.705,2.712,483,0
20190205,0300,2.712,2.713,2.706,2.707,407,0
20190205,0400,2.707,2.720,2.703,2.708,5588,0
20190205,0500,2.708,2.711,2.708,2.709,489,0
20190205,0600,2.709,2.709,2.706,2.707,85,0
20190205,0800,2.711,2.712,2.709,2.711,8,0
20190205,0900,2.711,2.711,2.707,2.707,1,0
20190205,1000,2.707,2.707,2.707,2.707,0,0
20190205,1100,2.707,2.707,2.707,2.707,1,0
20190205,1200,2.707,2.707,2.707,2.707,0,0
20190205,1300,2.707,2.709,2.706,2.706,4,0
20190205,1400,2.706,2.706,2.706,2.706,9,0
20190205,1500,2.706,2.706,2.699,2.699,20,0
20190205,1600,2.699,2.705,2.699,2.701,14,0
20190205,1700,2.701,2.701,2.695,2.695,343,0
20190205,1800,2.695,2.703,2.694,2.703,154,0
20190205,1900,2.703,2.704,2.703,2.704,29,0
20190205,2000,2.704,2.712,2.704,2.711,293,0
20190205,2100,2.711,2.728,2.710,2.727,331,0
20190205,2200,2.727,2.738,2.723,2.736,409,0
20190205,2300,2.736,2.736,2.715,2.721,2206,0
20190206,0000,2.721,2.736,2.721,2.735,983,0
20190206,0100,2.735,2.745,2.732,2.734,1078,0
20190206,0200,2.734,2.738,2.715,2.723,1178,0
20190206,0300,2.723,2.726,2.710,2.712,1185,0
20190206,0400,2.712,2.725,2.709,2.725,4941,0
20190206,0500,2.725,2.734,2.725,2.734,166,0
20190206,0600,2.734,2.735,2.732,2.732,207,0
20190206,0800,2.740,2.743,2.735,2.743,2,0
20190206,0900,2.743,2.760,2.742,2.746,10,0
20190206,1000,2.746,2.746,2.744,2.745,4,0
20190206,1100,2.745,2.745,2.742,2.742,1,0
20190206,1200,2.742,2.742,2.738,2.738,4,0
20190206,1300,2.738,2.742,2.738,2.742,6,0
20190206,1400,2.742,2.751,2.740,2.740,37,0
20190206,1500,2.740,2.740,2.733,2.733,1,0
20190206,1600,2.733,2.733,2.724,2.724,16,0
20190206,1700,2.724,2.735,2.724,2.735,1,0
20190206,1800,2.735,2.735,2.735,2.735,0,0
20190206,1900,2.735,2.747,2.733,2.747,15,0
20190206,2000,2.747,2.747,2.733,2.739,167,0
20190206,2100,2.739,2.745,2.739,2.743,59,0
20190206,2200,2.743,2.746,2.732,2.733,741,0
20190206,2300,2.733,2.734,2.717,2.727,4101,0
20190207,0000,2.727,2.729,2.717,2.720,1753,0
20190207,0100,2.720,2.720,2.709,2.715,4636,0
20190207,0200,2.715,2.745,2.713,2.742,2445,0
20190207,0300,2.742,2.744,2.732,2.737,2088,0
20190207,0400,2.737,2.737,2.717,2.723,3237,0
20190207,0500,2.723,2.729,2.723,2.727,579,0
20190207,0600,2.727,2.730,2.726,2.729,152,0
20190207,0800,2.732,2.732,2.732,2.732,2,0
20190207,0900,2.732,2.732,2.726,2.728,7,0
20190207,1000,2.728,2.735,2.728,2.735,2,0
20190207,1100,2.735,2.735,2.735,2.735,0,0
20190207,1200,2.735,2.735,2.735,2.735,1,0
20190207,1300,2.735,2.738,2.735,2.738,13,0
20190207,1400,2.738,2.738,2.719,2.719,19,0
20190207,1500,2.719,2.729,2.719,2.729,7,0
20190207,1600,2.729,2.729,2.685,2.686,329,0
20190207,1700,2.686,2.689,2.686,2.686,29,0
20190207,1800,2.686,2.686,2.685,2.685,45,0
20190207,1900,2.685,2.689,2.683,2.689,36,0
20190207,2000,2.689,2.692,2.686,2.692,43,0
20190207,2100,2.692,2.700,2.684,2.692,160,0
20190207,2200,2.692,2.697,2.677,2.691,1801,0
20190207,2300,2.691,2.703,2.690,2.694,2785,0
20190208,0000,2.694,2.695,2.668,2.671,2937,0
20190208,0100,2.671,2.672,2.655,2.661,1451,0
20190208,0200,2.661,2.668,2.649,2.651,2865,0
20190208,0300,2.651,2.658,2.647,2.655,2556,0
20190208,0400,2.655,2.667,2.652,2.666,8146,0
20190208,0500,2.666,2.672,2.666,2.668,357,0
20190208,0600,2.668,2.671,2.665,2.670,97,0
20190208,0800,2.673,2.673,2.673,2.673,0,0
20190208,0900,2.673,2.683,2.673,2.683,1,0
20190208,1000,2.683,2.683,2.680,2.680,89,0
20190208,1100,2.680,2.681,2.679,2.679,2,0
20190208,1200,2.679,2.679,2.679,2.679,0,0
20190208,1300,2.679,2.682,2.679,2.682,11,0
20190208,1400,2.682,2.682,2.679,2.679,34,0
20190208,1500,2.679,2.679,2.679,2.679,0,0
20190208,1600,2.679,2.679,2.666,2.676,60,0
20190208,1700,2.676,2.685,2.676,2.683,21,0
20190208,1800,2.683,2.683,2.665,2.668,45,0
20190208,1900,2.668,2.684,2.668,2.676,17,0
20190208,2000,2.676,2.676,2.670,2.672,79,0
20190208,2100,2.672,2.687,2.670,2.687,180,0
20190208,2200,2.687,2.690,2.677,2.678,419,0
20190208,2300,2.678,2.680,2.654,2.663,817,0
20190209,0000,2.663,2.670,2.659,2.670,847,0
20190209,0100,2.670,2.671,2.662,2.668,1347,0
20190209,0200,2.668,2.687,2.667,2.686,760,0
20190209,0300,2.686,2.698,2.681,2.694,1039,0
20190209,0400,2.694,2.701,2.682,2.701,9066,0
20190209,0500,2.701,2.713,2.701,2.705,1052,0
20190209,0600,2.705,2.712,2.705,2.712,317,0
20190211,0800,2.736,2.746,2.736,2.739,215,0
20190211,0900,2.739,2.739,2.739,2.739,134,0
20190211,1000,2.739,2.745,2.739,2.745,3,0
20190211,1100,2.745,2.745,2.745,2.745,0,0
20190211,1200,2.745,2.751,2.745,2.751,9,0
20190211,1300,2.751,2.751,2.744,2.744,3,0
20190211,1400,2.744,2.744,2.742,2.742,4,0
20190211,1500,2.742,2.753,2.742,2.753,11,0
20190211,1600,2.753,2.753,2.748,2.748,1,0
20190211,1700,2.748,2.753,2.748,2.753,5,0
20190211,1800,2.753,2.754,2.749,2.754,4,0
20190211,1900,2.754,2.765,2.750,2.755,161,0
20190211,2000,2.755,2.762,2.755,2.755,219,0
20190211,2100,2.755,2.764,2.748,2.752,377,0
20190211,2200,2.752,2.789,2.752,2.785,1424,0
20190211,2300,2.785,2.796,2.741,2.746,3781,0
20190212,0000,2.746,2.763,2.746,2.759,2900,0
20190212,0100,2.759,2.779,2.752,2.754,2836,0
20190212,0200,2.754,2.762,2.742,2.756,3464,0
20190212,0300,2.756,2.761,2.745,2.751,846,0
20190212,0400,2.751,2.754,2.732,2.741,10566,0
20190212,0500,2.741,2.742,2.735,2.741,1107,0
20190212,0600,2.741,2.741,2.738,2.741,158,0
20190212,0800,2.739,2.748,2.739,2.746,366,0
20190212,0900,2.746,2.746,2.745,2.745,36,0
20190212,1000,2.745,2.745,2.745,2.745,4,0
20190212,1100,2.745,2.750,2.745,2.750,211,0
20190212,1200,2.750,2.751,2.750,2.751,1,0
20190212,1300,2.751,2.751,2.747,2.747,13,0
20190212,1400,2.747,2.747,2.743,2.743,7,0
20190212,1500,2.743,2.744,2.742,2.744,6,0
20190212,1600,2.744,2.744,2.714,2.720,181,0
20190212,1700,2.720,2.731,2.720,2.731,12,0
20190212,1800,2.731,2.731,2.726,2.726,14,0
20190212,1900,2.726,2.730,2.726,2.728,31,0
20190212,2000,2.728,2.765,2.727,2.757,249,0
20190212,2100,2.757,2.760,2.745,2.750,141,0
20190212,2200,2.750,2.769,2.748,2.764,998,0
20190212,2300,2.764,2.764,2.733,2.744,2293,0
20190213,0000,2.744,2.755,2.743,2.750,1434,0
20190213,0100,2.750,2.782,2.750,2.773,1243,0
20190213,0200,2.773,2.781,2.761,2.765,1861,0
20190213,0300,2.765,2.776,2.765,2.774,1292,0
20190213,0400,2.774,2.782,2.760,2.760,7229,0
20190213,0500,2.760,2.761,2.753,2.757,1041,0
20190213,0600,2.757,2.760,2.756,2.756,895,0
20190213,0800,2.766,2.766,2.742,2.742,66,0
20190213,0900,2.742,2.743,2.737,2.737,89,0
20190213,1000,2.737,2.741,2.736,2.741,17,0
20190213,1100,2.741,2.741,2.741,2.741,0,0
20190213,1200,2.741,2.741,2.741,2.741,10,0
20190213,1300,2.741,2.741,2.741,2.741,45,0
20190213,1400,2.741,2.741,2.691,2.726,460,0
20190213,1500,2.726,2.729,2.726,2.729,12,0
20190213,1600,2.729,2.729,2.705,2.710,63,0
20190213,1700,2.710,2.726,2.707,2.726,90,0
20190213,1800,2.726,2.726,2.711,2.711,89,0
20190213,1900,2.711,2.718,2.698,2.708,84,0
20190213,2000,2.708,2.708,2.693,2.695,758,0
20190213,2100,2.695,2.713,2.695,2.711,311,0
20190213,2200,2.711,2.713,2.687,2.705,1173,0
20190213,2300,2.705,2.715,2.694,2.707,3336,0
20190214,0000,2.707,2.711,2.698,2.698,1393,0
20190214,0100,2.698,2.708,2.694,2.706,945,0
20190214,0200,2.706,2.732,2.697,2.723,2960,0
20190214,0300,2.723,2.724,2.704,2.705,1117,0
20190214,0400,2.705,2.711,2.699,2.706,8791,0
20190214,0500,2.706,2.717,2.706,2.715,542,0
20190214,0600,2.715,2.717,2.713,2.714,93,0
20190214,0800,2.713,2.719,2.713,2.719,85,0
20190214,0900,2.719,2.719,2.719,2.719,0,0
20190214,1000,2.719,2.719,2.719,2.719,63,0
20190214,1100,2.719,2.719,2.719,2.719,0,0
20190214,1200,2.719,2.719,2.719,2.719,0,0
20190214,1300,2.719,2.719,2.719,2.719,33,0
20190214,1400,2.719,2.719,2.719,2.719,13,0
20190214,1500,2.719,2.719,2.719,2.719,1,0
20190214,1600,2.719,2.722,2.719,2.722,13,0
20190214,1700,2.722,2.722,2.716,2.716,4,0
20190214,1800,2.716,2.723,2.716,2.717,379,0
20190214,1900,2.717,2.723,2.717,2.723,51,0
20190214,2000,2.723,2.723,2.719,2.723,95,0
20190214,2100,2.723,2.724,2.706,2.724,367,0
20190214,2200,2.724,2.724,2.712,2.713,653,0
20190214,2300,2.714,2.714,2.703,2.708,868,0
20190215,0000,2.708,2.719,2.697,2.718,1381,0
20190215,0100,2.718,2.718,2.690,2.696,1464,0
20190215,0200,2.696,2.706,2.693,2.694,1217,0
20190215,0300,2.694,2.702,2.692,2.697,974,0
20190215,0400,2.697,2.697,2.686,2.693,6638,0
20190215,0500,2.693,2.694,2.690,2.690,906,0
20190215,0600,2.690,2.690,2.684,2.684,85,0
20190215,0800,2.698,2.698,2.687,2.687,5,0
20190215,0900,2.687,2.687,2.687,2.687,0,0
20190215,1000,2.687,2.690,2.687,2.690,9,0
20190215,1100,2.690,2.690,2.684,2.687,15,0
20190215,1200,2.687,2.687,2.687,2.687,0,0
20190215,1300,2.687,2.687,2.684,2.685,8,0
20190215,1400,2.685,2.685,2.672,2.672,45,0
20190215,1500,2.672,2.684,2.672,2.684,2,0
20190215,1600,2.684,2.687,2.683,2.687,28,0
20190215,1700,2.687,2.693,2.687,2.690,273,0
20190215,1800,2.690,2.692,2.690,2.692,100,0
20190215,1900,2.692,2.692,2.689,2.692,19,0
20190215,2000,2.692,2.703,2.692,2.703,463,0
20190215,2100,2.703,2.703,2.691,2.691,122,0
20190215,2200,2.691,2.700,2.691,2.700,494,0
20190215,2300,2.700,2.716,2.696,2.708,1289,0
20190216,0000,2.708,2.709,2.692,2.700,2552,0
20190216,0100,2.700,2.700,2.690,2.696,1125,0
20190216,0200,2.696,2.708,2.693,2.707,785,0
20190216,0300,2.707,2.714,2.706,2.707,604,0
20190216,0400,2.707,2.730,2.706,2.724,3205,0
20190216,0500,2.724,2.730,2.720,2.729,214,0
20190216,0600,2.729,2.734,2.729,2.734,394,0
20190218,0800,2.718,2.725,2.713,2.720,120,0
20190218,0900,2.720,2.720,2.720,2.720,0,0
20190218,1000,2.720,2.720,2.720,2.720,0,0
20190218,1100,2.720,2.720,2.709,2.709,5,0
20190218,1200,2.709,2.709,2.707,2.707,1,0
20190218,1300,2.707,2.712,2.707,2.712,2,0
20190218,1400,2.712,2.733,2.712,2.733,21,0
20190218,1500,2.733,2.740,2.733,2.740,5,0
20190218,1600,2.740,2.755,2.740,2.755,38,0
20190218,1700,2.755,2.755,2.740,2.740,15,0
20190218,1800,2.740,2.741,2.733,2.733,12,0
20190218,1900,2.733,2.733,2.704,2.715,86,0
20190218,2000,2.715,2.722,2.715,2.722,4,0
20190218,2100,2.722,2.726,2.722,2.724,121,0
20190218,2200,2.724,2.736,2.724,2.736,227,0
20190218,2300,2.736,2.739,2.728,2.729,296,0
20190219,0000,2.729,2.733,2.724,2.727,388,0
20190219,0100,2.727,2.727,2.721,2.725,28,0
20190219,0200,2.725,2.725,2.721,2.725,30,0
20190219,0300,2.725,2.725,2.725,2.725,0,0
20190219,0400,2.725,2.725,2.725,2.725,0,0
20190219,0500,2.725,2.725,2.725,2.725,0,0
20190219,0600,2.725,2.725,2.725,2.725,0,0
20190219,0800,2.725,2.743,2.725,2.743,9,0
20190219,0900,2.743,2.743,2.743,2.743,0,0
20190219,1000,2.743,2.743,2.737,2.737,6,0
20190219,1100,2.737,2.737,2.737,2.737,3,0
20190219,1200,2.737,2.737,2.737,2.737,0,0
20190219,1300,2.737,2.737,2.737,2.737,1,0
20190219,1400,2.737,2.756,2.737,2.751,7,0
20190219,1500,2.751,2.751,2.749,2.749,2,0
20190219,1600,2.749,2.750,2.739,2.739,12,0
20190219,1700,2.739,2.751,2.739,2.747,5,0
20190219,1800,2.747,2.747,2.742,2.742,6,0
20190219,1900,2.742,2.742,2.740,2.741,6,0
20190219,2000,2.741,2.746,2.725,2.725,115,0
20190219,2100,2.725,2.728,2.715,2.726,87,0
20190219,2200,2.726,2.730,2.719,2.728,866,0
20190219,2300,2.725,2.767,2.725,2.767,2469,0
20190220,0000,2.767,2.769,2.746,2.752,1386,0
20190220,0100,2.752,2.757,2.731,2.750,2512,0
20190220,0200,2.750,2.757,2.741,2.755,735,0
20190220,0300,2.755,2.762,2.753,2.762,952,0
20190220,0400,2.762,2.771,2.757,2.764,3386,0
20190220,0500,2.764,2.764,2.756,2.762,305,0
20190220,0600,2.762,2.762,2.755,2.761,185,0
20190220,0800,2.761,2.764,2.761,2.764,1,0
20190220,0900,2.762,2.762,2.760,2.761,8,0
20190220,1000,2.761,2.761,2.756,2.756,2,0
20190220,1100,2.756,2.757,2.755,2.757,3,0
20190220,1200,2.757,2.757,2.754,2.754,1,0
20190220,1300,2.754,2.754,2.754,2.754,0,0
20190220,1400,2.754,2.762,2.754,2.762,5,0
20190220,1500,2.762,2.764,2.762,2.763,6,0
20190220,1600,2.763,2.774,2.763,2.774,23,0
20190220,1700,2.774,2.774,2.772,2.772,16,0
20190220,1800,2.772,2.774,2.764,2.764,45,0
20190220,1900,2.764,2.772,2.764,2.772,37,0
20190220,2000,2.772,2.775,2.772,2.775,43,0
20190220,2100,2.775,2.786,2.775,2.781,276,0
20190220,2200,2.781,2.788,2.775,2.784,892,0
20190220,2300,2.784,2.784,2.773,2.777,880,0
20190221,0000,2.777,2.779,2.772,2.772,1539,0
20190221,0100,2.772,2.772,2.743,2.743,3513,0
20190221,0200,2.746,2.757,2.745,2.748,1843,0
20190221,0300,2.748,2.754,2.745,2.752,1274,0
20190221,0400,2.750,2.754,2.739,2.743,3590,0
20190221,0500,2.743,2.748,2.743,2.747,371,0
20190221,0600,2.747,2.749,2.742,2.746,120,0
20190221,0900,2.752,2.754,2.752,2.753,4,0
20190221,1000,2.753,2.753,2.753,2.753,1,0
20190221,1100,2.753,2.753,2.753,2.753,2,0
20190221,1200,2.753,2.753,2.753,2.753,0,0
20190221,1300,2.753,2.753,2.750,2.750,2,0
20190221,1400,2.750,2.761,2.750,2.758,39,0
20190221,1500,2.758,2.766,2.758,2.766,26,0
20190221,1600,2.766,2.789,2.766,2.786,262,0
20190221,1700,2.786,2.786,2.783,2.783,1,0
20190221,1800,2.783,2.783,2.783,2.783,20,0
20190221,1900,2.783,2.783,2.775,2.781,58,0
20190221,2000,2.781,2.782,2.770,2.777,37,0
20190221,2100,2.777,2.777,2.760,2.771,219,0
20190221,2200,2.774,2.780,2.768,2.773,377,0
20190221,2300,2.774,2.777,2.763,2.769,712,0
20190222,0000,2.769,2.792,2.762,2.772,2862,0
20190222,0100,2.772,2.775,2.762,2.768,952,0
20190222,0200,2.768,2.777,2.764,2.774,2057,0
20190222,0300,2.774,2.790,2.771,2.790,1428,0
20190222,0400,2.790,2.790,2.775,2.788,6965,0
20190222,0500,2.788,2.791,2.786,2.789,183,0
20190222,0600,2.789,2.792,2.789,2.791,198,0
20190222,0800,2.792,2.801,2.792,2.792,87,0
20190222,0900,2.792,2.792,2.786,2.786,23,0
20190222,1000,2.786,2.787,2.770,2.773,115,0
20190222,1100,2.773,2.773,2.773,2.773,2,0
20190222,1200,2.773,2.773,2.773,2.773,1,0
20190222,1300,2.773,2.773,2.773,2.773,0,0
20190222,1400,2.773,2.792,2.773,2.790,6,0
20190222,1500,2.790,2.790,2.776,2.776,35,0
20190222,1600,2.776,2.776,2.766,2.775,45,0
20190222,1700,2.775,2.781,2.769,2.769,19,0
20190222,1800,2.769,2.769,2.769,2.769,49,0
20190222,1900,2.769,2.771,2.769,2.771,39,0
20190222,2000,2.771,2.786,2.770,2.780,174,0
20190222,2100,2.780,2.783,2.774,2.780,116,0
20190222,2200,2.780,2.781,2.772,2.777,659,0
20190222,2300,2.777,2.783,2.769,2.779,685,0
20190223,0000,2.779,2.781,2.769,2.778,548,0
20190223,0100,2.778,2.780,2.773,2.774,591,0
20190223,0200,2.774,2.782,2.772,2.779,691,0
20190223,0300,2.779,2.796,2.779,2.793,2284,0
20190223,0400,2.793,2.806,2.787,2.791,3709,0
20190223,0500,2.791,2.791,2.785,2.787,358,0
20190223,0600,2.787,2.789,2.784,2.786,104,0
20190225,0800,2.827,2.830,2.824,2.825,119,0
20190225,0900,2.825,2.827,2.824,2.825,31,0
20190225,1000,2.825,2.828,2.822,2.822,30,0
20190225,1100,2.822,2.823,2.822,2.823,11,0
20190225,1200,2.823,2.823,2.823,2.823,0,0
20190225,1300,2.823,2.823,2.823,2.823,0,0
20190225,1400,2.823,2.837,2.823,2.837,84,0
20190225,1500,2.837,2.837,2.837,2.837,0,0
20190225,1600,2.837,2.840,2.834,2.839,53,0
20190225,1700,2.839,2.839,2.835,2.835,64,0
20190225,1800,2.835,2.836,2.826,2.836,54,0
20190225,1900,2.836,2.841,2.836,2.838,42,0
20190225,2000,2.838,2.838,2.830,2.834,99,0
20190225,2100,2.834,2.834,2.826,2.829,205,0
20190225,2200,2.829,2.843,2.810,2.843,1773,0
20190225,2300,2.843,2.848,2.828,2.831,2071,0
20190226,0000,2.831,2.836,2.825,2.827,2108,0
20190226,0100,2.827,2.835,2.817,2.832,1705,0
20190226,0200,2.832,2.840,2.831,2.838,2026,0
20190226,0300,2.838,2.852,2.833,2.847,2766,0
20190226,0400,2.847,2.864,2.842,2.860,5137,0
20190226,0500,2.860,2.861,2.856,2.856,457,0
20190226,0600,2.856,2.866,2.856,2.864,277,0
20190226,1000,2.864,2.864,2.864,2.864,0,0
20190226,1100,2.864,2.864,2.864,2.864,0,0
20190226,1200,2.864,2.868,2.864,2.868,0,0
20190226,1300,2.868,2.868,2.864,2.864,3,0
20190226,1400,2.864,2.873,2.864,2.871,123,0
20190226,1500,2.871,2.871,2.870,2.870,4,0
20190226,1600,2.870,2.870,2.855,2.855,134,0
