20181221,2200,25743,25754,25721,25728,40,0
20181221,2215,25728,25752,25728,25750,37,0
20181221,2230,25750,25768,25678,25689,76,0
20181221,2245,25689,25750,25679,25726,81,0
20181221,2300,25726,25726,25657,25700,99,0
20181221,2315,25700,25790,25659,25777,131,0
20181221,2330,25785,25842,25780,25800,155,0
20181221,2345,25800,25800,25727,25730,72,0
20181222,0000,25730,25765,25693,25700,113,0
20181222,0015,25700,25700,25603,25643,152,0
20181222,0030,25643,25700,25643,25676,46,0
20181224,0930,25520,25579,25487,25487,1423007,0
20181224,0945,25485,25518,25445,25477,2724132,0
20181224,1000,25477,25558,25438,25529,3581801,0
20181224,1015,25529,25575,25495,25563,4366403,0
20181224,1030,25563,25567,25517,25555,4599161,0
20181224,1045,25555,25593,25520,25531,5080588,0
20181224,1100,25529,25588,25520,25584,5271333,0
20181224,1115,25584,25610,25565,25574,5431363,0
20181224,1130,25574,25601,25568,25593,5426790,0
20181224,1145,25593,25629,25593,25615,4938945,0
20181224,1200,25614,25660,25612,25660,4409390,0
20181224,1215,25660,25689,25632,25668,1822588,0
20181224,1230,25678,25688,25664,25668,1282306,0
20181224,1245,25668,25668,25668,25668,6812,0
20181224,1515,25668,25668,25668,25668,3406,0
20181224,1745,25668,25668,25668,25668,3406,0
20181227,1500,25603,25619,25577,25606,18622,0
20181227,1515,25610,25611,25544,25566,868,0
20181227,1530,25566,25593,25556,25558,566,0
20181227,1545,25558,25562,25514,25540,717,0
20181227,1600,25540,25540,25447,25456,1134,0
20181227,1615,25435,25439,25351,25405,1654,0
20181227,1630,25406,25425,25402,25416,588,0
20181227,1645,25416,25416,25416,25416,0,0
20181227,1700,25416,25416,25416,25416,0,0
20181227,1715,25416,25416,25416,25416,0,0
20181227,1730,25280,25366,25280,25339,398,0
20181227,1745,25333,25341,25282,25300,660,0
20181227,1800,25300,25309,25244,25244,451,0
20181227,1815,25244,25302,25238,25277,521,0
20181227,1830,25277,25292,25255,25289,291,0
20181227,1845,25289,25302,25272,25285,219,0
20181227,1900,25285,25302,25273,25289,215,0
20181227,1915,25288,25305,25272,25279,307,0
20181227,1930,25279,25307,25274,25289,250,0
20181227,1945,25289,25315,25279,25305,138,0
20181227,2000,25305,25311,25277,25289,166,0
20181227,2015,25293,25301,25247,25258,264,0
20181227,2030,25258,25286,25257,25278,235,0
20181227,2045,25278,25287,25274,25286,122,0
20181227,2100,25285,25287,25256,25257,190,0
20181227,2115,25260,25300,25230,25290,785,0
20181227,2130,25290,25300,25275,25281,255,0
20181227,2145,25280,25298,25263,25272,211,0
20181227,2200,25276,25276,25252,25268,208,0
20181227,2215,25268,25288,25253,25259,261,0
20181227,2230,25259,25278,25259,25273,144,0
20181227,2245,25275,25360,25260,25314,1254,0
20181227,2300,25312,25330,25243,25278,850,0
20181227,2315,25278,25278,25250,25260,825,0
20181227,2330,25267,25285,25241,25242,678,0
20181227,2345,25242,25289,25220,25286,906,0
20181228,0000,25286,25295,25235,25235,734,0
20181228,0015,25235,25242,25216,25225,502,0
20181228,0030,25222,25269,25219,25253,513,0
20181228,0045,25254,25283,25240,25243,581,0
20181228,0100,25241,25254,25210,25235,455,0
20190102,1500,25089,25089,25089,25089,100,0
20190102,1600,25063,25082,25063,25082,9300,0
20190102,1615,25084,25087,25030,25044,2300,0
20190102,1630,25044,25044,24980,24987,2900,0
20190102,1645,24980,24980,24979,24979,0,0
20190102,1700,24979,24979,24979,24979,0,0
20190102,2130,25123,25126,25078,25090,600,0
20190102,2145,25090,25114,25087,25100,505,0
20190102,2200,25100,25105,25081,25092,374,0
20190102,2215,25090,25118,25088,25117,443,0
20190102,2230,25117,25126,25109,25114,300,0
20190103,0930,25004,25005,24988,24988,18500,0
20190103,0945,25053,25092,24988,25057,9700,0
20190103,1000,25050,25167,25046,25163,5700,0
20190103,1015,25176,25236,25158,25204,5500,0
20190103,1030,25212,25212,25133,25160,4100,0
20190103,1045,25159,25186,25141,25141,1200,0
20190103,1315,25026,25048,24938,24944,0,0
20190103,1330,24944,24964,24917,24954,0,0
20190103,1345,24956,24965,24920,24929,0,0
20190103,1400,24929,24979,24901,24963,0,0
20190103,1415,24963,24986,24900,24900,0,0
20190103,1430,24897,24950,24877,24948,0,0
20190103,1445,24948,25029,24943,25001,0,0
20190103,1500,25001,25058,25001,25031,0,0
20190103,1515,25031,25075,25031,25068,0,0
20190103,1530,25070,25084,25040,25070,0,0
20190103,1545,25070,25090,25042,25067,0,0
20190103,1600,25065,25066,25020,25022,0,0
20190103,1615,25022,25068,25000,25023,0,0
20190103,1630,25025,25059,24994,25050,0,0
20190103,1730,25042,25082,25042,25060,0,0
20190103,1745,25060,25067,25040,25058,0,0
20190103,1800,25060,25073,25026,25028,0,0
20190103,1815,25028,25028,25000,25020,0,0
20190103,1830,25020,25028,25005,25024,0,0
20190103,1845,25024,25035,25015,25035,0,0
20190103,1900,25035,25049,25023,25033,0,0
20190103,1915,25033,25059,25019,25033,0,0
20190103,1930,25033,25057,25023,25028,0,0
20190103,1945,25028,25030,24974,24990,0,0
20190103,2000,24990,25010,24979,25006,0,0
20190103,2015,25003,25046,25001,25035,0,0
20190103,2030,25035,25058,25035,25052,0,0
20190103,2045,25052,25108,25052,25105,0,0
20190103,2100,25106,25112,25085,25096,0,0
20190103,2115,25096,25130,25095,25122,0,0
20190103,2130,25122,25143,25101,25121,0,0
20190103,2145,25120,25134,25105,25105,0,0
20190103,2200,25105,25147,25105,25137,0,0
20190103,2215,25137,25144,25122,25129,0,0
20190103,2230,25129,25173,25126,25165,0,0
20190103,2245,25165,25177,25123,25153,0,0
20190103,2300,25155,25155,25099,25121,0,0
20190103,2315,25103,25118,25049,25053,0,0
20190103,2330,25053,25096,25045,25077,0,0
20190103,2345,25077,25077,25005,25017,0,0
20190104,0000,25017,25052,25011,25051,0,0
20190104,0015,25052,25074,25032,25068,0,0
20190104,0030,25073,25097,25041,25047,0,0
20190104,0045,25050,25150,25035,25133,0,0
20190104,0100,25136,25152,25102,25102,0,0
20190104,0930,25102,25102,24896,24943,0,0
20190104,0945,24943,25133,24937,25094,0,0
20190104,1000,25092,25221,25092,25173,0,0
20190104,1015,25176,25182,25076,25098,0,0
20190104,1030,25099,25231,25086,25214,0,0
20190104,1045,25214,25315,25190,25304,0,0
20190104,1100,25305,25410,25275,25410,0,0
20190104,1115,25410,25463,25370,25415,0,0
20190104,1130,25415,25466,25396,25441,0,0
20190104,1145,25440,25463,25372,25380,0,0
20190104,1200,25380,25414,25358,25398,0,0
20190104,1315,25410,25436,25373,25408,0,0
20190104,1330,25408,25454,25404,25423,0,0
20190104,1345,25423,25484,25417,25436,0,0
20190104,1400,25438,25459,25406,25450,0,0
20190104,1415,25453,25466,25416,25438,0,0
20190104,1430,25438,25480,25437,25477,0,0
20190104,1445,25478,25495,25452,25494,0,0
20190104,1500,25495,25565,25485,25551,0,0
20190104,1515,25553,25629,25536,25619,0,0
20190104,1530,25620,25640,25575,25587,0,0
20190104,1545,25587,25628,25586,25595,0,0
20190104,1600,25596,25618,25585,25605,0,0
20190104,1615,25605,25657,25591,25608,0,0
20190104,1630,25610,25631,25596,25604,0,0
20190104,1730,25627,25763,25589,25749,0,0
20190104,1745,25752,25768,25706,25724,0,0
20190104,1800,25720,25724,25677,25685,0,0
20190104,1815,25688,25707,25675,25699,0,0
20190104,1830,25699,25701,25667,25678,0,0
20190104,1845,25678,25695,25662,25675,0,0
20190104,1900,25678,25681,25655,25666,0,0
20190104,1915,25666,25673,25638,25657,0,0
20190104,1930,25657,25686,25651,25676,0,0
20190104,1945,25676,25701,25676,25698,0,0
20190104,2000,25698,25715,25679,25699,0,0
20190104,2015,25699,25702,25670,25670,0,0
20190104,2030,25670,25675,25658,25671,0,0
20190104,2045,25671,25676,25647,25658,0,0
20190104,2100,25658,25669,25634,25658,0,0
20190104,2115,25658,25665,25618,25624,0,0
20190104,2130,25625,25683,25625,25674,0,0
20190104,2145,25673,25690,25593,25648,0,0
20190104,2200,25648,25686,25641,25641,0,0
20190104,2215,25641,25660,25629,25659,0,0
20190104,2230,25659,25683,25651,25676,0,0
20190104,2245,25679,25706,25653,25698,0,0
20190104,2300,25698,25730,25678,25721,0,0
20190104,2315,25721,25742,25705,25706,0,0
20190104,2330,25706,25838,25679,25836,0,0
20190104,2345,25837,25851,25816,25824,0,0
20190105,0000,25824,25965,25823,25961,0,0
20190105,0015,25957,25981,25940,25950,0,0
20190105,0030,25949,25952,25867,25882,0,0
20190105,0045,25876,25907,25855,25899,0,0
20190105,0100,25900,25972,25898,25933,0,0
20190107,0930,25940,26097,25940,26063,0,0
20190107,0945,26065,26074,25904,25970,0,0
20190107,1000,25970,25988,25850,25941,0,0
20190107,1015,25943,26014,25916,25939,0,0
20190107,1030,25938,25966,25897,25933,0,0
20190107,1045,25932,25979,25922,25953,0,0
20190107,1100,25953,25979,25920,25927,0,0
20190107,1115,25927,25934,25828,25838,0,0
20190107,1130,25838,25840,25774,25838,0,0
20190107,1145,25838,25850,25804,25836,0,0
20190107,1200,25836,25845,25795,25820,0,0
20190107,1315,25820,25864,25799,25861,0,0
20190107,1330,25861,25884,25827,25843,0,0
20190107,1345,25844,25851,25814,25821,0,0
20190107,1400,25820,25851,25815,25826,0,0
20190107,1415,25826,25833,25755,25786,0,0
20190107,1430,25786,25842,25786,25838,0,0
20190107,1445,25838,25853,25820,25820,0,0
20190107,1500,25822,25837,25798,25803,0,0
20190107,1515,25807,25826,25785,25821,0,0
20190107,1530,25822,25851,25803,25842,0,0
20190107,1545,25840,25851,25816,25848,0,0
20190107,1600,25851,25874,25847,25854,0,0
20190107,1615,25854,25867,25833,25842,0,0
20190107,1630,25841,25873,25820,25863,0,0
20190107,1730,25830,25833,25761,25765,0,0
20190107,1745,25767,25772,25735,25744,0,0
20190107,1800,25744,25786,25735,25758,0,0
20190107,1815,25760,25785,25753,25782,0,0
20190107,1830,25782,25804,25778,25800,0,0
20190107,1845,25800,25802,25768,25782,0,0
20190107,1900,25782,25802,25777,25777,0,0
20190107,1915,25777,25796,25771,25789,0,0
20190107,1930,25789,25793,25774,25780,0,0
20190107,1945,25780,25781,25754,25762,0,0
20190107,2000,25762,25792,25759,25786,0,0
20190107,2015,25786,25807,25776,25807,0,0
20190107,2030,25807,25838,25803,25819,0,0
20190107,2045,25819,25830,25798,25811,0,0
20190107,2100,25811,25824,25797,25824,0,0
20190107,2115,25824,25830,25815,25819,0,0
20190107,2130,25819,25832,25815,25820,0,0
20190107,2145,25820,25824,25805,25810,0,0
20190107,2200,25810,25810,25774,25778,0,0
20190107,2215,25778,25810,25777,25799,0,0
20190107,2230,25799,25815,25785,25810,0,0
20190107,2245,25816,25826,25748,25804,0,0
20190107,2300,25804,25822,25756,25816,0,0
20190107,2315,25817,25844,25777,25784,0,0
20190107,2330,25786,25808,25758,25786,0,0
20190107,2345,25786,25828,25786,25811,0,0
20190108,0000,25809,25843,25807,25841,0,0
20190108,0015,25839,25875,25834,25858,0,0
20190108,0030,25858,25863,25823,25831,0,0
20190108,0045,25838,25889,25824,25889,0,0
20190108,0100,25889,25902,25881,25900,0,0
20190108,0930,25900,25957,25886,25925,0,0
20190108,0945,25922,25922,25714,25783,0,0
20190108,1000,25784,25872,25746,25844,0,0
20190108,1015,25845,25946,25821,25902,0,0
20190108,1030,25904,25912,25831,25897,0,0
20190108,1045,25897,25995,25850,25973,0,0
20190108,1100,25970,26006,25924,25934,0,0
20190108,1115,25932,25973,25918,25947,0,0
20190108,1130,25950,25958,25914,25924,0,0
20190108,1145,25921,25926,25878,25910,0,0
20190108,1200,25910,25937,25898,25930,0,0
20190108,1315,25947,25980,25910,25948,0,0
20190108,1330,25948,25953,25880,25894,0,0
20190108,1345,25894,25905,25795,25826,0,0
20190108,1400,25826,25848,25800,25838,0,0
20190108,1415,25840,25866,25800,25855,0,0
20190108,1430,25857,25885,25849,25861,0,0
20190108,1445,25859,25915,25854,25907,0,0
20190108,1500,25907,25929,25878,25879,0,0
20190108,1515,25879,25915,25851,25891,0,0
20190108,1530,25892,25919,25863,25870,0,0
20190108,1545,25870,25901,25861,25877,0,0
20190108,1600,25875,25883,25835,25848,0,0
20190108,1615,25852,25936,25834,25890,0,0
20190108,1630,25888,25906,25877,25906,0,0
20190108,1730,25930,25957,25926,25945,0,0
20190108,1745,25945,25974,25943,25956,0,0
20190108,1800,25956,25957,25915,25932,0,0
20190108,1815,25932,25935,25913,25925,0,0
20190108,1830,25925,25944,25922,25938,0,0
20190108,1845,25938,25969,25929,25967,0,0
20190108,1900,25967,25989,25956,25985,0,0
20190108,1915,25986,26001,25979,25996,0,0
20190108,1930,25996,25999,25974,25993,0,0
20190108,1945,25991,26023,25987,26019,0,0
20190108,2000,26019,26055,26019,26043,0,0
20190108,2015,26043,26056,26029,26034,0,0
20190108,2030,26036,26045,26025,26032,0,0
20190108,2045,26032,26053,26029,26042,0,0
20190108,2100,26042,26048,26020,26045,0,0
20190108,2115,26045,26067,26029,26042,0,0
20190108,2130,26042,26109,26042,26090,0,0
20190108,2145,26090,26125,26088,26112,0,0
20190108,2200,26110,26117,26095,26112,0,0
20190108,2215,26111,26138,26103,26125,0,0
20190108,2230,26125,26135,26120,26132,0,0
20190108,2245,26133,26180,26131,26167,0,0
20190108,2300,26164,26167,26118,26134,0,0
20190108,2315,26134,26166,26086,26090,0,0
20190108,2330,26090,26105,26073,26088,0,0
20190108,2345,26087,26102,26051,26070,0,0
20190109,0000,26069,26072,26011,26038,0,0
20190109,0015,26038,26085,26035,26058,0,0
20190109,0030,26058,26082,26048,26049,0,0
20190109,0045,26048,26057,26027,26041,0,0
20190109,0100,26042,26053,26025,26046,0,0
20190109,0930,26176,26312,26171,26277,0,0
20190109,0945,26279,26337,26233,26333,0,0
20190109,1000,26330,26403,26330,26401,0,0
20190109,1015,26398,26417,26360,26387,0,0
20190109,1030,26386,26481,26365,26467,0,0
20190109,1045,26470,26594,26470,26548,0,0
20190109,1100,26548,26602,26548,26555,0,0
20190109,1115,26552,26569,26520,26530,0,0
20190109,1130,26532,26558,26491,26494,0,0
20190109,1145,26494,26556,26480,26541,0,0
20190109,1200,26541,26572,26524,26571,0,0
20190109,1315,26575,26590,26547,26555,0,0
20190109,1330,26555,26648,26553,26645,0,0
20190109,1345,26645,26651,26592,26605,0,0
20190109,1400,26604,26625,26574,26585,0,0
20190109,1415,26584,26586,26542,26557,0,0
20190109,1430,26562,26564,26529,26533,0,0
20190109,1445,26533,26537,26438,26457,0,0
20190109,1500,26459,26500,26448,26455,0,0
20190109,1515,26455,26492,26423,26491,0,0
20190109,1530,26491,26520,26480,26484,0,0
20190109,1545,26483,26491,26451,26461,0,0
20190109,1600,26461,26501,26451,26480,0,0
20190109,1615,26477,26513,26460,26465,0,0
20190109,1630,26465,26521,26458,26521,0,0
20190109,1730,26527,26570,26527,26563,0,0
20190109,1745,26562,26609,26561,26584,0,0
20190109,1800,26584,26592,26553,26573,0,0
20190109,1815,26574,26578,26561,26568,0,0
20190109,1830,26568,26578,26516,26524,0,0
20190109,1845,26518,26529,26506,26516,0,0
20190109,1900,26519,26539,26511,26536,0,0
20190109,1915,26536,26548,26514,26528,0,0
20190109,1930,26528,26547,26520,26527,0,0
20190109,1945,26527,26535,26505,26531,0,0
20190109,2000,26531,26544,26516,26538,0,0
20190109,2015,26538,26538,26482,26501,0,0
20190109,2030,26502,26516,26497,26505,0,0
20190109,2045,26505,26531,26486,26530,0,0
20190109,2100,26530,26544,26521,26542,0,0
20190109,2115,26542,26570,26534,26561,0,0
20190109,2130,26560,26569,26544,26548,0,0
20190109,2145,26548,26584,26548,26579,0,0
20190109,2200,26579,26594,26564,26586,0,0
20190109,2215,26586,26589,26546,26560,0,0
20190109,2230,26560,26565,26523,26533,0,0
20190109,2245,26532,26615,26532,26573,0,0
20190109,2300,26573,26629,26554,26603,0,0
20190109,2315,26604,26626,26552,26552,0,0
20190109,2330,26550,26605,26546,26597,0,0
20190109,2345,26597,26597,26490,26500,0,0
20190110,0000,26500,26531,26483,26530,0,0
20190110,0015,26530,26580,26522,26541,0,0
20190110,0030,26543,26564,26505,26551,0,0
20190110,0045,26549,26567,26520,26530,0,0
20190110,0100,26532,26600,26530,26588,0,0
20190110,0930,26400,26418,26317,26378,0,0
20190110,0945,26370,26383,26250,26272,0,0
20190110,1000,26270,26411,26229,26389,0,0
20190110,1015,26389,26450,26346,26346,0,0
20190110,1030,26341,26401,26326,26352,0,0
20190110,1045,26352,26360,26291,26339,0,0
20190110,1100,26338,26371,26313,26350,0,0
20190110,1115,26350,26463,26338,26403,0,0
20190110,1130,26403,26524,26402,26477,0,0
20190110,1145,26474,26570,26470,26561,0,0
20190110,1200,26557,26616,26548,26605,0,0
20190110,1315,26604,26632,26508,26509,0,0
20190110,1330,26509,26513,26415,26461,0,0
20190110,1345,26461,26530,26439,26486,0,0
20190110,1400,26486,26566,26485,26563,0,0
20190110,1415,26555,26568,26491,26515,0,0
20190110,1430,26515,26547,26504,26535,0,0
20190110,1445,26536,26537,26431,26454,0,0
20190110,1500,26454,26494,26445,26477,0,0
20190110,1515,26477,26522,26463,26496,0,0
20190110,1530,26499,26515,26480,26499,0,0
20190110,1545,26499,26545,26488,26532,0,0
20190110,1600,26532,26549,26503,26517,0,0
20190110,1615,26523,26536,26470,26492,0,0
20190110,1630,26494,26500,26462,26474,0,0
20190110,1730,26469,26510,26459,26506,0,0
20190110,1745,26508,26532,26496,26519,0,0
20190110,1800,26518,26536,26505,26512,0,0
20190110,1815,26512,26574,26505,26562,0,0
20190110,1830,26562,26573,26546,26548,0,0
20190110,1845,26548,26556,26534,26550,0,0
20190110,1900,26550,26557,26520,26528,0,0
20190110,1915,26528,26540,26525,26538,0,0
20190110,1930,26538,26550,26520,26528,0,0
20190110,1945,26528,26540,26517,26527,0,0
20190110,2000,26525,26536,26519,26522,0,0
20190110,2015,26522,26550,26522,26539,0,0
20190110,2030,26542,26563,26538,26547,0,0
20190110,2045,26547,26553,26530,26539,0,0
20190110,2100,26539,26565,26538,26555,0,0
20190110,2115,26555,26586,26555,26575,0,0
20190110,2130,26574,26578,26557,26567,0,0
20190110,2145,26568,26583,26545,26547,0,0
20190110,2200,26547,26557,26536,26543,0,0
20190110,2215,26543,26560,26528,26545,0,0
20190110,2230,26545,26556,26537,26543,0,0
20190110,2245,26543,26585,26540,26552,0,0
20190110,2300,26552,26564,26530,26562,0,0
20190110,2315,26562,26598,26557,26571,0,0
20190110,2330,26569,26615,26544,26614,0,0
20190110,2345,26613,26624,26591,26613,0,0
20190111,0000,26612,26649,26597,26645,0,0
20190111,0015,26645,26671,26627,26667,0,0
20190111,0030,26666,26675,26640,26644,0,0
20190111,0045,26648,26695,26645,26680,0,0
20190111,0100,26680,26700,26665,26669,0,0
20190111,0930,26738,26738,26591,26614,0,0
20190111,0945,26614,26616,26512,26590,0,0
20190111,1000,26591,26696,26591,26641,0,0
20190111,1015,26640,26717,26590,26598,0,0
20190111,1030,26598,26638,26546,26586,0,0
20190111,1045,26584,26624,26566,26574,0,0
20190111,1100,26575,26618,26538,26586,0,0
20190111,1115,26584,26593,26543,26585,0,0
20190111,1130,26590,26611,26557,26588,0,0
20190111,1145,26585,26600,26562,26574,0,0
20190111,1200,26574,26618,26570,26605,0,0
20190111,1515,26685,26685,26683,26683,1470,0
20190111,1530,26683,26683,26683,26683,1643,0
20190111,1545,26683,26683,26672,26672,949,0
20190111,1600,26672,26684,26665,26679,1461,0
20190111,1615,26679,26695,26658,26661,1460,0
20190111,1630,26660,26699,26646,26694,1057,0
20190111,1645,26699,26699,26699,26699,5,0
20190111,1715,26699,26699,26667,26667,0,0
20190111,1730,26718,26725,26712,26725,360,0
20190111,1745,26719,26729,26719,26729,353,0
20190111,1800,26729,26729,26701,26701,232,0
20190111,1815,26711,26711,26706,26706,304,0
20190111,1830,26702,26702,26687,26688,321,0
20190111,1845,26681,26681,26658,26672,491,0
20190111,1900,26673,26706,26667,26685,455,0
20190111,1915,26685,26707,26685,26690,230,0
20190111,1930,26691,26691,26666,26671,217,0
20190111,1945,26671,26684,26671,26677,107,0
20190111,2000,26677,26684,26644,26661,456,0
20190111,2015,26661,26661,26640,26648,328,0
20190111,2030,26650,26663,26644,26658,235,0
20190111,2045,26658,26673,26652,26660,234,0
20190111,2100,26660,26666,26622,26626,509,0
20190111,2115,26626,26626,26573,26605,1075,0
20190111,2130,26605,26614,26583,26587,638,0
20190111,2145,26590,26619,26555,26574,833,0
20190111,2200,26578,26599,26568,26592,559,0
20190111,2215,26592,26603,26584,26591,427,0
20190111,2230,26592,26602,26568,26577,509,0
20190111,2245,26578,26610,26552,26562,1502,0
20190111,2300,26564,26597,26551,26594,1063,0
20190111,2315,26593,26629,26582,26606,1188,0
20190111,2330,26608,26630,26587,26590,918,0
20190111,2345,26592,26641,26582,26630,1180,0
20190112,0000,26630,26677,26606,26671,1020,0
20190112,0015,26671,26680,26643,26649,706,0
20190112,0030,26650,26666,26643,26663,427,0
20190112,0045,26659,26671,26650,26664,395,0
20190112,0100,26665,26682,26649,26651,672,0
20190112,0115,26651,26651,26651,26651,0,0
20190112,0230,26651,26651,26651,26651,0,0
20190114,0915,26612,26612,26612,26612,0,0
20190114,0930,26612,26615,26520,26570,3701,0
20190114,0945,26571,26597,26445,26474,6700,0
20190114,1000,26474,26474,26295,26340,3413,0
20190114,1015,26339,26350,26289,26343,2708,0
20190114,1030,26320,26338,26279,26311,3013,0
20190114,1045,26310,26327,26251,26264,3729,0
20190114,1100,26265,26303,26248,26270,2547,0
20190114,1115,26265,26268,26171,26209,4539,0
20190114,1130,26206,26235,26164,26222,2869,0
20190114,1145,26219,26294,26215,26288,2569,0
20190114,1200,26287,26311,26275,26292,1665,0
20190114,1215,26292,26292,26291,26291,1,0
20190114,1245,26291,26291,26291,26291,0,0
20190114,1300,26291,26293,26291,26293,7,0
20190114,1315,26294,26307,26267,26274,1936,0
20190114,1330,26269,26303,26265,26282,1265,0
20190114,1345,26282,26282,26225,26225,1985,0
20190114,1400,26225,26248,26222,26246,1361,0
20190114,1415,26247,26281,26246,26259,1700,0
20190114,1430,26259,26277,26241,26254,1128,0
20190114,1445,26253,26258,26231,26247,1099,0
20190114,1500,26246,26271,26246,26264,739,0
20190114,1515,26265,26276,26261,26276,831,0
20190114,1530,26276,26283,26242,26253,1165,0
20190114,1545,26253,26291,26248,26254,1288,0
20190114,1600,26253,26266,26242,26263,1127,0
20190114,1615,26263,26308,26257,26299,1970,0
20190114,1630,26301,26311,26296,26304,1150,0
20190114,1645,26304,26304,26304,26304,0,0
20190114,1715,26304,26304,26304,26304,0,0
20190114,1730,26306,26349,26301,26339,715,0
20190114,1745,26341,26343,26310,26311,724,0
20190114,1800,26311,26321,26290,26301,416,0
20190114,1815,26299,26305,26279,26285,367,0
20190114,1830,26285,26285,26255,26280,625,0
20190114,1845,26280,26283,26262,26276,297,0
20190114,1900,26275,26284,26270,26279,204,0
20190114,1915,26279,26287,26254,26270,425,0
20190114,1930,26270,26282,26266,26279,196,0
20190114,1945,26279,26297,26277,26278,356,0
20190114,2000,26278,26288,26263,26288,239,0
20190114,2015,26287,26301,26277,26287,229,0
20190114,2030,26287,26305,26280,26304,216,0
20190114,2045,26304,26323,26301,26318,471,0
20190114,2100,26318,26318,26300,26302,269,0
20190114,2115,26302,26315,26299,26300,230,0
20190114,2130,26300,26311,26296,26302,212,0
20190114,2145,26302,26321,26299,26316,305,0
20190114,2200,26315,26332,26310,26318,388,0
20190114,2215,26318,26323,26312,26318,172,0
20190114,2230,26318,26323,26308,26318,315,0
20190114,2245,26318,26368,26291,26351,1966,0
20190114,2300,26354,26372,26331,26357,1008,0
20190114,2315,26357,26399,26343,26395,1369,0
20190114,2330,26395,26413,26379,26393,1240,0
20190114,2345,26392,26428,26385,26423,1089,0
20190115,0000,26423,26437,26380,26423,1297,0
20190115,0015,26423,26426,26374,26398,757,0
20190115,0030,26397,26407,26366,26387,492,0
20190115,0045,26387,26462,26383,26451,913,0
20190115,0100,26453,26458,26431,26455,544,0
20190115,0330,26455,26455,26455,26455,0,0
20190115,0915,26500,26500,26500,26500,0,0
20190115,0930,26505,26574,26492,26520,4308,0
20190115,0945,26514,26590,26438,26583,9348,0
20190115,1000,26590,26608,26493,26517,5699,0
20190115,1015,26519,26672,26512,26655,6404,0
20190115,1030,26656,26720,26656,26689,5029,0
20190115,1045,26692,26732,26665,26667,4244,0
20190115,1100,26667,26743,26661,26741,3326,0
20190115,1115,26737,26871,26737,26814,6637,0
20190115,1130,26820,26860,26801,26841,2281,0
20190115,1145,26838,26859,26789,26790,2299,0
20190115,1200,26792,26804,26749,26769,1835,0
20190115,1215,26769,26769,26769,26769,1,0
20190115,1245,26769,26769,26769,26769,0,0
20190115,1300,26769,26776,26769,26776,4,0
20190115,1315,26769,26769,26690,26746,2959,0
20190115,1330,26743,26772,26721,26726,1969,0
20190115,1345,26724,26748,26698,26730,2019,0
20190115,1400,26731,26802,26716,26780,2703,0
20190115,1415,26780,26826,26777,26801,2088,0
20190115,1430,26801,26835,26795,26813,1854,0
20190115,1445,26813,26823,26799,26816,1094,0
20190115,1500,26816,26840,26802,26834,1336,0
20190115,1515,26834,26834,26783,26790,2028,0
20190115,1530,26789,26820,26780,26804,1248,0
20190115,1545,26804,26807,26783,26787,834,0
20190115,1600,26785,26815,26781,26811,1103,0
20190115,1615,26809,26827,26797,26815,1504,0
20190115,1630,26815,26823,26740,26749,1762,0
20190115,1645,26749,26749,26749,26749,0,0
20190115,1715,26749,26749,26749,26749,0,0
20190115,1730,26715,26725,26690,26714,1227,0
20190115,1745,26715,26743,26709,26721,721,0
20190115,1800,26721,26737,26699,26709,496,0
20190115,1815,26709,26729,26700,26721,349,0
20190115,1830,26721,26737,26717,26719,277,0
20190115,1845,26719,26722,26704,26717,344,0
20190115,1900,26717,26728,26704,26719,277,0
20190115,1915,26719,26722,26704,26713,331,0
20190115,1930,26713,26717,26688,26695,373,0
20190115,1945,26694,26703,26683,26699,349,0
20190115,2000,26699,26699,26615,26632,1404,0
20190115,2015,26632,26641,26610,26618,660,0
20190115,2030,26618,26639,26616,26629,442,0
20190115,2045,26629,26630,26596,26606,538,0
20190115,2100,26606,26629,26605,26627,393,0
20190115,2115,26626,26643,26624,26633,418,0
20190115,2130,26634,26650,26618,26625,441,0
20190115,2145,26625,26642,26615,26638,424,0
20190115,2200,26638,26649,26632,26646,382,0
20190115,2215,26646,26664,26636,26637,718,0
20190115,2230,26637,26650,26633,26646,274,0
20190115,2245,26646,26734,26643,26734,2232,0
20190115,2300,26734,26748,26700,26713,1419,0
20190115,2315,26716,26770,26661,26662,2453,0
20190115,2330,26662,26694,26637,26668,1783,0
20190115,2345,26668,26705,26646,26689,1294,0
20190116,0000,26691,26714,26668,26712,878,0
20190116,0015,26711,26723,26656,26669,704,0
20190116,0030,26669,26677,26631,26652,618,0
20190116,0045,26652,26690,26628,26672,675,0
20190116,0100,26672,26726,26664,26726,660,0
20190116,0115,26726,26726,26726,26726,3,0
20190116,0915,26742,26742,26705,26705,0,0
20190116,0930,26702,26715,26636,26652,3590,0
20190116,0945,26645,26661,26561,26603,7702,0
20190116,1000,26602,26752,26587,26744,7087,0
20190116,1015,26744,26752,26683,26689,4320,0
20190116,1030,26691,26838,26681,26809,5406,0
20190116,1045,26806,26864,26745,26763,4932,0
20190116,1100,26761,26802,26728,26795,3004,0
20190116,1115,26793,26840,26773,26826,2415,0
20190116,1130,26829,26850,26804,26824,2023,0
20190116,1145,26824,26828,26778,26781,1379,0
20190116,1200,26780,26806,26780,26798,702,0
20190116,1215,26798,26798,26798,26798,0,0
20190116,1245,26798,26798,26798,26798,0,0
20190116,1300,26798,26800,26798,26800,4,0
20190116,1315,26800,26850,26782,26835,1949,0
20190116,1330,26835,26838,26792,26800,1264,0
20190116,1345,26800,26823,26769,26822,1903,0
20190116,1400,26823,26918,26823,26898,4598,0
20190116,1415,26893,26913,26853,26883,2816,0
20190116,1430,26883,26924,26878,26912,2218,0
20190116,1445,26912,26928,26882,26888,1731,0
20190116,1500,26888,26911,26885,26899,893,0
20190116,1515,26899,26936,26890,26904,1677,0
20190116,1530,26904,26917,26878,26886,1759,0
20190116,1545,26886,26888,26828,26853,2207,0
20190116,1600,26852,26909,26848,26905,1616,0
20190116,1615,26906,26924,26872,26910,1625,0
20190116,1630,26910,26915,26854,26902,1304,0
20190116,1645,26902,26902,26902,26902,0,0
20190116,1700,26902,26902,26902,26902,0,0
20190116,1715,26902,26902,26902,26902,0,0
20190116,1730,26914,26914,26844,26856,611,0
20190116,1745,26853,26853,26822,26823,634,0
20190116,1800,26825,26845,26816,26843,519,0
20190116,1815,26842,26861,26832,26860,361,0
20190116,1830,26860,26867,26853,26856,257,0
20190116,1845,26856,26859,26839,26846,242,0
20190116,1900,26846,26846,26820,26828,381,0
20190116,1915,26828,26831,26792,26797,645,0
20190116,1930,26797,26812,26778,26811,546,0
20190116,1945,26811,26818,26794,26798,356,0
20190116,2000,26798,26821,26795,26817,291,0
20190116,2015,26818,26821,26787,26787,328,0
20190116,2030,26787,26811,26786,26801,302,0
20190116,2045,26801,26835,26801,26833,559,0
20190116,2100,26833,26839,26821,26823,333,0
20190116,2115,26823,26837,26816,26830,338,0
20190116,2130,26829,26840,26808,26814,409,0
20190116,2145,26814,26829,26804,26826,286,0
20190116,2200,26826,26841,26823,26830,260,0
20190116,2215,26830,26879,26828,26863,837,0
20190116,2230,26863,26871,26848,26855,453,0
20190116,2245,26855,26929,26855,26916,1918,0
20190116,2300,26916,26956,26916,26940,1774,0
20190116,2315,26940,26976,26935,26958,987,0
20190116,2330,26958,26970,26932,26942,883,0
20190116,2345,26943,26950,26912,26916,967,0
20190117,0000,26916,26968,26908,26964,966,0
20190117,0015,26964,26980,26935,26980,762,0
20190117,0030,26980,26990,26971,26982,718,0
20190117,0045,26986,27001,26964,26985,866,0
20190117,0100,26988,26998,26968,26995,676,0
20190117,0115,26995,26995,26995,26995,0,0
20190117,0915,26948,26948,26948,26948,0,0
20190117,0930,26945,26979,26830,26843,4822,0
20190117,0945,26846,26856,26666,26719,9365,0
20190117,1000,26710,26796,26686,26793,4948,0
20190117,1015,26794,26865,26726,26740,6223,0
20190117,1030,26740,26865,26740,26863,4218,0
20190117,1045,26861,26912,26845,26877,4387,0
20190117,1100,26877,27032,26863,27025,6510,0
20190117,1115,27026,27041,26919,26937,4556,0
20190117,1130,26940,27002,26940,26995,2294,0
20190117,1145,26996,27008,26941,27005,2636,0
20190117,1200,27005,27018,26993,27012,1250,0
20190117,1215,27014,27014,27014,27014,2,0
20190117,1230,27014,27014,27014,27014,0,0
20190117,1245,27014,27014,27014,27014,0,0
20190117,1300,27014,27014,27005,27005,28,0
20190117,1315,27005,27005,26932,26932,1943,0
20190117,1330,26931,26944,26865,26889,3196,0
20190117,1345,26891,26937,26888,26904,2413,0
20190117,1400,26904,26958,26903,26953,2044,0
20190117,1415,26951,26956,26909,26935,2020,0
20190117,1430,26933,26933,26831,26872,3351,0
20190117,1445,26871,26878,26748,26748,3994,0
20190117,1500,26746,26787,26715,26739,3557,0
20190117,1515,26741,26826,26737,26777,3282,0
20190117,1530,26780,26812,26754,26790,1904,0
20190117,1545,26789,26794,26743,26758,1460,0
20190117,1600,26757,26765,26725,26731,1483,0
20190117,1615,26733,26791,26731,26764,1879,0
20190117,1630,26764,26784,26735,26776,1176,0
20190117,1645,26776,26776,26776,26776,0,0
20190117,1700,26776,26776,26776,26776,0,0
20190117,1730,26800,26833,26792,26815,751,0
20190117,1745,26815,26826,26779,26784,486,0
20190117,1800,26784,26800,26765,26786,413,0
20190117,1815,26787,26814,26786,26806,419,0
20190117,1830,26806,26835,26806,26827,472,0
20190117,1845,26827,26840,26805,26808,443,0
20190117,1900,26808,26839,26808,26832,295,0
20190117,1915,26832,26836,26817,26825,179,0
20190117,1930,26825,26831,26814,26826,196,0
20190117,1945,26826,26852,26825,26836,384,0
20190117,2000,26836,26840,26821,26840,245,0
20190117,2015,26841,26841,26806,26828,376,0
20190117,2030,26826,26826,26786,26803,866,0
20190117,2045,26803,26818,26793,26812,343,0
20190117,2100,26812,26822,26794,26799,245,0
20190117,2115,26799,26820,26793,26814,274,0
20190117,2130,26814,26815,26798,26810,199,0
20190117,2145,26810,26834,26808,26820,475,0
20190117,2200,26820,26830,26807,26813,256,0
20190117,2215,26814,26817,26802,26805,282,0
20190117,2230,26805,26808,26787,26801,429,0
20190117,2245,26804,26855,26794,26848,1740,0
20190117,2300,26850,26883,26833,26864,1289,0
20190117,2315,26864,26878,26841,26873,854,0
20190117,2330,26873,26907,26848,26898,1791,0
20190117,2345,26898,26898,26862,26873,1030,0
20190118,0000,26873,26898,26859,26883,529,0
20190118,0015,26883,26917,26883,26904,762,0
20190118,0030,26904,26919,26887,26901,556,0
20190118,0045,26901,26915,26893,26912,373,0
20190118,0100,26914,26919,26882,26883,630,0
20190118,0115,26885,26885,26885,26885,0,0
20190118,0915,27000,27000,27000,27000,0,0
20190118,0930,26979,27074,26979,27019,4618,0
20190118,0945,27014,27117,26927,27105,9056,0
20190118,1000,27110,27142,27044,27094,5887,0
20190118,1015,27099,27138,27032,27035,4583,0
20190118,1030,27036,27082,27025,27027,3073,0
20190118,1045,27026,27053,26948,26962,4290,0
20190118,1100,26962,27033,26943,27033,3142,0
20190118,1115,27033,27100,27019,27076,2719,0
20190118,1130,27080,27101,27038,27049,2286,0
20190118,1145,27051,27067,27032,27042,1185,0
20190118,1200,27042,27049,27005,27037,1202,0
20190118,1215,27037,27037,27037,27037,7,0
20190118,1230,27037,27037,27037,27037,0,0
20190118,1245,27037,27037,27037,27037,0,0
20190118,1300,27037,27037,27035,27035,3,0
20190118,1315,27035,27071,27010,27070,1525,0
20190118,1330,27071,27079,27044,27050,1562,0
20190118,1345,27051,27068,27036,27057,1219,0
20190118,1400,27059,27098,27051,27095,1507,0
20190118,1415,27095,27109,27053,27081,2027,0
20190118,1430,27083,27101,27062,27068,1309,0
20190118,1445,27067,27118,27064,27109,1835,0
20190118,1500,27109,27116,27060,27078,1673,0
20190118,1515,27077,27085,27040,27057,1825,0
20190118,1530,27057,27079,27042,27070,1091,0
20190118,1545,27070,27081,27061,27081,1055,0
20190118,1600,27076,27102,27074,27097,1287,0
20190118,1615,27097,27102,27056,27081,1441,0
20190118,1630,27082,27113,27082,27100,1152,0
20190118,1645,27100,27100,27100,27100,1,0
20190118,1700,27100,27100,27100,27100,0,0
20190118,1730,27113,27114,27085,27093,364,0
20190118,1745,27093,27112,27081,27097,307,0
20190118,1800,27097,27120,27091,27120,304,0
20190118,1815,27119,27136,27112,27122,537,0
20190118,1830,27122,27123,27103,27115,262,0
20190118,1845,27115,27115,27096,27113,327,0
20190118,1900,27113,27124,27105,27117,336,0
20190118,1915,27117,27133,27116,27121,237,0
20190118,1930,27121,27146,27118,27141,488,0
20190118,1945,27139,27160,27136,27150,620,0
20190118,2000,27150,27174,27149,27162,426,0
20190118,2015,27162,27185,27158,27169,467,0
20190118,2030,27169,27171,27155,27169,307,0
20190118,2045,27169,27176,27156,27170,207,0
20190118,2100,27171,27174,27161,27170,187,0
20190118,2115,27170,27175,27163,27170,126,0
20190118,2130,27170,27178,27165,27168,177,0
20190118,2145,27173,27182,27168,27173,245,0
20190118,2200,27173,27193,27165,27188,499,0
20190118,2215,27188,27207,27178,27192,657,0
20190118,2230,27192,27237,27191,27230,1070,0
20190118,2245,27230,27246,27214,27225,1576,0
20190118,2300,27225,27249,27201,27220,1307,0
20190118,2315,27222,27227,27194,27219,1022,0
20190118,2330,27219,27318,27219,27259,2764,0
20190118,2345,27259,27286,27234,27282,1234,0
20190119,0000,27282,27310,27273,27296,1187,0
20190119,0015,27295,27329,27292,27294,853,0
20190119,0030,27294,27327,27270,27324,779,0
20190119,0045,27318,27328,27297,27314,600,0
20190119,0100,27314,27363,27314,27358,879,0
20190119,0115,27360,27360,27360,27360,0,0
20190121,0915,27325,27325,27325,27325,0,0
20190121,0930,27237,27237,27015,27094,6762,0
20190121,0945,27097,27200,27082,27177,8121,0
20190121,1000,27186,27209,27094,27096,4738,0
20190121,1015,27095,27345,27095,27273,8881,0
20190121,1030,27271,27278,27160,27218,5304,0
20190121,1045,27214,27263,27194,27242,3319,0
20190121,1100,27242,27299,27227,27260,2890,0
20190121,1115,27262,27265,27169,27190,2977,0
20190121,1130,27192,27193,27115,27138,3033,0
20190121,1145,27139,27201,27131,27193,1756,0
20190121,1200,27193,27199,27167,27196,964,0
20190121,1215,27196,27196,27190,27190,4,0
20190121,1230,27190,27190,27190,27190,0,0
20190121,1245,27190,27190,27190,27190,0,0
20190121,1300,27190,27190,27190,27190,8,0
20190121,1315,27200,27220,27163,27201,1847,0
20190121,1330,27200,27233,27180,27191,1761,0
20190121,1345,27191,27191,27131,27162,1886,0
20190121,1400,27159,27180,27145,27170,1381,0
20190121,1415,27171,27174,27118,27152,1690,0
20190121,1430,27151,27187,27151,27180,1232,0
20190121,1445,27181,27210,27177,27190,1452,0
20190121,1500,27192,27211,27180,27201,925,0
20190121,1515,27200,27209,27168,27174,1044,0
20190121,1530,27174,27196,27161,27184,1090,0
20190121,1545,27184,27200,27172,27192,718,0
20190121,1600,27192,27205,27176,27193,834,0
20190121,1615,27197,27224,27168,27186,1403,0
20190121,1630,27186,27243,27180,27239,1105,0
20190121,1645,27241,27241,27241,27241,8,0
20190121,1700,27241,27241,27241,27241,0,0
20190121,1715,27241,27241,27241,27241,0,0
20190121,1730,27208,27208,27156,27188,833,0
20190121,1745,27186,27199,27177,27190,320,0
20190121,1800,27190,27197,27180,27182,240,0
20190121,1815,27184,27189,27176,27188,189,0
20190121,1830,27188,27216,27188,27214,390,0
20190121,1845,27214,27247,27208,27237,681,0
20190121,1900,27237,27258,27229,27246,376,0
20190121,1915,27246,27246,27231,27236,178,0
20190121,1930,27235,27246,27223,27223,209,0
20190121,1945,27223,27233,27217,27223,252,0
20190121,2000,27223,27241,27221,27239,164,0
20190121,2015,27239,27246,27231,27235,256,0
20190121,2030,27235,27240,27223,27226,205,0
20190121,2045,27226,27228,27194,27198,399,0
20190121,2100,27198,27222,27196,27214,251,0
20190121,2115,27214,27221,27204,27207,155,0
20190121,2130,27207,27213,27201,27208,210,0
20190121,2145,27208,27227,27205,27220,252,0
20190121,2200,27219,27228,27212,27220,202,0
20190121,2215,27220,27225,27213,27213,106,0
20190121,2230,27215,27218,27205,27218,154,0
20190121,2245,27218,27221,27181,27203,669,0
20190121,2300,27204,27209,27192,27196,297,0
20190121,2315,27196,27228,27193,27209,582,0
20190121,2330,27209,27222,27206,27220,307,0
20190121,2345,27220,27220,27201,27220,225,0
20190122,0000,27220,27221,27207,27218,175,0
20190122,0015,27218,27220,27212,27212,102,0
20190122,0030,27211,27222,27210,27218,97,0
20190122,0045,27213,27233,27213,27228,217,0
20190122,0100,27227,27241,27217,27231,378,0
20190122,0915,27138,27138,27138,27138,0,0
20190122,0930,27147,27271,27088,27227,5481,0
20190122,0945,27212,27249,27085,27114,8520,0
20190122,1000,27111,27151,27058,27101,6389,0
20190122,1015,27109,27136,27064,27078,4650,0
20190122,1030,27082,27113,27063,27104,3319,0
20190122,1045,27099,27127,26997,27025,5204,0
20190122,1100,27019,27035,26983,26995,3891,0
20190122,1115,26994,27055,26973,27045,3470,0
20190122,1130,27045,27046,26989,27013,2111,0
20190122,1145,27014,27014,26934,26938,2951,0
20190122,1200,26936,26959,26893,26908,2438,0
20190122,1215,26909,26909,26909,26909,5,0
20190122,1230,26909,26909,26909,26909,0,0
20190122,1245,26909,26909,26909,26909,0,0
20190122,1300,26909,26914,26909,26914,50,0
20190122,1315,26913,26914,26841,26885,4115,0
20190122,1330,26886,26893,26847,26890,2052,0
20190122,1345,26889,26899,26835,26855,3018,0
20190122,1400,26857,26891,26851,26891,1970,0
20190122,1415,26892,26895,26838,26877,2096,0
20190122,1430,26875,26896,26864,26880,1444,0
20190122,1445,26880,26883,26857,26876,906,0
20190122,1500,26876,26920,26875,26920,2240,0
20190122,1515,26923,26962,26907,26933,2876,0
20190122,1530,26934,26955,26924,26945,1445,0
20190122,1545,26945,26952,26914,26938,1344,0
20190122,1600,26939,26957,26934,26952,1397,0
20190122,1615,26951,27000,26949,26984,2513,0
20190122,1630,26984,27005,26953,27004,1708,0
20190122,1645,27005,27005,27005,27005,2,0
20190122,1700,27005,27005,27005,27005,0,0
20190122,1730,27017,27033,27009,27015,642,0
20190122,1745,27015,27041,27015,27019,527,0
20190122,1800,27019,27027,27005,27013,306,0
20190122,1815,27013,27025,26996,26998,303,0
20190122,1830,26998,26998,26986,26994,345,0
20190122,1845,26994,26994,26945,26958,686,0
20190122,1900,26959,26967,26944,26945,322,0
20190122,1915,26945,26948,26920,26922,541,0
20190122,1930,26922,26931,26892,26895,657,0
20190122,1945,26892,26904,26883,26900,492,0
20190122,2000,26900,26913,26877,26907,570,0
20190122,2015,26907,26952,26904,26940,714,0
20190122,2030,26940,26970,26933,26962,564,0
20190122,2045,26962,26990,26956,26983,574,0
20190122,2100,26983,26983,26944,26947,546,0
20190122,2115,26948,26973,26945,26968,432,0
20190122,2130,26968,26969,26939,26946,371,0
20190122,2145,26946,26952,26924,26937,559,0
20190122,2200,26937,26943,26928,26937,362,0
20190122,2215,26937,26959,26933,26937,433,0
20190122,2230,26937,26943,26913,26940,561,0
20190122,2245,26942,26984,26924,26982,1606,0
20190122,2300,26982,26998,26936,26978,1562,0
20190122,2315,26976,26985,26895,26912,1729,0
20190122,2330,26912,26956,26908,26948,1071,0
20190122,2345,26948,26966,26929,26944,938,0
20190123,0000,26944,26959,26925,26936,397,0
20190123,0015,26934,26956,26923,26941,461,0
20190123,0030,26940,26972,26940,26951,366,0
20190123,0045,26952,26965,26918,26933,518,0
20190123,0100,26932,26940,26888,26888,683,0
20190123,0915,26874,26874,26874,26874,0,0
20190123,0930,26886,26939,26876,26924,3763,0
20190123,0945,26919,27096,26919,27096,7439,0
20190123,1000,27101,27150,27083,27097,6574,0
20190123,1015,27098,27117,26974,27029,7880,0
20190123,1030,27028,27134,27028,27101,4567,0
20190123,1045,27101,27158,27058,27119,4685,0
20190123,1100,27119,27157,27060,27073,2933,0
20190123,1115,27074,27131,27059,27084,2706,0
20190123,1130,27082,27123,27063,27068,2043,0
20190123,1145,27067,27068,27031,27061,1757,0
20190123,1200,27061,27069,27023,27036,1092,0
20190123,1215,27031,27031,27031,27031,3,0
20190123,1245,27031,27031,27031,27031,0,0
20190123,1300,27031,27038,27031,27038,6,0
20190123,1315,27028,27032,26988,27008,1983,0
20190123,1330,27008,27029,26984,27004,1715,0
20190123,1345,27005,27018,26984,27002,1383,0
20190123,1400,27002,27011,26966,26990,2245,0
20190123,1415,26992,27014,26980,26996,1270,0
20190123,1430,26995,27039,26988,27034,1610,0
20190123,1445,27033,27062,27024,27044,1693,0
20190123,1500,27044,27054,27025,27032,947,0
20190123,1515,27031,27038,26981,26984,1664,0
20190123,1530,26985,26991,26943,26948,2416,0
20190123,1545,26948,27001,26936,26985,1789,0
20190123,1600,26985,27016,26985,27001,1372,0
20190123,1615,27002,27012,26961,26967,1678,0
20190123,1630,26967,27017,26963,26990,1090,0
20190123,1645,26990,26990,26990,26990,0,0
20190123,1715,26990,26990,26990,26990,0,0
20190123,1730,27037,27045,27025,27043,608,0
20190123,1745,27043,27059,27032,27058,521,0
20190123,1800,27057,27085,27050,27081,785,0
20190123,1815,27081,27085,27068,27068,385,0
20190123,1830,27068,27101,27068,27087,507,0
20190123,1845,27087,27105,27083,27091,404,0
20190123,1900,27091,27110,27091,27098,376,0
20190123,1915,27098,27117,27092,27099,376,0
20190123,1930,27099,27108,27088,27105,380,0
20190123,1945,27105,27126,27095,27118,439,0
20190123,2000,27118,27141,27118,27135,459,0
20190123,2015,27135,27154,27135,27138,672,0
20190123,2030,27138,27151,27134,27147,402,0
20190123,2045,27147,27151,27135,27145,260,0
20190123,2100,27145,27146,27133,27138,251,0
20190123,2115,27138,27163,27135,27143,611,0
20190123,2130,27143,27148,27119,27122,559,0
20190123,2145,27122,27130,27095,27102,571,0
20190123,2200,27102,27124,27097,27115,371,0
20190123,2215,27114,27138,27113,27121,369,0
20190123,2230,27121,27142,27098,27133,549,0
20190123,2245,27132,27143,27095,27121,1185,0
20190123,2300,27119,27148,27111,27116,759,0
20190123,2315,27116,27138,27103,27129,892,0
20190123,2330,27129,27139,27069,27073,1312,0
20190123,2345,27071,27075,27041,27043,1634,0
20190124,0000,27043,27066,27032,27053,645,0
20190124,0015,27053,27092,27046,27077,749,0
20190124,0030,27077,27081,27015,27036,880,0
20190124,0045,27035,27038,26987,26990,647,0
20190124,0100,26990,26993,26940,26945,907,0
20190124,0115,26947,26947,26947,26947,1,0
20190124,0915,27065,27065,27065,27065,0,0
20190124,0930,27061,27094,27045,27060,2717,0
20190124,0945,27050,27106,26958,27026,8754,0
20190124,1000,27024,27051,26962,26977,4856,0
20190124,1015,26977,26992,26916,26980,5757,0
20190124,1030,26982,26997,26931,26968,3288,0
20190124,1045,26968,27022,26873,26994,6336,0
20190124,1100,26995,27059,26984,27030,4213,0
20190124,1115,27032,27094,27028,27059,3674,0
20190124,1130,27060,27085,27045,27048,2486,0
20190124,1145,27043,27075,27043,27067,1216,0
20190124,1200,27067,27084,27055,27062,915,0
20190124,1215,27062,27062,27062,27062,0,0
20190124,1230,27062,27062,27062,27062,0,0
20190124,1245,27062,27062,27062,27062,0,0
20190124,1300,27062,27066,27062,27066,5,0
20190124,1315,27062,27069,27030,27044,1569,0
20190124,1330,27044,27098,27044,27061,2333,0
20190124,1345,27061,27088,27049,27074,1397,0
20190124,1400,27074,27121,27070,27110,2864,0
20190124,1415,27106,27132,27094,27116,1729,0
20190124,1430,27116,27117,27073,27113,1792,0
20190124,1445,27114,27131,27083,27096,1782,0
20190124,1500,27093,27116,27073,27090,1384,0
20190124,1515,27092,27108,27067,27104,1562,0
20190124,1530,27103,27103,27077,27099,949,0
20190124,1545,27099,27116,27085,27100,1234,0
20190124,1600,27100,27125,27092,27125,1148,0
20190124,1615,27125,27125,27065,27082,1772,0
20190124,1630,27079,27097,27072,27092,1127,0
20190124,1645,27092,27092,27092,27092,1,0
20190124,1700,27092,27092,27092,27092,0,0
20190124,1730,27145,27194,27145,27171,1640,0
20190124,1745,27172,27194,27171,27194,386,0
20190124,1800,27194,27223,27194,27215,857,0
20190124,1815,27215,27224,27192,27197,413,0
20190124,1830,27197,27201,27176,27191,456,0
20190124,1845,27190,27190,27144,27146,553,0
20190124,1900,27146,27169,27145,27158,402,0
20190124,1915,27158,27189,27153,27175,474,0
20190124,1930,27175,27183,27166,27168,180,0
20190124,1945,27168,27174,27156,27159,205,0
20190124,2000,27159,27168,27153,27165,219,0
20190124,2015,27167,27196,27167,27196,309,0
20190124,2030,27195,27201,27176,27182,393,0
20190124,2045,27182,27186,27166,27173,266,0
20190124,2100,27167,27192,27158,27179,393,0
20190124,2115,27179,27190,27173,27187,157,0
20190124,2130,27187,27192,27176,27191,213,0
20190124,2145,27191,27196,27107,27139,2097,0
20190124,2200,27136,27148,27105,27128,908,0
20190124,2215,27128,27157,27125,27157,473,0
20190124,2230,27158,27164,27135,27142,441,0
20190124,2245,27143,27197,27135,27151,1691,0
20190124,2300,27154,27177,27143,27158,1060,0
20190124,2315,27156,27194,27146,27193,639,0
20190124,2330,27193,27206,27173,27198,1255,0
20190124,2345,27199,27213,27183,27202,818,0
20190125,0000,27201,27217,27188,27205,789,0
20190125,0015,27202,27212,27175,27180,516,0
20190125,0030,27180,27209,27174,27201,416,0
20190125,0045,27201,27233,27185,27220,742,0
20190125,0100,27224,27261,27223,27250,939,0
20190125,0115,27250,27250,27250,27250,1,0
20190125,0915,27282,27282,27282,27282,0,0
20190125,0930,27290,27306,27217,27234,3944,0
20190125,0945,27236,27355,27210,27351,7874,0
20190125,1000,27353,27500,27350,27367,10104,0
20190125,1015,27366,27451,27360,27420,4913,0
20190125,1030,27426,27517,27416,27484,4869,0
20190125,1045,27485,27513,27467,27490,2468,0
20190125,1100,27492,27540,27460,27474,4036,0
20190125,1115,27476,27507,27446,27494,2589,0
20190125,1130,27497,27520,27485,27501,1674,0
20190125,1145,27502,27560,27502,27538,2257,0
20190125,1200,27539,27546,27504,27504,1253,0
20190125,1215,27504,27504,27504,27504,0,0
20190125,1230,27504,27504,27504,27504,0,0
20190125,1245,27504,27504,27504,27504,0,0
20190125,1300,27504,27504,27500,27500,19,0
20190125,1315,27500,27510,27464,27509,2113,0
20190125,1330,27508,27541,27508,27531,1763,0
20190125,1345,27530,27534,27494,27524,1391,0
20190125,1400,27517,27544,27504,27524,1376,0
20190125,1415,27524,27531,27510,27528,883,0
20190125,1430,27529,27549,27519,27520,1026,0
20190125,1445,27520,27536,27509,27530,1241,0
20190125,1500,27530,27539,27507,27521,1137,0
20190125,1515,27521,27533,27512,27519,770,0
20190125,1530,27519,27545,27515,27537,869,0
20190125,1545,27537,27558,27527,27556,1056,0
20190125,1600,27555,27590,27552,27577,2229,0
20190125,1615,27577,27604,27563,27580,2479,0
20190125,1630,27581,27617,27578,27606,1710,0
20190125,1645,27610,27610,27610,27610,5,0
20190125,1700,27610,27610,27610,27610,0,0
20190125,1730,27612,27637,27598,27629,953,0
20190125,1745,27629,27637,27621,27623,575,0
20190125,1800,27623,27625,27590,27597,729,0
20190125,1815,27598,27607,27592,27596,322,0
20190125,1830,27596,27608,27581,27605,315,0
20190125,1845,27605,27622,27600,27618,347,0
20190125,1900,27619,27628,27615,27618,185,0
20190125,1915,27620,27642,27619,27630,379,0
20190125,1930,27630,27639,27619,27623,351,0
20190125,1945,27623,27627,27605,27615,330,0
20190125,2000,27614,27625,27609,27610,363,0
20190125,2015,27610,27620,27598,27614,389,0
20190125,2030,27614,27628,27613,27621,272,0
20190125,2045,27621,27621,27606,27609,222,0
20190125,2100,27609,27619,27600,27616,224,0
20190125,2115,27616,27625,27611,27611,214,0
20190125,2130,27611,27622,27611,27615,290,0
20190125,2145,27615,27628,27611,27613,374,0
20190125,2200,27613,27632,27610,27627,363,0
20190125,2215,27625,27635,27620,27629,315,0
20190125,2230,27629,27636,27623,27633,308,0
20190125,2245,27635,27660,27618,27635,1834,0
20190125,2300,27635,27691,27634,27690,1452,0
20190125,2315,27690,27708,27683,27704,1220,0
20190125,2330,27707,27726,27686,27723,938,0
20190125,2345,27723,27769,27718,27768,1475,0
20190126,0000,27769,27770,27744,27768,708,0
20190126,0015,27766,27770,27740,27750,726,0
20190126,0030,27750,27760,27726,27756,726,0
20190126,0045,27756,27773,27739,27756,714,0
20190126,0100,27756,27798,27751,27790,794,0
20190126,0115,27790,27790,27790,27790,0,0
20190128,0915,27695,27695,27695,27695,0,0
20190128,0930,27685,27735,27636,27680,3931,0
20190128,0945,27679,27811,27675,27769,8292,0
20190128,1000,27777,27786,27702,27765,4558,0
20190128,1015,27760,27777,27728,27744,3947,0
20190128,1030,27745,27751,27665,27726,4615,0
20190128,1045,27729,27751,27681,27703,3022,0
20190128,1100,27702,27721,27676,27679,1985,0
20190128,1115,27678,27688,27608,27641,4430,0
20190128,1130,27636,27667,27612,27657,2254,0
20190128,1145,27657,27693,27651,27665,1564,0
20190128,1200,27665,27688,27651,27685,958,0
20190128,1215,27685,27685,27685,27685,1,0
20190128,1230,27685,27685,27685,27685,0,0
20190128,1245,27685,27685,27685,27685,0,0
20190128,1300,27685,27691,27685,27691,10,0
20190128,1315,27693,27704,27668,27672,1243,0
20190128,1330,27672,27691,27633,27647,1482,0
20190128,1345,27647,27652,27590,27602,2650,0
20190128,1400,27601,27602,27453,27505,6287,0
20190128,1415,27505,27624,27462,27586,4861,0
20190128,1430,27586,27592,27531,27540,2270,0
20190128,1445,27540,27575,27535,27545,1308,0
20190128,1500,27546,27558,27523,27555,1211,0
20190128,1515,27555,27591,27548,27579,1289,0
20190128,1530,27578,27587,27556,27574,790,0
20190128,1545,27574,27584,27541,27564,1107,0
20190128,1600,27565,27583,27558,27580,1102,0
20190128,1615,27583,27589,27554,27566,942,0
20190128,1630,27564,27586,27550,27563,835,0
20190128,1645,27563,27563,27563,27563,0,0
20190128,1700,27563,27563,27563,27563,0,0
20190128,1730,27576,27576,27544,27568,482,0
20190128,1745,27568,27591,27567,27587,337,0
20190128,1800,27587,27614,27586,27602,506,0
20190128,1815,27602,27620,27600,27602,337,0
20190128,1830,27602,27611,27591,27603,186,0
20190128,1845,27603,27610,27589,27593,209,0
20190128,1900,27593,27593,27573,27583,263,0
20190128,1915,27581,27597,27569,27588,231,0
20190128,1930,27588,27590,27575,27580,118,0
20190128,1945,27580,27584,27564,27570,245,0
20190128,2000,27570,27572,27552,27552,243,0
20190128,2015,27552,27573,27552,27564,302,0
20190128,2030,27564,27567,27552,27558,157,0
20190128,2045,27558,27558,27519,27527,676,0
20190128,2100,27527,27540,27522,27539,303,0
20190128,2115,27539,27546,27526,27530,205,0
20190128,2130,27530,27531,27501,27520,497,0
20190128,2145,27520,27527,27501,27520,457,0
20190128,2200,27520,27525,27509,27525,360,0
20190128,2215,27525,27531,27468,27477,1071,0
20190128,2230,27477,27489,27457,27474,650,0
20190128,2245,27474,27480,27416,27439,2149,0
20190128,2300,27439,27454,27362,27385,2191,0
20190128,2315,27386,27433,27363,27406,1848,0
20190128,2330,27403,27452,27385,27446,1229,0
20190128,2345,27446,27478,27438,27466,1094,0
20190129,0000,27466,27470,27440,27440,440,0
20190129,0015,27443,27453,27403,27451,709,0
20190129,0030,27450,27452,27411,27440,603,0
20190129,0045,27442,27456,27398,27402,553,0
20190129,0100,27402,27410,27376,27388,713,0
20190129,0115,27388,27388,27388,27388,0,0
20190129,0915,27350,27350,27350,27350,0,0
20190129,0930,27333,27474,27333,27467,4190,0
20190129,0945,27470,27508,27385,27433,7045,0
20190129,1000,27431,27517,27411,27472,3884,0
20190129,1015,27464,27477,27385,27403,3640,0
20190129,1030,27403,27422,27368,27377,2718,0
20190129,1045,27377,27410,27342,27406,2877,0
20190129,1100,27406,27444,27374,27388,2265,0
20190129,1115,27388,27434,27384,27417,1564,0
20190129,1130,27418,27452,27392,27442,1625,0
20190129,1145,27442,27462,27425,27432,1154,0
20190129,1200,27433,27451,27432,27436,547,0
20190129,1215,27439,27439,27439,27439,1,0
20190129,1230,27439,27439,27439,27439,0,0
20190129,1245,27439,27439,27439,27439,0,0
20190129,1300,27439,27452,27439,27452,14,0
20190129,1315,27455,27477,27437,27467,1330,0
20190129,1330,27467,27520,27443,27520,1532,0
20190129,1345,27521,27549,27501,27507,2308,0
20190129,1400,27506,27523,27486,27498,1481,0
20190129,1415,27503,27553,27498,27551,1233,0
20190129,1430,27554,27580,27536,27550,1687,0
20190129,1445,27547,27554,27517,27539,1064,0
20190129,1500,27542,27551,27521,27529,679,0
20190129,1515,27532,27543,27483,27512,1346,0
20190129,1530,27510,27527,27499,27515,624,0
20190129,1545,27518,27534,27511,27514,736,0
20190129,1600,27513,27534,27510,27534,550,0
20190129,1615,27536,27551,27510,27546,773,0
20190129,1630,27546,27579,27535,27567,865,0
20190129,1645,27567,27567,27567,27567,0,0
20190129,1700,27567,27567,27567,27567,0,0
20190129,1730,27617,27629,27594,27595,739,0
20190129,1745,27595,27617,27591,27604,293,0
20190129,1800,27604,27614,27596,27611,201,0
20190129,1815,27611,27634,27603,27628,246,0
20190129,1830,27630,27650,27630,27644,337,0
20190129,1845,27644,27657,27641,27650,222,0
20190129,1900,27649,27652,27636,27644,191,0
20190129,1915,27644,27644,27625,27629,182,0
20190129,1930,27629,27639,27619,27620,152,0
20190129,1945,27620,27633,27620,27629,158,0
20190129,2000,27629,27650,27625,27648,135,0
20190129,2015,27648,27666,27648,27655,351,0
20190129,2030,27655,27661,27634,27637,186,0
20190129,2045,27637,27640,27622,27632,155,0
20190129,2100,27632,27647,27630,27634,169,0
20190129,2115,27634,27640,27630,27632,128,0
20190129,2130,27632,27644,27630,27639,128,0
20190129,2145,27639,27645,27631,27635,85,0
20190129,2200,27635,27641,27632,27640,84,0
20190129,2215,27640,27645,27609,27622,348,0
20190129,2230,27626,27631,27616,27629,172,0
20190129,2245,27632,27642,27584,27612,775,0
20190129,2300,27612,27641,27599,27626,670,0
20190129,2315,27626,27659,27608,27610,557,0
20190129,2330,27610,27650,27597,27649,450,0
20190129,2345,27648,27657,27619,27626,270,0
20190130,0000,27626,27636,27563,27578,697,0
20190130,0015,27577,27593,27562,27589,365,0
20190130,0030,27589,27599,27577,27588,217,0
20190130,0045,27588,27624,27588,27623,251,0
20190130,0100,27622,27628,27594,27596,265,0
20190130,0115,27596,27596,27596,27596,0,0
20190130,0915,27555,27555,27555,27555,0,0
20190130,0930,27554,27572,27503,27509,1132,0
20190130,0945,27507,27507,27388,27403,1866,0
20190130,1000,27400,27484,27379,27458,1250,0
20190130,1015,27460,27536,27430,27527,1009,0
20190130,1030,27527,27536,27488,27531,449,0
20190130,1045,27529,27548,27490,27515,457,0
20190130,1100,27515,27525,27503,27513,175,0
20190130,1115,27513,27588,27504,27576,557,0
20190130,1130,27576,27610,27557,27581,472,0
20190130,1145,27583,27583,27565,27577,226,0
20190130,1200,27581,27591,27575,27588,187,0
20190130,1215,27588,27588,27588,27588,5,0
20190130,1230,27588,27588,27588,27588,0,0
20190130,1245,27588,27588,27588,27588,0,0
20190130,1300,27588,27598,27588,27598,5,0
20190130,1315,27608,27608,27568,27571,449,0
20190130,1330,27570,27575,27548,27548,315,0
20190130,1345,27548,27560,27545,27546,251,0
20190130,1400,27548,27554,27541,27550,214,0
20190130,1415,27550,27566,27550,27559,423,0
20190130,1430,27559,27563,27550,27561,276,0
20190130,1445,27561,27562,27553,27560,191,0
20190130,1500,27560,27563,27549,27552,206,0
20190130,1515,27552,27554,27547,27552,271,0
20190130,1530,27552,27555,27551,27551,65,0
20190130,1545,27551,27554,27551,27552,97,0
20190130,1600,27552,27552,27550,27552,168,0
20190130,1700,27552,27552,27552,27552,0,0
