20190102,1500,25060,25060,25060,25060,0,0
20190102,1600,25031,25039,25031,25039,1588,0
20190102,1615,25039,25039,25039,25039,250,0
20190102,1630,25039,25039,24964,24970,165,0
20190102,1645,24970,24970,24970,24970,0,0
20190102,1700,24970,24970,24970,24970,0,0
20190102,2130,25085,25085,25085,25085,0,0
20190102,2145,25085,25085,25061,25061,1,0
20190102,2200,25061,25061,25061,25061,3,0
20190102,2215,25061,25072,25052,25072,4,0
20190102,2230,25072,25072,25072,25072,0,0
20190103,0930,24990,24990,24967,24967,29,0
20190103,0945,24967,25030,24943,25017,18,0
20190103,1000,25017,25115,25017,25115,5,0
20190103,1015,25115,25196,25115,25173,24,0
20190103,1030,25173,25173,25107,25129,52,0
20190103,1045,25129,25129,25129,25129,0,0
20190103,1245,24985,24985,24985,24985,105,0
20190103,1300,24985,24985,24985,24985,0,0
20190103,1315,24985,25011,24908,24908,243,0
20190103,1330,24908,24917,24886,24889,39,0
20190103,1345,24889,24916,24889,24901,34,0
20190103,1415,24890,24900,24890,24890,59,0
20190103,1430,24890,24890,24850,24871,11,0
20190103,1445,24871,24989,24871,24964,102,0
20190103,1500,24964,25000,24964,25000,98,0
20190103,1515,25000,25038,25000,25038,2,0
20190103,1530,25038,25043,25010,25043,6,0
20190103,1545,25043,25043,25009,25025,12,0
20190111,1445,26633,26633,26633,26633,1,0
20190111,1500,26607,26607,26607,26607,1,0
20190111,1515,26607,26642,26607,26639,27,0
20190111,1530,26639,26642,26639,26642,11,0
20190111,1545,26642,26642,26628,26628,1,0
20190111,1600,26628,26638,26624,26638,24,0
20190111,1615,26638,26638,26638,26638,0,0
20190111,1630,26617,26624,26609,26624,33,0
20190111,1645,26624,26624,26624,26624,0,0
20190111,1715,26686,26686,26325,26325,0,0
20190111,1730,26675,26684,26672,26682,0,0
20190111,1745,26677,26683,26677,26683,2,0
20190111,1800,26683,26685,26657,26657,0,0
20190111,1815,26667,26667,26663,26663,1,0
20190111,1830,26656,26658,26645,26647,0,0
20190111,1845,26638,26638,26620,26620,1,0
20190111,1900,26620,26620,26620,26620,0,0
20190111,1915,26620,26620,26620,26620,0,0
20190111,1930,26620,26620,26620,26620,0,0
20190111,1945,26620,26620,26620,26620,0,0
20190111,2000,26620,26620,26620,26620,0,0
20190111,2015,26620,26620,26620,26620,0,0
20190111,2030,26620,26620,26620,26620,0,0
20190111,2045,26620,26620,26620,26620,0,0
20190111,2100,26620,26620,26620,26620,0,0
20190111,2115,26620,26620,26548,26548,2,0
20190111,2130,26548,26548,26548,26548,0,0
20190111,2145,26548,26562,26518,26518,2,0
20190111,2200,26518,26518,26518,26518,0,0
20190111,2215,26518,26552,26518,26552,1,0
20190111,2230,26552,26552,26552,26552,0,0
20190111,2245,26552,26552,26515,26515,1,0
20190111,2300,26515,26540,26515,26534,8,0
20190111,2315,26534,26534,26534,26534,0,0
20190111,2330,26534,26534,26534,26534,0,0
20190111,2345,26534,26534,26534,26534,0,0
20190112,0000,26534,26534,26534,26534,0,0
20190112,0015,26534,26534,26534,26534,0,0
20190112,0030,26534,26534,26534,26534,0,0
20190112,0045,26534,26534,26534,26534,0,0
20190112,0100,26534,26534,26534,26534,0,0
20190112,0115,26534,26534,26534,26534,0,0
20190112,0230,26534,26534,26534,26534,0,0
20190114,0930,26517,26519,26487,26519,7,0
20190114,0945,26526,26538,26417,26417,36,0
20190114,1000,26417,26417,26260,26290,11,0
20190114,1015,26290,26299,26250,26293,24,0
20190114,1030,26280,26291,26236,26250,19,0
20190114,1045,26250,26270,26211,26226,11,0
20190114,1100,26226,26251,26223,26232,34,0
20190114,1115,26232,26232,26130,26157,53,0
20190114,1130,26157,26181,26135,26181,109,0
20190114,1145,26181,26250,26177,26240,33,0
20190114,1200,26240,26264,26235,26256,8,0
20190114,1215,26256,26256,26256,26256,0,0
20190114,1245,26256,26256,26256,26256,0,0
20190114,1300,26256,26256,26256,26256,0,0
20190114,1315,26256,26256,26229,26250,9,0
20190114,1330,26250,26259,26224,26235,11,0
20190114,1345,26235,26235,26190,26196,22,0
20190114,1400,26196,26196,26189,26196,6,0
20190114,1415,26196,26231,26196,26214,9,0
20190114,1430,26214,26220,26200,26202,13,0
20190114,1445,26202,26202,26192,26192,12,0
20190114,1500,26192,26219,26192,26211,5,0
20190114,1515,26211,26232,26211,26225,8,0
20190114,1530,26225,26225,26201,26216,8,0
20190114,1545,26210,26247,26210,26210,15,0
20190114,1600,26210,26210,26199,26199,2,0
20190114,1615,26199,26262,26199,26262,66,0
20190114,1630,26262,26267,26257,26257,30,0
20190114,1645,26257,26257,26257,26257,0,0
20190114,1730,26275,26298,26275,26298,1,0
20190114,1745,26298,26298,26282,26282,1,0
20190114,1800,26282,26282,26267,26267,1,0
20190114,1815,26267,26267,26267,26267,0,0
20190114,1830,26267,26267,26225,26225,1,0
20190114,1845,26225,26225,26225,26225,0,0
20190114,1900,26225,26233,26225,26233,1,0
20190114,1915,26233,26233,26233,26233,0,0
20190114,1930,26233,26233,26233,26233,0,0
20190114,1945,26233,26244,26233,26243,2,0
20190114,2000,26243,26243,26230,26233,2,0
20190114,2015,26233,26233,26233,26233,0,0
20190114,2030,26233,26246,26233,26246,1,0
20190114,2045,26246,26246,26246,26246,0,0
20190114,2100,26246,26246,26246,26246,0,0
20190114,2115,26246,26246,26246,26246,0,0
20190114,2130,26246,26246,26246,26246,0,0
20190114,2145,26246,26246,26246,26246,0,0
20190114,2200,26246,26273,26246,26273,1,0
20190114,2215,26273,26273,26273,26273,0,0
20190114,2230,26273,26273,26273,26273,0,0
20190114,2245,26273,26308,26250,26308,6,0
20190114,2300,26308,26310,26284,26310,2,0
20190114,2315,26310,26352,26310,26352,7,0
20190114,2330,26352,26355,26350,26355,19,0
20190114,2345,26355,26355,26355,26355,1,0
20190115,0000,26355,26355,26355,26355,0,0
20190115,0015,26355,26355,26347,26347,2,0
20190115,0030,26347,26347,26347,26347,0,0
20190115,0045,26347,26347,26347,26347,0,0
20190115,0100,26347,26400,26347,26400,1,0
20190115,0930,26488,26525,26457,26461,25,0
20190115,0945,26461,26534,26411,26533,26,0
20190115,1000,26533,26555,26457,26457,10,0
20190115,1015,26457,26620,26457,26612,61,0
20190115,1030,26612,26670,26612,26657,95,0
20190115,1045,26657,26682,26618,26618,46,0
20190115,1100,26618,26690,26618,26690,60,0
20190115,1115,26690,26819,26690,26766,85,0
20190115,1130,26776,26812,26759,26804,97,0
20190115,1145,26804,26810,26745,26745,22,0
20190115,1200,26748,26755,26707,26718,129,0
20190115,1215,26718,26718,26718,26718,0,0
20190115,1245,26718,26718,26718,26718,0,0
20190115,1300,26718,26718,26718,26718,0,0
20190115,1315,26718,26719,26683,26683,24,0
20190115,1330,26683,26725,26681,26685,20,0
20190115,1345,26685,26686,26659,26685,10,0
20190115,1400,26685,26755,26685,26738,110,0
20190115,1415,26738,26773,26738,26764,15,0
20190115,1430,26764,26785,26759,26765,80,0
20190115,1445,26765,26771,26765,26771,26,0
20190115,1500,26771,26798,26771,26790,15,0
20190115,1515,26790,26790,26745,26746,29,0
20190115,1530,26746,26762,26735,26762,19,0
20190115,1545,26762,26762,26747,26749,5,0
20190115,1600,26749,26763,26742,26762,8,0
20190115,1615,26762,26777,26758,26777,341,0
20190115,1630,26777,26777,26709,26709,16,0
20190115,1645,26709,26709,26709,26709,0,0
20190115,1730,26668,26668,26660,26668,3,0
20190115,1745,26668,26697,26668,26697,4,0
20190115,1800,26697,26697,26660,26660,1,0
20190115,1815,26660,26668,26660,26668,1,0
20190115,1830,26668,26668,26668,26668,0,0
20190115,1845,26668,26668,26660,26663,2,0
20190115,1900,26663,26681,26663,26681,1,0
20190115,1915,26681,26681,26681,26681,0,0
20190115,1930,26681,26681,26648,26648,2,0
20190115,1945,26648,26648,26648,26648,0,0
20190115,2000,26648,26648,26571,26588,7,0
20190115,2015,26588,26588,26588,26588,0,0
20190115,2030,26588,26588,26588,26588,0,0
20190115,2045,26588,26588,26560,26560,6,0
20190115,2100,26560,26560,26560,26560,0,0
20190115,2115,26560,26560,26560,26560,0,0
20190115,2130,26560,26600,26560,26575,18,0
20190115,2145,26575,26575,26571,26571,5,0
20190115,2200,26571,26603,26571,26603,4,0
20190115,2215,26603,26603,26603,26603,0,0
20190115,2230,26603,26603,26603,26603,0,0
20190115,2245,26603,26676,26603,26676,42,0
20190115,2300,26676,26683,26676,26683,2,0
20190115,2315,26683,26712,26683,26712,1,0
20190115,2330,26712,26712,26606,26606,1,0
20190115,2345,26606,26606,26606,26606,0,0
20190116,0000,26606,26606,26606,26606,0,0
20190116,0015,26606,26661,26606,26661,1,0
20190116,0030,26661,26661,26606,26606,1,0
20190116,0045,26606,26606,26606,26606,0,0
20190116,0100,26606,26606,26606,26606,0,0
20190116,0930,26640,26665,26602,26610,25,0
20190116,0945,26610,26610,26518,26539,38,0
20190116,1000,26539,26706,26539,26706,33,0
20190116,1015,26706,26707,26648,26659,11,0
20190116,1030,26659,26790,26658,26763,21,0
20190116,1045,26763,26805,26705,26716,85,0
20190116,1100,26716,26748,26697,26748,5,0
20190116,1115,26748,26786,26748,26786,2,0
20190116,1130,26786,26800,26779,26779,4,0
20190116,1145,26779,26779,26742,26742,4,0
20190116,1200,26742,26742,26742,26742,1,0
20190116,1215,26742,26742,26742,26742,0,0
20190116,1245,26742,26742,26742,26742,0,0
20190116,1300,26742,26742,26742,26742,0,0
20190116,1315,26742,26803,26742,26800,8,0
20190116,1330,26800,26800,26800,26800,0,0
20190116,1345,26800,26800,26731,26774,11,0
20190116,1400,26774,26870,26774,26870,36,0
20190116,1415,26870,26870,26834,26834,5,0
20190116,1430,26834,26868,26834,26867,16,0
20190116,1445,26867,26880,26846,26846,31,0
20190116,1500,26842,26861,26842,26857,18,0
20190116,1515,26857,26890,26857,26869,11,0
20190116,1530,26869,26869,26850,26855,31,0
20190116,1545,26855,26855,26790,26805,11,0
20190116,1600,26805,26805,26805,26805,0,0
20190116,1615,26805,26879,26805,26859,128,0
20190116,1630,26859,26859,26819,26819,29,0
20190116,1645,26819,26819,26819,26819,0,0
20190116,1745,26786,26786,26786,26786,0,0
20190116,1800,26786,26786,26786,26786,1,0
20190116,1815,26786,26786,26786,26786,0,0
20190116,1830,26786,26786,26786,26786,0,0
20190116,1845,26786,26803,26786,26803,1,0
20190116,1900,26803,26803,26778,26778,2,0
20190116,1915,26778,26778,26758,26758,1,0
20190116,1930,26758,26760,26758,26760,1,0
20190116,1945,26760,26760,26760,26760,0,0
20190116,2000,26760,26763,26760,26763,1,0
20190116,2015,26763,26763,26763,26763,0,0
20190116,2030,26763,26763,26745,26763,21,0
20190116,2045,26763,26788,26763,26788,1,0
20190116,2100,26788,26788,26788,26788,0,0
20190116,2115,26788,26788,26788,26788,0,0
20190116,2130,26788,26788,26788,26788,0,0
20190116,2145,26788,26788,26788,26788,0,0
20190116,2200,26788,26790,26788,26790,3,0
20190116,2215,26790,26822,26790,26822,2,0
20190116,2230,26822,26822,26822,26822,0,0
20190116,2245,26822,26885,26820,26885,18,0
20190116,2300,26885,26891,26885,26887,5,0
20190116,2315,26887,26929,26887,26914,3,0
20190116,2330,26914,26914,26891,26895,8,0
20190116,2345,26895,26895,26872,26872,3,0
20190117,0000,26872,26910,26872,26910,1,0
20190117,0015,26910,26934,26892,26934,2,0
20190117,0030,26934,26938,26934,26938,1,0
20190117,0045,26938,26953,26932,26932,6,0
20190117,0100,26932,26954,26932,26954,4,0
20190117,0930,26915,26930,26800,26800,46,0
20190117,0945,26805,26805,26626,26671,176,0
20190117,1000,26671,26746,26660,26744,48,0
20190117,1015,26744,26810,26682,26709,23,0
20190117,1030,26709,26802,26709,26800,13,0
20190117,1045,26800,26848,26800,26804,23,0
20190117,1100,26804,26983,26804,26965,59,0
20190117,1115,26965,26965,26882,26899,29,0
20190117,1130,26899,26955,26899,26953,27,0
20190117,1145,26953,26953,26897,26925,10,0
20190117,1200,26925,26968,26925,26960,9,0
20190117,1215,26960,26960,26960,26960,0,0
20190117,1245,26960,26960,26960,26960,0,0
20190117,1300,26960,26960,26960,26960,0,0
20190117,1315,26950,26950,26890,26890,16,0
20190117,1330,26890,26896,26820,26839,20,0
20190117,1345,26839,26892,26839,26855,30,0
20190117,1400,26855,26912,26855,26897,32,0
20190117,1415,26897,26904,26871,26883,8,0
20190117,1430,26883,26883,26790,26818,112,0
20190117,1445,26818,26829,26707,26707,54,0
20190117,1500,26707,26740,26673,26700,45,0
20190117,1515,26700,26773,26700,26770,127,0
20190117,1530,26770,26770,26724,26729,4,0
20190117,1545,26729,26731,26700,26710,16,0
20190117,1600,26710,26716,26689,26690,14,0
20190117,1615,26690,26750,26690,26750,195,0
20190117,1630,26750,26750,26717,26739,23,0
20190117,1645,26739,26739,26739,26739,0,0
20190117,1700,26739,26739,26739,26739,0,0
20190117,1800,26734,26734,26734,26734,0,0
20190117,1815,26734,26754,26734,26754,5,0
20190117,1830,26754,26754,26754,26754,0,0
20190117,1845,26754,26754,26754,26754,0,0
20190117,1900,26754,26754,26754,26754,0,0
20190117,1915,26754,26754,26754,26754,0,0
20190117,1930,26754,26754,26754,26754,0,0
20190117,1945,26754,26800,26754,26800,1,0
20190117,2000,26800,26800,26800,26800,0,0
20190117,2015,26800,26800,26778,26778,1,0
20190117,2030,26778,26778,26757,26757,9,0
20190117,2045,26757,26757,26754,26754,1,0
20190117,2100,26754,26754,26754,26754,0,0
20190117,2115,26754,26754,26750,26750,1,0
20190117,2130,26750,26750,26750,26750,0,0
20190117,2145,26750,26774,26750,26774,2,0
20190117,2200,26774,26774,26768,26768,2,0
20190117,2215,26768,26768,26767,26767,2,0
20190117,2230,26767,26767,26752,26752,1,0
20190117,2245,26752,26808,26752,26808,2,0
20190117,2300,26808,26808,26800,26800,1,0
20190117,2315,26800,26800,26800,26800,0,0
20190117,2330,26800,26843,26800,26843,2,0
20190117,2345,26843,26845,26843,26845,1,0
20190118,0000,26845,26845,26823,26823,1,0
20190118,0015,26823,26869,26823,26869,21,0
20190118,0030,26869,26869,26869,26869,0,0
20190118,0045,26869,26869,26869,26869,0,0
20190118,0100,26869,26869,26847,26847,2,0
20190118,0930,26973,27023,26945,26990,53,0
20190118,0945,26990,27072,26888,27045,571,0
20190118,1000,27045,27100,27009,27077,601,0
20190118,1015,27077,27086,27000,27000,185,0
20190118,1030,27000,27007,27000,27007,52,0
20190118,1045,27007,27012,26911,26920,115,0
20190118,1100,26920,26981,26920,26967,21,0
20190118,1115,26967,27050,26967,27050,147,0
20190118,1130,27050,27050,27027,27027,8,0
20190118,1145,27027,27027,26991,27000,3,0
20190118,1200,27000,27001,26997,27001,438,0
20190118,1215,27001,27001,27001,27001,0,0
20190118,1245,27001,27001,27001,27001,0,0
20190118,1300,27001,27001,27001,27001,0,0
20190118,1315,27001,27008,26990,27008,11,0
20190118,1330,27008,27008,27008,27008,230,0
20190118,1345,27008,27008,27003,27003,275,0
20190118,1400,27003,27045,27003,27045,13,0
20190118,1415,27045,27068,27030,27042,12,0
20190118,1430,27042,27059,27030,27030,4,0
20190118,1445,27030,27072,27030,27066,12,0
20190118,1500,27066,27066,27059,27059,1,0
20190118,1515,27059,27059,27021,27026,3,0
20190118,1530,27026,27026,27026,27026,2,0
20190118,1545,27026,27039,27026,27030,305,0
20190118,1600,27030,27059,27030,27059,36,0
20190118,1615,27059,27059,27032,27032,1,0
20190118,1630,27044,27070,27044,27060,66,0
20190118,1645,27060,27060,27060,27060,0,0
20190118,1700,27060,27060,27060,27060,0,0
20190118,1800,27057,27060,27057,27060,1,0
20190118,1815,27082,27094,27082,27094,3,0
20190118,1830,27094,27094,27094,27094,0,0
20190118,1845,27094,27094,27060,27060,1,0
20190118,1900,27060,27067,27060,27067,1,0
20190118,1915,27067,27084,27067,27084,2,0
20190118,1930,27084,27102,27084,27102,2,0
20190118,1945,27102,27111,27100,27108,6,0
20190118,2000,27108,27130,27108,27130,12,0
20190118,2015,27130,27143,27120,27136,9,0
20190118,2030,27136,27136,27120,27120,1,0
20190118,2045,27120,27120,27120,27120,0,0
20190118,2100,27120,27131,27120,27124,4,0
20190118,2115,27131,27131,27131,27131,1,0
20190118,2130,27131,27131,27131,27131,0,0
20190118,2145,27131,27137,27131,27137,1,0
20190118,2200,27137,27137,27130,27130,1,0
20190118,2215,27130,27167,27130,27159,4,0
20190118,2230,27159,27198,27159,27198,33,0
20190118,2245,27198,27205,27180,27180,69,0
20190118,2300,27180,27199,27180,27199,20,0
20190118,2315,27199,27199,27155,27166,3,0
20190118,2330,27166,27280,27166,27242,36,0
20190118,2345,27242,27242,27203,27203,4,0
20190119,0000,27203,27264,27203,27244,4,0
20190119,0015,27244,27277,27244,27270,10,0
20190119,0030,27270,27274,27239,27274,6,0
20190119,0045,27274,27280,27270,27280,4,0
20190119,0100,27280,27320,27280,27320,20,0
20190121,0930,27175,27175,26975,27049,173,0
20190121,0945,27054,27155,27042,27155,131,0
20190121,1000,27155,27158,27055,27055,29,0
20190121,1015,27055,27300,27055,27249,244,0
20190121,1030,27249,27249,27139,27167,413,0
20190121,1045,27167,27203,27159,27203,17,0
20190121,1100,27203,27250,27185,27203,166,0
20190121,1115,27203,27208,27128,27141,218,0
20190121,1130,27141,27141,27075,27111,28,0
20190121,1145,27111,27150,27111,27150,8,0
20190121,1200,27150,27150,27150,27150,0,0
20190121,1215,27150,27150,27150,27150,0,0
20190121,1245,27150,27150,27150,27150,0,0
20190121,1300,27150,27150,27150,27150,0,0
20190121,1315,27160,27176,27127,27157,33,0
20190121,1330,27157,27185,27157,27177,9,0
20190121,1345,27177,27177,27100,27113,18,0
20190121,1400,27113,27122,27113,27116,18,0
20190121,1415,27116,27116,27077,27116,55,0
20190121,1430,27116,27138,27116,27138,24,0
20190121,1445,27138,27165,27136,27142,211,0
20190121,1500,27142,27166,27142,27166,101,0
20190121,1515,27166,27166,27132,27132,3,0
20190121,1530,27132,27138,27119,27119,8,0
20190121,1545,27119,27151,27119,27140,3,0
20190121,1600,27140,27160,27140,27160,8,0
20190121,1615,27160,27180,27134,27134,102,0
20190121,1630,27134,27194,27134,27194,98,0
20190121,1645,27194,27194,27194,27194,0,0
20190121,1700,27194,27194,27194,27194,0,0
20190121,1745,27150,27150,27150,27150,0,0
20190121,1800,27150,27150,27150,27150,0,0
20190121,1815,27150,27150,27138,27141,3,0
20190121,1830,27141,27167,27141,27164,3,0
20190121,1845,27164,27198,27164,27198,5,0
20190121,1900,27198,27211,27198,27201,4,0
20190121,1915,27201,27201,27197,27197,1,0
20190121,1930,27197,27198,27197,27198,1,0
20190121,1945,27198,27198,27177,27185,3,0
20190121,2000,27185,27185,27185,27185,0,0
20190121,2015,27185,27185,27185,27185,0,0
20190121,2030,27185,27185,27185,27185,0,0
20190121,2045,27185,27185,27169,27169,4,0
20190121,2100,27169,27169,27169,27169,0,0
20190121,2115,27169,27169,27169,27169,0,0
20190121,2130,27169,27169,27163,27163,1,0
20190121,2145,27163,27163,27163,27163,0,0
20190121,2200,27163,27180,27163,27180,5,0
20190121,2215,27180,27180,27180,27180,0,0
20190121,2230,27180,27180,27171,27171,1,0
20190121,2245,27171,27171,27169,27169,2,0
20190121,2300,27169,27169,27169,27169,0,0
20190121,2315,27169,27184,27168,27184,4,0
20190121,2330,27184,27184,27166,27175,5,0
20190121,2345,27175,27175,27175,27175,0,0
20190122,0000,27175,27177,27174,27177,4,0
20190122,0015,27177,27177,27172,27172,1,0
20190122,0030,27172,27172,27172,27172,0,0
20190122,0045,27172,27178,27172,27178,1,0
20190122,0100,27178,27206,27178,27206,3,0
20190122,0930,27105,27224,27083,27210,132,0
20190122,0945,27210,27210,27050,27077,112,0
20190122,1000,27077,27108,27018,27068,199,0
20190122,1015,27068,27087,27030,27041,41,0
20190122,1030,27041,27064,27022,27054,23,0
20190122,1045,27054,27078,26956,26969,124,0
20190122,1100,26979,26992,26947,26951,34,0
20190122,1115,26951,27013,26936,27013,537,0
20190122,1130,27013,27013,26965,26965,3,0
20190122,1145,26965,26965,26898,26898,18,0
20190122,1200,26898,26910,26850,26869,75,0
20190122,1215,26869,26869,26869,26869,0,0
20190122,1245,26869,26869,26869,26869,0,0
20190122,1300,26869,26869,26869,26869,0,0
20190122,1315,26870,26870,26800,26833,76,0
20190122,1330,26833,26850,26805,26850,49,0
20190122,1345,26850,26850,26800,26805,922,0
20190122,1400,26805,26845,26805,26830,22,0
20190122,1415,26830,26848,26798,26816,53,0
20190122,1430,26816,26850,26816,26837,44,0
20190122,1445,26837,26837,26818,26827,30,0
20190122,1500,26827,26872,26827,26866,60,0
20190122,1515,26876,26910,26870,26886,78,0
20190122,1530,26886,26905,26886,26900,306,0
20190122,1545,26900,26900,26881,26888,5,0
20190122,1600,26888,26909,26888,26900,15,0
20190122,1615,26900,26951,26900,26938,155,0
20190122,1630,26938,26953,26926,26953,153,0
20190122,1645,26953,26953,26953,26953,0,0
20190122,1700,26953,26953,26953,26953,0,0
20190122,1730,26953,26982,26953,26971,20,0
20190122,1745,26971,26978,26971,26978,2,0
20190122,1800,26978,26978,26978,26978,0,0
20190122,1815,26978,26978,26963,26963,6,0
20190122,1830,26963,26963,26944,26944,1,0
20190122,1845,26944,26944,26900,26907,16,0
20190122,1900,26907,26907,26907,26907,0,0
20190122,1915,26907,26907,26879,26879,3,0
20190122,1930,26879,26879,26848,26848,26,0
20190122,1945,26848,26855,26846,26846,5,0
20190122,2000,26846,26860,26846,26860,4,0
20190122,2015,26860,26900,26860,26900,7,0
20190122,2030,26900,26900,26900,26900,0,0
20190122,2045,26900,26935,26900,26935,4,0
20190122,2100,26935,26935,26935,26935,0,0
20190122,2115,26935,26935,26922,26922,1,0
20190122,2130,26922,26922,26909,26909,6,0
20190122,2145,26909,26909,26886,26886,2,0
20190122,2200,26886,26886,26886,26886,0,0
20190122,2215,26886,26891,26886,26888,2,0
20190122,2230,26888,26888,26869,26869,12,0
20190122,2245,26869,26933,26869,26933,7,0
20190122,2300,26933,26948,26905,26948,6,0
20190122,2315,26948,26948,26850,26877,10,0
20190122,2330,26877,26894,26877,26894,4,0
20190122,2345,26894,26913,26894,26910,6,0
20190123,0000,26910,26910,26885,26885,7,0
20190123,0015,26885,26902,26881,26887,44,0
20190123,0030,26887,26915,26887,26915,4,0
20190123,0045,26915,26915,26892,26892,4,0
20190123,0100,26925,26925,26843,26843,8,0
20190123,0930,26853,26890,26830,26886,180,0
20190123,0945,26877,27044,26877,27044,444,0
20190123,1000,27061,27100,27041,27056,101,0
20190123,1015,27054,27070,26938,26989,241,0
20190123,1030,26989,27085,26989,27056,42,0
20190123,1045,27056,27110,27020,27070,59,0
20190123,1100,27070,27110,27020,27020,246,0
20190123,1115,27020,27085,27014,27027,34,0
20190123,1130,27027,27077,27020,27026,693,0
20190123,1145,27026,27026,26991,27015,104,0
20190123,1200,27015,27019,26987,26987,42,0
20190123,1215,26986,26986,26986,26986,1,0
20190123,1245,26986,26986,26986,26986,0,0
20190123,1300,26986,26986,26986,26986,0,0
20190123,1315,26986,26986,26948,26963,116,0
20190123,1330,26963,26968,26941,26962,14,0
20190123,1345,26962,26972,26943,26959,12,0
20190123,1400,26959,26962,26925,26943,22,0
20190123,1415,26943,26970,26943,26951,20,0
20190123,1430,26951,26989,26951,26989,45,0
20190123,1445,26989,27014,26989,27006,34,0
20190123,1500,27006,27006,26985,26989,59,0
20190123,1515,26989,26994,26939,26941,107,0
20190123,1530,26941,26943,26900,26900,69,0
20190123,1545,26900,26950,26893,26950,179,0
20190123,1600,26950,26965,26948,26954,66,0
20190123,1615,26954,26954,26920,26920,39,0
20190123,1630,26920,26970,26920,26942,42,0
20190123,1645,26942,26942,26942,26942,0,0
20190123,1715,26942,26942,26942,26942,0,0
20190123,1730,26995,27000,26981,27000,141,0
20190123,1745,27000,27000,27000,27000,1,0
20190123,1800,27000,27038,27000,27038,4,0
20190123,1815,27038,27038,27031,27031,6,0
20190123,1830,27031,27050,27031,27050,41,0
20190123,1845,27050,27054,27050,27054,10,0
20190123,1900,27054,27054,27049,27049,1,0
20190123,1915,27049,27059,27049,27053,17,0
20190123,1930,27053,27053,27050,27052,23,0
20190123,1945,27052,27070,27052,27070,3,0
20190123,2000,27070,27094,27070,27094,7,0
20190123,2015,27094,27102,27090,27090,25,0
20190123,2030,27090,27097,27090,27097,10,0
20190123,2045,27097,27097,27089,27089,13,0
20190123,2100,27089,27093,27087,27089,23,0
20190123,2115,27089,27112,27089,27112,55,0
20190123,2130,27112,27112,27074,27074,2,0
20190123,2145,27074,27080,27055,27055,34,0
20190123,2200,27055,27070,27055,27066,2,0
20190123,2215,27066,27082,27066,27075,11,0
20190123,2230,27075,27090,27057,27088,30,0
20190123,2245,27088,27095,27048,27073,9,0
20190123,2300,27073,27098,27067,27067,41,0
20190123,2315,27067,27092,27057,27080,17,0
20190123,2330,27080,27086,27030,27030,13,0
20190123,2345,27030,27030,27002,27021,17,0
20190124,0000,27021,27021,26992,26998,9,0
20190124,0015,26998,27043,26998,27043,11,0
20190124,0030,27043,27043,26972,26988,13,0
20190124,0045,26988,26988,26943,26943,15,0
20190124,0100,26943,26943,26897,26902,32,0
20190124,0930,27017,27047,27004,27017,338,0
20190124,0945,27004,27060,26914,26942,370,0
20190124,1000,26984,27006,26917,26929,160,0
20190124,1015,26929,26941,26869,26933,1089,0
20190124,1030,26933,26947,26884,26920,401,0
20190124,1045,26920,26973,26826,26956,305,0
20190124,1100,26956,27013,26944,26984,452,0
20190124,1115,26984,27044,26984,27012,209,0
20190124,1130,27012,27032,26999,27003,673,0
20190124,1145,27003,27026,26995,27018,215,0
20190124,1200,27018,27034,27009,27019,244,0
20190124,1215,27019,27019,27019,27019,0,0
20190124,1245,27019,27019,27019,27019,0,0
20190124,1300,27019,27019,27019,27019,0,0
20190124,1315,27019,27019,26988,26988,573,0
20190124,1330,26988,27050,26988,27016,382,0
20190124,1345,27016,27041,27015,27031,212,0
20190124,1400,27031,27080,27029,27059,233,0
20190124,1415,27062,27088,27052,27074,336,0
20190124,1430,27074,27074,27034,27058,418,0
20190124,1445,27058,27082,27040,27051,206,0
20190124,1500,27051,27068,27030,27046,213,0
20190124,1515,27046,27061,27028,27061,192,0
20190124,1530,27061,27061,27035,27057,184,0
20190124,1545,27057,27068,27042,27062,344,0
20190124,1600,27062,27077,27052,27073,904,0
20190124,1615,27073,27073,27020,27035,181,0
20190124,1630,27035,27050,27026,27050,265,0
20190124,1645,27050,27050,27050,27050,0,0
20190124,1700,27050,27050,27050,27050,0,0
20190124,1730,27100,27145,27098,27135,122,0
20190124,1745,27135,27149,27135,27149,15,0
20190124,1800,27149,27177,27149,27169,73,0
20190124,1815,27169,27177,27150,27151,35,0
20190124,1830,27151,27153,27133,27145,10,0
20190124,1845,27145,27145,27100,27100,22,0
20190124,1900,27100,27124,27100,27124,3,0
20190124,1915,27124,27130,27124,27130,1,0
20190124,1930,27130,27136,27130,27136,3,0
20190124,1945,27136,27136,27121,27121,11,0
20190124,2000,27121,27124,27121,27124,2,0
20190124,2015,27124,27151,27124,27151,43,0
20190124,2030,27151,27158,27134,27138,66,0
20190124,2045,27138,27138,27130,27130,32,0
20190124,2100,27124,27136,27114,27136,7,0
20190124,2115,27136,27140,27136,27140,1,0
20190124,2130,27140,27145,27140,27145,4,0
20190124,2145,27145,27145,27073,27093,122,0
20190124,2200,27093,27093,27060,27080,4,0
20190124,2215,27080,27109,27080,27109,6,0
20190124,2230,27109,27109,27101,27101,255,0
20190124,2245,27101,27150,27094,27101,133,0
20190124,2300,27106,27125,27106,27113,71,0
20190124,2315,27113,27129,27110,27129,122,0
20190124,2330,27129,27155,27129,27155,72,0
20190124,2345,27155,27165,27145,27159,7,0
20190125,0000,27159,27170,27145,27159,167,0
20190125,0015,27159,27167,27132,27133,29,0
20190125,0030,27133,27161,27133,27157,31,0
20190125,0045,27157,27185,27146,27175,40,0
20190125,0100,27175,27222,27175,27222,47,0
20190125,0930,27260,27260,27175,27189,3752,0
20190125,0945,27190,27309,27165,27303,3301,0
20190125,1000,27304,27452,27304,27325,894,0
20190125,1015,27325,27410,27314,27370,495,0
20190125,1030,27370,27474,27370,27430,1934,0
20190125,1045,27430,27463,27425,27445,2284,0
20190125,1100,27445,27489,27414,27428,876,0
20190125,1115,27428,27459,27399,27456,528,0
20190125,1130,27452,27472,27442,27453,596,0
20190125,1145,27453,27515,27453,27491,369,0
20190125,1200,27492,27498,27460,27460,1954,0
20190125,1215,27460,27460,27460,27460,0,0
20190125,1245,27460,27460,27460,27460,0,0
20190125,1300,27460,27460,27460,27460,0,0
20190125,1315,27455,27465,27420,27459,1620,0
20190125,1330,27465,27496,27462,27480,3091,0
20190125,1345,27480,27488,27451,27480,568,0
20190125,1400,27471,27500,27462,27479,952,0
20190125,1415,27479,27485,27466,27481,336,0
20190125,1430,27481,27503,27478,27478,734,0
20190125,1445,27478,27493,27467,27489,663,0
20190125,1500,27489,27494,27464,27480,427,0
20190125,1515,27480,27487,27472,27473,747,0
20190125,1530,27473,27500,27471,27492,499,0
20190125,1545,27492,27514,27484,27512,799,0
20190125,1600,27512,27543,27511,27534,1813,0
20190125,1615,27534,27560,27520,27536,2236,0
20190125,1630,27540,27574,27535,27561,10704,0
20190125,1645,27561,27561,27561,27561,0,0
20190125,1700,27561,27561,27561,27561,0,0
20190125,1715,27561,27561,27561,27561,0,0
20190125,1730,27573,27592,27557,27585,132,0
20190125,1745,27585,27591,27580,27580,178,0
20190125,1800,27580,27580,27549,27552,247,0
20190125,1815,27552,27560,27550,27555,55,0
20190125,1830,27555,27563,27541,27562,28,0
20190125,1845,27562,27574,27556,27574,24,0
20190125,1900,27574,27578,27571,27578,104,0
20190125,1915,27578,27599,27578,27586,32,0
20190125,1930,27586,27596,27577,27577,130,0
20190125,1945,27577,27577,27563,27571,38,0
20190125,2000,27571,27576,27567,27569,36,0
20190125,2015,27566,27576,27557,27576,75,0
20190125,2030,27576,27581,27572,27576,11,0
20190125,2045,27576,27576,27565,27569,196,0
20190125,2100,27569,27575,27561,27572,74,0
20190125,2115,27572,27583,27572,27574,58,0
20190125,2130,27574,27578,27570,27571,22,0
20190125,2145,27571,27582,27569,27569,11,0
20190125,2200,27570,27586,27567,27580,17,0
20190125,2215,27583,27592,27578,27588,35,0
20190125,2230,27588,27592,27584,27592,95,0
20190125,2245,27588,27615,27577,27594,55,0
20190125,2300,27594,27647,27594,27647,180,0
20190125,2315,27647,27665,27644,27665,261,0
20190125,2330,27665,27685,27646,27678,174,0
20190125,2345,27678,27725,27678,27725,580,0
20190126,0000,27725,27725,27707,27724,71,0
20190126,0015,27724,27724,27696,27708,61,0
20190126,0030,27708,27716,27685,27716,80,0
20190126,0045,27716,27730,27698,27716,64,0
20190126,0100,27716,27755,27709,27748,95,0
20190128,0930,27628,27693,27595,27636,4104,0
20190128,0945,27633,27767,27631,27728,5481,0
20190128,1000,27730,27742,27659,27722,2829,0
20190128,1015,27722,27732,27686,27697,3577,0
20190128,1030,27697,27705,27620,27684,3553,0
20190128,1045,27686,27711,27640,27663,1386,0
20190128,1100,27661,27677,27633,27634,920,0
20190128,1115,27635,27644,27565,27596,3331,0
20190128,1130,27595,27621,27568,27615,1187,0
20190128,1145,27615,27649,27608,27625,957,0
20190128,1200,27625,27643,27608,27643,999,0
20190128,1215,27643,27643,27643,27643,0,0
20190128,1245,27643,27643,27643,27643,0,0
20190128,1300,27643,27646,27643,27646,4,0
20190128,1315,27648,27661,27624,27628,996,0
20190128,1330,27628,27647,27590,27602,1092,0
20190128,1345,27602,27607,27546,27555,1595,0
20190128,1400,27555,27555,27409,27459,3319,0
20190128,1415,27457,27581,27418,27544,2761,0
20190128,1430,27544,27547,27487,27495,1105,0
20190128,1445,27495,27530,27492,27499,1165,0
20190128,1500,27499,27512,27478,27508,1164,0
20190128,1515,27506,27544,27501,27535,1255,0
20190128,1530,27535,27542,27512,27529,745,0
20190128,1545,27528,27539,27497,27518,1168,0
20190128,1600,27518,27538,27514,27535,3000,0
20190128,1615,27543,27543,27508,27523,5566,0
20190128,1630,27520,27541,27505,27517,11462,0
20190128,1645,27514,27514,27514,27514,1,0
20190128,1700,27514,27514,27514,27514,0,0
20190128,1715,27514,27514,27514,27514,0,0
20190128,1730,27514,27524,27500,27522,381,0
20190128,1745,27522,27547,27522,27542,368,0
20190128,1800,27542,27569,27542,27559,393,0
20190128,1815,27559,27574,27556,27556,295,0
20190128,1830,27556,27566,27549,27558,104,0
20190128,1845,27558,27565,27545,27550,230,0
20190128,1900,27550,27553,27530,27535,190,0
20190128,1915,27534,27551,27526,27542,82,0
20190128,1930,27542,27543,27530,27532,44,0
20190128,1945,27532,27537,27519,27525,174,0
20190128,2000,27525,27526,27507,27509,78,0
20190128,2015,27508,27525,27505,27518,876,0
20190128,2030,27518,27519,27506,27509,326,0
20190128,2045,27509,27509,27473,27481,174,0
20190128,2100,27482,27492,27475,27492,119,0
20190128,2115,27492,27500,27483,27485,78,0
20190128,2130,27483,27486,27456,27469,99,0
20190128,2145,27476,27481,27459,27474,269,0
20190128,2200,27474,27481,27463,27481,56,0
20190128,2215,27481,27484,27422,27428,242,0
20190128,2230,27428,27444,27412,27427,212,0
20190128,2245,27426,27433,27371,27393,478,0
20190128,2300,27393,27408,27318,27340,471,0
20190128,2315,27339,27390,27320,27365,371,0
20190128,2330,27365,27409,27340,27401,424,0
20190128,2345,27401,27431,27393,27423,334,0
20190129,0000,27423,27423,27396,27396,121,0
20190129,0015,27396,27406,27358,27406,267,0
20190129,0030,27406,27407,27369,27396,368,0
20190129,0045,27398,27411,27355,27357,274,0
20190129,0100,27353,27363,27333,27345,293,0
20190129,0930,27292,27428,27290,27421,7695,0
20190129,0945,27425,27462,27344,27390,17725,0
20190129,1000,27390,27473,27369,27427,4651,0
20190129,1015,27423,27434,27342,27363,5251,0
20190129,1030,27364,27378,27325,27336,3434,0
20190129,1045,27336,27370,27302,27366,4435,0
20190129,1100,27366,27403,27338,27348,4354,0
20190129,1115,27349,27394,27345,27378,3722,0
20190129,1130,27382,27414,27355,27405,3650,0
20190129,1145,27407,27426,27388,27399,2191,0
20190129,1200,27399,27416,27397,27401,1257,0
20190129,1215,27402,27402,27402,27402,6,0
20190129,1245,27402,27402,27402,27402,0,0
20190129,1300,27402,27415,27402,27415,49,0
20190129,1315,27417,27445,27401,27434,3036,0
20190129,1330,27435,27489,27411,27487,2591,0
20190129,1345,27487,27514,27467,27473,4137,0
20190129,1400,27473,27490,27453,27465,3041,0
20190129,1415,27469,27519,27465,27519,2341,0
20190129,1430,27519,27547,27503,27516,3038,0
20190129,1445,27516,27520,27485,27506,2373,0
20190129,1500,27510,27518,27490,27497,2251,0
20190129,1515,27502,27511,27452,27479,3730,0
20190129,1530,27478,27496,27469,27485,1710,0
20190129,1545,27486,27502,27479,27482,2246,0
20190129,1600,27481,27501,27480,27501,2064,0
20190129,1615,27504,27519,27477,27513,3802,0
20190129,1630,27512,27547,27504,27537,2412,0
20190129,1645,27535,27535,27535,27535,2,0
20190129,1700,27535,27535,27535,27535,0,0
20190129,1730,27576,27599,27563,27565,661,0
20190129,1745,27565,27586,27561,27576,625,0
20190129,1800,27576,27584,27565,27580,409,0
20190129,1815,27580,27606,27573,27600,394,0
20190129,1830,27600,27621,27600,27612,388,0
20190129,1845,27616,27628,27612,27621,303,0
20190129,1900,27621,27622,27606,27611,275,0
20190129,1915,27610,27613,27596,27599,230,0
20190129,1930,27599,27610,27588,27593,276,0
20190129,1945,27593,27603,27592,27602,157,0
20190129,2000,27602,27621,27594,27619,280,0
20190129,2015,27621,27638,27619,27627,457,0
20190129,2030,27627,27632,27604,27609,282,0
20190129,2045,27606,27611,27594,27603,244,0
20190129,2100,27601,27619,27601,27606,295,0
20190129,2115,27606,27612,27602,27604,106,0
20190129,2130,27604,27617,27602,27610,388,0
20190129,2145,27610,27617,27603,27609,188,0
20190129,2200,27607,27614,27604,27612,144,0
20190129,2215,27612,27617,27581,27596,398,0
20190129,2230,27596,27602,27586,27601,240,0
20190129,2245,27601,27612,27555,27581,944,0
20190129,2300,27578,27611,27571,27596,609,0
20190129,2315,27598,27625,27576,27578,647,0
20190129,2330,27578,27620,27564,27619,523,0
20190129,2345,27620,27626,27588,27599,629,0
20190130,0000,27598,27608,27534,27548,879,0
20190130,0015,27544,27562,27532,27557,548,0
20190130,0030,27556,27569,27545,27560,498,0
20190130,0045,27559,27593,27559,27593,500,0
20190130,0100,27592,27597,27562,27569,464,0
20190130,0930,27499,27540,27475,27479,6043,0
20190130,0945,27475,27475,27355,27367,15723,0
20190130,1000,27365,27452,27344,27426,11923,0
20190130,1015,27435,27511,27398,27499,12274,0
20190130,1030,27498,27508,27453,27500,6248,0
20190130,1045,27501,27524,27453,27484,7929,0
20190130,1100,27487,27502,27472,27481,3493,0
20190130,1115,27481,27586,27468,27574,8675,0
20190130,1130,27577,27625,27546,27583,7605,0
20190130,1145,27581,27585,27553,27576,3224,0
20190130,1200,27576,27598,27565,27598,2007,0
20190130,1215,27596,27596,27596,27596,5,0
20190130,1245,27596,27596,27596,27596,0,0
20190130,1300,27596,27622,27596,27622,222,0
20190130,1315,27606,27606,27551,27555,4409,0
20190130,1330,27552,27565,27509,27510,5228,0
20190130,1345,27512,27532,27497,27501,4329,0
20190130,1400,27497,27519,27488,27511,4347,0
20190130,1415,27512,27558,27512,27542,6042,0
20190130,1430,27540,27556,27518,27551,4196,0
20190130,1445,27553,27556,27526,27549,3474,0
20190130,1500,27549,27561,27510,27515,4301,0
20190130,1515,27517,27542,27497,27528,4804,0
20190130,1530,27527,27554,27526,27536,3191,0
20190130,1545,27537,27555,27533,27551,2953,0
20190130,1600,27552,27589,27543,27586,4152,0
20190130,1615,27594,27680,27585,27644,6993,0
20190130,1630,27643,27664,27628,27641,3194,0
20190130,1645,27638,27638,27638,27638,1,0
20190130,1700,27638,27638,27638,27638,0,0
20190130,1715,27638,27638,27638,27638,0,0
20190130,1730,27661,27667,27626,27661,1176,0
20190130,1745,27659,27698,27659,27691,846,0
20190130,1800,27691,27707,27680,27688,830,0
20190130,1815,27688,27695,27674,27677,441,0
20190130,1830,27677,27689,27674,27679,393,0
20190130,1845,27679,27687,27666,27685,481,0
20190130,1900,27685,27701,27683,27693,525,0
20190130,1915,27693,27696,27687,27696,286,0
20190130,1930,27694,27698,27687,27693,346,0
20190130,1945,27694,27694,27681,27691,291,0
20190130,2000,27692,27718,27683,27692,868,0
20190130,2015,27692,27712,27692,27706,435,0
20190130,2030,27707,27713,27697,27698,306,0
20190130,2045,27698,27730,27698,27720,933,0
20190130,2100,27722,27736,27716,27733,772,0
20190130,2115,27733,27743,27731,27735,744,0
20190130,2130,27736,27739,27701,27705,778,0
20190130,2145,27705,27715,27687,27709,659,0
20190130,2200,27709,27720,27705,27715,339,0
20190130,2215,27713,27725,27708,27713,363,0
20190130,2230,27713,27716,27703,27714,333,0
20190130,2245,27714,27719,27683,27690,1506,0
20190130,2300,27690,27697,27656,27661,1410,0
20190130,2315,27661,27664,27634,27651,1793,0
20190130,2330,27651,27658,27636,27649,892,0
20190130,2345,27649,27678,27649,27677,933,0
20190131,0000,27676,27679,27639,27653,559,0
20190131,0015,27653,27673,27647,27665,662,0
20190131,0030,27665,27676,27642,27652,595,0
20190131,0045,27651,27670,27646,27667,607,0
20190131,0100,27667,27676,27657,27662,625,0
20190131,0930,27843,27843,27722,27724,11407,0
20190131,0945,27741,27890,27721,27876,18429,0
20190131,1000,27879,27897,27768,27814,14716,0
20190131,1015,27815,27833,27770,27808,8100,0
20190131,1030,27810,27850,27779,27844,6578,0
20190131,1045,27844,27910,27825,27877,8635,0
20190131,1100,27884,27964,27875,27930,8929,0
20190131,1115,27924,27960,27924,27959,5583,0
20190131,1130,27957,27962,27896,27921,5497,0
20190131,1145,27922,27972,27922,27956,4102,0
20190131,1200,27956,27962,27925,27937,3086,0
20190131,1215,27940,27940,27936,27936,6,0
20190131,1230,27936,27936,27936,27936,0,0
20190131,1245,27936,27936,27936,27936,0,0
20190131,1300,27936,27936,27935,27935,22,0
20190131,1315,27932,27932,27886,27913,5225,0
20190131,1330,27914,27919,27857,27861,4749,0
20190131,1345,27863,27917,27854,27913,4877,0
20190131,1400,27912,27925,27891,27902,4358,0
20190131,1415,27900,27913,27850,27860,5165,0
20190131,1430,27861,27881,27853,27859,3518,0
20190131,1445,27859,27910,27857,27907,3716,0
20190131,1500,27908,27920,27896,27908,3008,0
20190131,1515,27908,27933,27899,27925,3219,0
20190131,1530,27924,27945,27911,27934,2970,0
20190131,1545,27934,27939,27903,27919,3037,0
20190131,1600,27918,27936,27908,27918,3880,0
20190131,1615,27921,27948,27904,27941,5879,0
20190131,1630,27942,28067,27941,28059,6825,0
20190131,1645,28055,28055,28055,28055,3,0
20190131,1700,28055,28055,28055,28055,0,0
20190131,1715,28055,28055,28055,28055,0,0
20190131,1730,28000,28032,27996,28007,1978,0
20190131,1745,28007,28024,27993,28020,1052,0
20190131,1800,28020,28023,28001,28008,334,0
20190131,1815,28007,28013,27975,27980,1208,0
20190131,1830,27980,27994,27954,27957,912,0
20190131,1845,27957,27972,27939,27959,1006,0
20190131,1900,27959,27966,27947,27958,331,0
20190131,1915,27960,27973,27953,27967,414,0
20190131,1930,27967,27991,27967,27987,479,0
20190131,1945,27987,27994,27984,27987,354,0
20190131,2000,27987,28005,27986,27992,358,0
20190131,2015,27992,27993,27979,27986,444,0
20190131,2030,27986,28004,27981,27993,339,0
20190131,2045,27993,28017,27974,28016,777,0
20190131,2100,28016,28017,27999,28009,568,0
20190131,2115,28009,28017,28002,28006,336,0
20190131,2130,28005,28013,27994,27995,487,0
20190131,2145,27995,28005,27986,27995,383,0
20190131,2200,27995,27998,27955,27976,886,0
20190131,2215,27975,27976,27926,27932,984,0
20190131,2230,27930,27941,27919,27938,814,0
20190131,2245,27938,27966,27929,27938,1705,0
20190131,2300,27938,27973,27935,27960,1323,0
20190131,2315,27962,28005,27955,28002,1216,0
20190131,2330,28003,28034,27987,28033,1539,0
20190131,2345,28035,28098,28027,28096,1959,0
20190201,0000,28097,28107,28036,28057,1440,0
20190201,0015,28057,28081,28039,28061,1002,0
20190201,0030,28061,28070,28026,28053,848,0
20190201,0045,28047,28098,28042,28091,946,0
20190201,0100,28092,28131,28072,28129,1447,0
20190201,0930,28149,28199,28131,28135,9465,0
20190201,0945,28120,28121,27964,28004,16377,0
20190201,1000,27964,27969,27850,27873,16574,0
20190201,1015,27875,27929,27844,27916,9303,0
20190201,1030,27916,27933,27876,27876,6577,0
20190201,1045,27878,27887,27838,27878,7692,0
20190201,1100,27876,27912,27858,27880,5581,0
20190201,1115,27877,27886,27816,27874,6995,0
20190201,1130,27879,27923,27867,27897,4966,0
20190201,1145,27896,27901,27861,27872,2810,0
20190201,1200,27873,27874,27800,27812,3660,0
20190201,1215,27810,27810,27810,27810,4,0
20190201,1230,27810,27810,27810,27810,0,0
20190201,1245,27810,27810,27810,27810,0,0
20190201,1300,27810,27810,27808,27808,17,0
20190201,1315,27803,27811,27745,27801,5738,0
20190201,1330,27800,27832,27794,27823,3553,0
20190201,1345,27824,27838,27785,27810,3587,0
20190201,1400,27810,27818,27785,27814,2749,0
20190201,1415,27812,27829,27803,27809,2968,0
20190201,1430,27809,27831,27777,27795,3578,0
20190201,1445,27794,27826,27787,27823,2073,0
20190201,1500,27823,27878,27808,27872,3784,0
20190201,1515,27872,27884,27836,27837,3669,0
20190201,1530,27836,27838,27812,27833,3358,0
20190201,1545,27833,27890,27821,27890,3872,0
20190201,1600,27888,27893,27852,27861,3892,0
20190201,1615,27860,27880,27826,27872,5286,0
20190201,1630,27872,27877,27856,27862,2553,0
20190201,1645,27862,27862,27862,27862,0,0
20190201,1700,27862,27862,27862,27862,0,0
20190201,1730,27856,27881,27850,27874,825,0
20190201,1745,27874,27886,27847,27851,542,0
20190201,1800,27849,27869,27845,27864,417,0
20190201,1815,27864,27872,27856,27867,221,0
20190201,1830,27868,27872,27852,27870,208,0
20190201,1845,27870,27880,27837,27846,484,0
20190201,1900,27846,27864,27842,27863,285,0
20190201,1915,27863,27879,27861,27875,481,0
20190201,1930,27875,27879,27865,27865,258,0
20190201,1945,27865,27867,27851,27856,243,0
20190201,2000,27856,27863,27848,27854,205,0
20190201,2015,27854,27860,27838,27839,494,0
20190201,2030,27839,27840,27826,27837,400,0
20190201,2045,27838,27838,27780,27792,887,0
20190201,2100,27789,27798,27765,27766,643,0
20190201,2115,27766,27791,27765,27782,538,0
20190201,2130,27783,27807,27770,27790,565,0
20190201,2145,27795,27874,27785,27856,1679,0
20190201,2200,27856,27861,27832,27840,819,0
20190201,2215,27840,27854,27827,27853,523,0
20190201,2230,27855,27856,27825,27838,416,0
20190201,2245,27838,27871,27807,27846,1428,0
20190201,2300,27846,27856,27793,27799,1318,0
20190201,2315,27805,27842,27731,27821,2748,0
20190201,2330,27821,27869,27813,27852,1530,0
20190201,2345,27853,27882,27838,27873,1081,0
20190202,0000,27869,27882,27854,27856,687,0
20190202,0015,27856,27862,27832,27852,709,0
20190202,0030,27852,27909,27844,27897,914,0
20190202,0045,27897,27921,27884,27916,696,0
20190202,0100,27917,27934,27901,27920,619,0
20190204,0930,27904,27950,27868,27873,5036,0
20190204,0945,27870,27905,27782,27892,8762,0
20190204,1000,27897,27934,27877,27910,5193,0
20190204,1015,27910,27934,27878,27916,4295,0
20190204,1030,27916,27924,27876,27905,2750,0
20190204,1045,27905,27934,27886,27889,2477,0
20190204,1100,27889,27893,27848,27878,3304,0
20190204,1115,27881,27908,27876,27902,2305,0
20190204,1130,27902,27907,27866,27906,2207,0
20190204,1145,27906,27906,27878,27881,1580,0
20190204,1200,27881,27899,27870,27886,1940,0
20190204,1215,27886,27912,27881,27881,1175,0
20190204,1230,27882,27889,27827,27827,779,0
20190204,1245,27826,27826,27826,27826,1,0
20190208,0930,27661,27661,27498,27546,9110,0
20190208,0945,27554,27652,27451,27621,14316,0
20190208,1000,27618,27630,27572,27620,5673,0
20190208,1015,27621,27625,27511,27595,7553,0
20190208,1030,27597,27624,27561,27601,3799,0
20190208,1045,27603,27705,27595,27671,6218,0
20190208,1100,27671,27698,27660,27693,3504,0
20190208,1115,27693,27739,27688,27716,4310,0
20190208,1130,27718,27753,27704,27723,3124,0
20190208,1145,27721,27766,27701,27758,3073,0
20190208,1200,27757,27793,27746,27777,2519,0
20190208,1215,27777,27777,27777,27777,2,0
20190208,1245,27777,27777,27777,27777,0,0
20190208,1300,27777,27777,27775,27775,80,0
20190208,1315,27771,27771,27713,27736,3794,0
20190208,1330,27736,27781,27734,27775,2462,0
20190208,1345,27774,27850,27773,27834,4725,0
20190208,1400,27834,27891,27833,27885,3628,0
20190208,1415,27885,27895,27824,27825,3849,0
20190208,1430,27824,27862,27817,27856,2137,0
20190208,1445,27857,27905,27848,27902,2777,0
20190208,1500,27903,27908,27859,27874,2333,0
20190208,1515,27876,27925,27875,27900,3504,0
20190208,1530,27901,27945,27901,27940,3087,0
20190208,1545,27939,27939,27884,27894,3504,0
20190208,1600,27894,27911,27883,27898,3430,0
20190208,1615,27899,27949,27882,27945,4935,0
20190208,1630,27948,27960,27932,27951,2604,0
20190208,1645,27951,27951,27951,27951,0,0
20190208,1700,27951,27951,27951,27951,0,0
20190208,1730,28012,28026,27971,27984,1125,0
20190208,1745,27984,27999,27966,27973,828,0
20190208,1800,27972,27982,27955,27973,420,0
20190208,1815,27973,27978,27940,27943,398,0
20190208,1830,27946,27983,27941,27983,422,0
20190208,1845,27983,27988,27948,27953,465,0
20190208,1900,27953,27978,27953,27971,320,0
20190208,1915,27971,27983,27969,27975,221,0
20190208,1930,27975,27980,27959,27961,181,0
20190208,1945,27961,27965,27945,27949,322,0
20190208,2000,27948,27948,27905,27906,985,0
20190208,2015,27906,27933,27895,27927,824,0
20190208,2030,27927,27947,27920,27941,406,0
20190208,2045,27943,27961,27937,27947,540,0
20190208,2100,27947,27957,27936,27951,446,0
20190208,2115,27951,27969,27947,27954,334,0
20190208,2130,27954,27962,27943,27952,299,0
20190208,2145,27952,27964,27942,27954,372,0
20190208,2200,27954,27956,27921,27924,426,0
20190208,2215,27924,27941,27912,27914,433,0
20190208,2230,27917,27923,27904,27910,494,0
20190208,2245,27912,27936,27881,27883,1477,0
20190208,2300,27883,27895,27847,27854,1560,0
20190208,2315,27846,27865,27825,27828,1495,0
20190208,2330,27829,27843,27817,27834,1155,0
20190208,2345,27834,27877,27828,27853,965,0
20190209,0000,27853,27857,27807,27811,838,0
20190209,0015,27811,27812,27773,27798,928,0
20190209,0030,27797,27817,27783,27801,697,0
20190209,0045,27801,27807,27758,27791,818,0
20190209,0100,27792,27830,27761,27827,689,0
20190211,0930,27895,27895,27818,27834,5547,0
20190211,0945,27834,27914,27794,27875,15407,0
20190211,1000,27875,27875,27760,27834,11051,0
20190211,1015,27834,27901,27829,27893,7575,0
20190211,1030,27898,27908,27837,27837,5874,0
20190211,1045,27839,27936,27810,27931,7805,0
20190211,1100,27933,27970,27925,27960,6703,0
20190211,1115,27959,27986,27937,27969,5420,0
20190211,1130,27967,27969,27912,27945,4609,0
20190211,1145,27946,27950,27922,27924,1203,0
20190211,1200,27922,27934,27893,27930,2572,0
20190211,1215,27932,27932,27932,27932,2,0
20190211,1230,27932,27932,27932,27932,0,0
20190211,1245,27932,27932,27932,27932,0,0
20190211,1300,27932,27932,27930,27930,12,0
20190211,1315,27930,27954,27883,27944,4128,0
20190211,1330,27945,27969,27935,27951,2474,0
20190211,1345,27951,27953,27897,27923,3399,0
20190211,1400,27921,27957,27908,27953,2832,0
20190211,1415,27953,27974,27940,27952,3510,0
20190211,1430,27951,28019,27944,28005,4602,0
20190211,1445,28008,28079,28008,28060,7232,0
20190211,1500,28058,28064,28031,28053,3797,0
20190211,1515,28051,28078,28042,28058,3032,0
20190211,1530,28059,28064,28031,28036,2757,0
20190211,1545,28037,28065,28028,28052,2695,0
20190211,1600,28051,28078,28049,28075,2786,0
20190211,1615,28073,28130,28066,28098,5118,0
20190211,1630,28099,28155,28071,28135,3394,0
20190211,1645,28136,28136,28130,28130,2,0
20190211,1700,28130,28130,28130,28130,0,0
20190211,1715,28130,28130,28130,28130,0,0
20190211,1730,28178,28219,28161,28180,1525,0
20190211,1745,28180,28194,28163,28187,759,0
20190211,1800,28187,28207,28182,28199,645,0
20190211,1815,28199,28203,28181,28195,431,0
20190211,1830,28195,28213,28190,28210,352,0
20190211,1845,28210,28212,28187,28191,423,0
20190211,1900,28191,28196,28172,28178,469,0
20190211,1915,28177,28185,28158,28165,450,0
20190211,1930,28164,28172,28159,28164,363,0
20190211,1945,28164,28170,28153,28159,308,0
20190211,2000,28159,28159,28140,28157,432,0
20190211,2015,28155,28155,28135,28146,503,0
20190211,2030,28146,28152,28143,28150,187,0
20190211,2045,28150,28168,28145,28164,418,0
20190211,2100,28164,28183,28161,28178,381,0
20190211,2115,28179,28195,28169,28191,428,0
20190211,2130,28191,28218,28183,28191,873,0
20190211,2145,28191,28198,28184,28196,294,0
20190211,2200,28196,28200,28166,28171,416,0
20190211,2215,28170,28176,28156,28167,420,0
20190211,2230,28166,28170,28138,28148,531,0
20190211,2245,28150,28175,28113,28136,1832,0
20190211,2300,28136,28147,28115,28131,1111,0
20190211,2315,28128,28170,28128,28146,1281,0
20190211,2330,28146,28172,28129,28136,1028,0
20190211,2345,28137,28150,28124,28140,801,0
20190212,0000,28140,28163,28132,28140,793,0
20190212,0015,28142,28160,28098,28100,1134,0
20190212,0030,28099,28139,28099,28123,855,0
20190212,0045,28124,28129,28111,28122,418,0
20190212,0930,28165,28165,28000,28036,8300,0
20190212,0945,28036,28069,27981,27984,12924,0
20190212,1000,27983,28042,27916,28039,11119,0
20190212,1015,28040,28042,27953,28019,8326,0
20190212,1030,28016,28037,27967,28025,7156,0
20190212,1045,28024,28091,28004,28073,8821,0
20190212,1100,28071,28120,28062,28120,6759,0
20190212,1115,28122,28185,28104,28147,8276,0
20190212,1130,28146,28174,28130,28146,5530,0
20190212,1145,28146,28163,28134,28145,2574,0
20190212,1200,28145,28161,28132,28145,2133,0
20190212,1215,28148,28148,28148,28148,3,0
20190212,1245,28148,28148,28148,28148,83,0
20190212,1300,28148,28149,28148,28149,82635,0
20190212,1315,28145,28145,28080,28084,5628,0
20190212,1330,28084,28123,28072,28102,4648,0
20190212,1345,28102,28121,28085,28104,3437,0
20190212,1400,28104,28104,28082,28098,2144,0
20190212,1415,28099,28137,28095,28099,4380,0
20190212,1430,28100,28120,28095,28115,2537,0
20190212,1445,28114,28139,28108,28135,3413,0
20190212,1500,28135,28151,28116,28116,2266,0
20190212,1515,28117,28129,28095,28121,2818,0
20190212,1530,28121,28125,28087,28104,2456,0
20190212,1545,28104,28116,28092,28099,1669,0
20190212,1600,28099,28138,28097,28135,3610,0
20190212,1615,28136,28154,28112,28127,4296,0
20190212,1630,28127,28144,28114,28123,2567,0
20190212,1645,28123,28123,28123,28123,0,0
20190212,1715,28123,28123,28123,28123,0,0
20190212,1730,28123,28136,28111,28122,854,0
20190212,1745,28124,28132,28114,28130,490,0
20190212,1800,28130,28135,28124,28131,295,0
20190212,1815,28131,28146,28130,28138,316,0
20190212,1830,28138,28148,28129,28140,319,0
20190212,1845,28140,28145,28132,28141,281,0
20190212,1900,28141,28160,28141,28156,396,0
20190212,1915,28156,28167,28152,28161,340,0
20190212,1930,28161,28167,28152,28167,263,0
20190212,1945,28167,28167,28160,28163,171,0
20190212,2000,28161,28171,28160,28169,224,0
20190212,2015,28170,28176,28163,28163,352,0
20190212,2030,28163,28164,28153,28155,318,0
20190212,2045,28155,28167,28154,28161,325,0
20190212,2100,28161,28161,28137,28139,370,0
20190212,2115,28139,28152,28135,28142,289,0
20190212,2130,28143,28144,28135,28141,237,0
20190212,2145,28141,28143,28122,28133,369,0
20190212,2200,28133,28146,28131,28135,339,0
20190212,2215,28132,28148,28132,28141,231,0
20190212,2230,28141,28154,28141,28144,216,0
20190212,2245,28147,28191,28144,28176,1697,0
20190212,2300,28176,28187,28161,28163,785,0
20190212,2315,28166,28179,28146,28149,855,0
20190212,2330,28147,28156,28133,28139,877,0
20190212,2345,28143,28145,28113,28116,1047,0
20190213,0000,28116,28155,28110,28139,1046,0
20190213,0015,28139,28152,28136,28152,639,0
20190213,0030,28152,28164,28145,28157,645,0
20190213,0045,28157,28159,28143,28154,313,0
20190213,0100,28151,28153,28141,28143,610,0
20190213,0930,28171,28205,28135,28144,8407,0
20190213,0945,28142,28202,28103,28130,13225,0
20190213,1000,28130,28288,28117,28239,14869,0
20190213,1015,28244,28310,28237,28253,10081,0
20190213,1030,28251,28264,28174,28232,11950,0
20190213,1045,28230,28264,28224,28241,7292,0
20190213,1100,28241,28260,28196,28217,6260,0
20190213,1115,28216,28331,28201,28327,8822,0
20190213,1130,28333,28376,28321,28360,11101,0
20190213,1145,28361,28375,28331,28354,4601,0
20190213,1200,28353,28390,28353,28361,3668,0
20190213,1215,28360,28360,28360,28360,2,0
20190213,1245,28360,28360,28360,28360,0,0
20190213,1300,28360,28370,28360,28370,23,0
20190213,1315,28370,28399,28342,28375,4101,0
20190213,1330,28376,28426,28376,28412,5497,0
20190213,1345,28412,28449,28412,28432,5283,0
20190213,1400,28434,28468,28426,28460,6699,0
20190213,1415,28462,28476,28431,28435,6100,0
20190213,1430,28435,28490,28423,28479,5704,0
20190213,1445,28479,28507,28476,28502,4693,0
20190213,1500,28502,28509,28453,28456,4027,0
20190213,1515,28456,28470,28434,28463,4214,0
20190213,1530,28463,28463,28426,28446,2887,0
20190213,1545,28446,28460,28436,28445,2226,0
20190213,1600,28445,28469,28443,28454,3832,0
20190213,1615,28453,28458,28399,28402,6001,0
20190213,1630,28403,28414,28392,28399,2903,0
20190213,1645,28400,28400,28400,28400,0,0
20190213,1715,28400,28400,28400,28400,0,0
20190213,1730,28394,28400,28351,28363,1777,0
20190213,1745,28363,28368,28351,28351,732,0
20190213,1800,28351,28371,28351,28364,816,0
20190213,1815,28364,28393,28337,28379,1607,0
20190213,1830,28378,28389,28368,28371,505,0
20190213,1845,28371,28396,28367,28393,446,0
20190213,1900,28393,28395,28379,28393,378,0
20190213,1915,28392,28396,28373,28380,387,0
20190213,1930,28380,28419,28380,28413,636,0
20190213,1945,28413,28427,28410,28422,642,0
20190213,2000,28422,28439,28408,28439,736,0
20190213,2015,28438,28452,28428,28443,833,0
20190213,2030,28441,28447,28430,28439,544,0
20190213,2045,28439,28446,28429,28445,449,0
20190213,2100,28445,28452,28436,28440,415,0
20190213,2115,28440,28443,28434,28441,336,0
20190213,2130,28441,28458,28434,28455,620,0
20190213,2145,28445,28483,28429,28472,1596,0
20190213,2200,28471,28498,28471,28482,931,0
20190213,2215,28480,28491,28473,28489,576,0
20190213,2230,28488,28494,28461,28468,821,0
20190213,2245,28466,28488,28451,28476,1694,0
20190213,2300,28479,28486,28444,28452,1282,0
20190213,2315,28452,28460,28425,28432,1218,0
20190213,2330,28433,28453,28419,28438,1064,0
20190213,2345,28436,28470,28434,28462,1288,0
20190214,0000,28462,28473,28427,28434,877,0
20190214,0015,28434,28446,28388,28393,1064,0
20190214,0030,28391,28392,28353,28354,1073,0
20190214,0045,28354,28358,28323,28327,1152,0
20190214,0100,28325,28359,28324,28354,812,0
20190214,0930,28317,28370,28278,28357,8537,0
20190214,0945,28356,28436,28286,28433,17770,0
20190214,1000,28432,28440,28297,28304,12573,0
20190214,1015,28309,28334,28266,28273,12168,0
20190214,1030,28271,28324,28255,28285,9877,0
20190214,1045,28289,28342,28258,28274,8967,0
20190214,1100,28276,28287,28223,28230,7963,0
20190214,1115,28228,28290,28223,28270,8567,0
20190214,1130,28269,28297,28253,28279,4365,0
20190214,1145,28279,28294,28268,28268,2099,0
20190214,1200,28267,28379,28264,28362,6389,0
20190214,1215,28361,28361,28361,28361,1,0
20190214,1230,28361,28361,28361,28361,0,0
20190214,1245,28361,28361,28361,28361,0,0
20190214,1300,28361,28361,28355,28355,32,0
20190214,1315,28355,28365,28327,28349,5090,0
20190214,1330,28349,28352,28324,28347,3358,0
20190214,1345,28347,28373,28335,28367,3202,0
20190214,1400,28368,28370,28337,28361,2562,0
20190214,1415,28357,28410,28357,28399,5828,0
20190214,1430,28401,28438,28387,28438,4782,0
20190214,1445,28438,28445,28386,28386,4818,0
20190214,1500,28383,28406,28376,28385,2928,0
20190214,1515,28386,28413,28370,28395,3843,0
20190214,1530,28398,28408,28385,28406,2553,0
20190214,1545,28408,28420,28373,28374,3139,0
20190214,1600,28373,28395,28358,28389,4438,0
20190214,1615,28390,28395,28303,28320,4666,0
20190214,1630,28319,28345,28289,28339,3085,0
20190214,1645,28339,28339,28339,28339,0,0
20190214,1700,28339,28339,28339,28339,0,0
20190214,1715,28339,28339,28339,28339,0,0
20190214,1730,28330,28356,28329,28350,947,0
20190214,1745,28350,28355,28333,28343,376,0
20190214,1800,28343,28343,28321,28328,344,0
20190214,1815,28327,28352,28327,28347,383,0
20190214,1830,28345,28356,28334,28334,433,0
20190214,1845,28335,28340,28322,28337,337,0
20190214,1900,28337,28351,28332,28350,329,0
20190214,1915,28350,28371,28346,28367,529,0
20190214,1930,28367,28378,28362,28368,304,0
20190214,1945,28368,28371,28355,28369,261,0
20190214,2000,28369,28372,28351,28359,200,0
20190214,2015,28359,28368,28348,28364,384,0
20190214,2030,28364,28381,28362,28378,432,0
20190214,2045,28378,28384,28371,28376,280,0
20190214,2100,28376,28379,28366,28369,251,0
20190214,2115,28369,28377,28362,28376,235,0
20190214,2130,28375,28380,28359,28378,260,0
20190214,2145,28375,28397,28327,28328,1686,0
20190214,2200,28326,28339,28268,28269,1516,0
20190214,2215,28268,28268,28181,28214,2650,0
20190214,2230,28213,28219,28155,28175,1694,0
20190214,2245,28180,28191,28122,28136,3087,0
20190214,2300,28136,28188,28107,28187,2389,0
20190214,2315,28186,28218,28164,28208,1786,0
20190214,2330,28207,28247,28206,28247,1673,0
20190214,2345,28248,28266,28117,28182,3868,0
20190215,0000,28185,28232,28183,28202,1331,0
20190215,0015,28202,28207,28162,28172,967,0
20190215,0030,28172,28182,28151,28154,634,0
20190215,0045,28155,28184,28128,28175,746,0
20190215,0100,28175,28204,28171,28198,630,0
20190215,0930,28153,28221,28135,28211,6844,0
20190215,0945,28202,28231,28069,28118,16132,0
20190215,1000,28116,28178,28077,28092,11109,0
20190215,1015,28091,28091,27945,27945,14819,0
20190215,1030,27944,27966,27876,27936,15092,0
20190215,1045,27940,27979,27921,27975,9222,0
20190215,1100,27974,27975,27932,27938,6190,0
20190215,1115,27937,27942,27903,27906,5477,0
20190215,1130,27904,27940,27884,27931,6382,0
20190215,1145,27935,27949,27924,27934,2766,0
20190215,1200,27934,27936,27904,27915,2344,0
20190215,1215,27913,27913,27913,27913,6,0
20190215,1230,27913,27913,27913,27913,0,0
20190215,1245,27913,27913,27913,27913,0,0
20190215,1300,27913,27914,27913,27914,17,0
20190215,1315,27914,27914,27839,27877,7265,0
20190215,1330,27875,27892,27838,27856,5109,0
20190215,1345,27856,27906,27851,27884,4753,0
20190215,1400,27884,27911,27880,27890,3120,0
20190215,1415,27890,27902,27849,27851,4263,0
20190215,1430,27849,27874,27828,27872,4386,0
20190215,1445,27873,27873,27804,27815,6133,0
20190215,1500,27812,27841,27809,27825,3981,0
20190215,1515,27827,27881,27827,27860,5902,0
20190215,1530,27860,27864,27788,27817,6021,0
20190215,1545,27818,27824,27786,27789,4533,0
20190215,1600,27788,27810,27781,27799,4426,0
20190215,1615,27805,27842,27805,27812,6482,0
20190215,1630,27811,27881,27804,27867,4376,0
20190215,1645,27867,27867,27867,27867,0,0
20190215,1700,27867,27867,27867,27867,0,0
20190215,1730,27895,27903,27879,27900,1397,0
20190215,1745,27900,27923,27900,27921,805,0
20190215,1800,27921,27940,27913,27935,1154,0
20190215,1815,27935,27944,27925,27942,724,0
20190215,1830,27942,27953,27911,27912,850,0
20190215,1845,27912,27943,27912,27940,576,0
20190215,1900,27940,27977,27940,27966,1252,0
20190215,1915,27966,27981,27966,27972,269,0
20190218,0930,28198,28201,28127,28187,7303,0
20190218,0945,28191,28339,28140,28290,18371,0
20190218,1000,28288,28332,28273,28303,9330,0
20190218,1015,28303,28323,28239,28294,10735,0
20190218,1030,28291,28357,28291,28323,8579,0
20190218,1045,28320,28370,28319,28345,6024,0
20190218,1100,28345,28361,28306,28332,4951,0
20190218,1115,28334,28375,28309,28374,5064,0
20190218,1130,28375,28384,28336,28338,4603,0
20190218,1145,28338,28340,28317,28329,2699,0
20190218,1200,28329,28329,28282,28288,3309,0
20190218,1215,28286,28286,28286,28286,11,0
20190218,1230,28286,28286,28286,28286,0,0
20190218,1245,28286,28286,28286,28286,0,0
20190218,1300,28286,28286,28285,28285,14,0
20190218,1315,28287,28324,28270,28322,4034,0
20190218,1330,28324,28340,28312,28328,3615,0
20190218,1345,28329,28353,28317,28340,3408,0
20190218,1400,28340,28358,28329,28349,3736,0
20190218,1415,28349,28365,28346,28349,2429,0
20190218,1430,28348,28354,28330,28348,2345,0
20190218,1445,28348,28367,28337,28342,3228,0
20190218,1500,28342,28358,28325,28346,2932,0
20190218,1515,28344,28359,28333,28341,2146,0
20190218,1530,28340,28345,28316,28323,2492,0
20190218,1545,28323,28329,28259,28275,5743,0
20190218,1600,28278,28315,28272,28310,4757,0
20190218,1615,28309,28325,28283,28315,3679,0
20190218,1630,28315,28348,28313,28334,2958,0
20190218,1645,28334,28334,28334,28334,0,0
20190218,1700,28334,28334,28334,28334,0,0
20190218,1715,28334,28334,28334,28334,0,0
20190218,1730,28315,28316,28286,28301,1067,0
20190218,1745,28301,28312,28296,28302,390,0
20190218,1800,28303,28329,28296,28316,691,0
20190218,1815,28316,28325,28310,28320,277,0
20190218,1830,28320,28361,28320,28344,957,0
20190218,1845,28345,28370,28341,28367,495,0
20190218,1900,28367,28371,28357,28366,395,0
20190218,1915,28366,28371,28360,28360,229,0
20190218,1930,28360,28365,28345,28351,415,0
20190218,1945,28351,28352,28337,28340,371,0
20190218,2000,28341,28358,28339,28351,265,0
20190218,2015,28351,28353,28334,28353,558,0
20190218,2030,28353,28368,28353,28354,642,0
20190218,2045,28356,28356,28342,28344,245,0
20190218,2100,28344,28352,28339,28341,191,0
20190218,2115,28341,28343,28318,28330,579,0
20190218,2130,28330,28340,28315,28336,446,0
20190218,2145,28334,28353,28330,28351,519,0
20190218,2200,28353,28359,28338,28344,377,0
20190218,2215,28344,28360,28344,28352,309,0
20190218,2230,28352,28352,28343,28345,177,0
20190218,2245,28345,28356,28326,28338,616,0
20190218,2300,28340,28352,28340,28350,374,0
20190218,2315,28350,28350,28339,28341,175,0
20190218,2330,28340,28344,28330,28342,300,0
20190218,2345,28342,28343,28332,28336,253,0
20190219,0000,28337,28337,28313,28324,407,0
20190219,0015,28324,28324,28306,28320,273,0
20190219,0030,28320,28334,28316,28332,354,0
20190219,0045,28332,28332,28317,28328,186,0
20190219,0100,28323,28332,28314,28325,420,0
20190219,0930,28291,28420,28263,28357,8826,0
20190219,0945,28352,28405,28269,28380,16382,0
20190219,1000,28381,28448,28348,28407,12810,0
20190219,1015,28406,28418,28315,28366,12146,0
20190219,1030,28361,28373,28319,28369,7141,0
20190219,1045,28370,28396,28342,28354,7582,0
20190219,1100,28353,28429,28343,28429,8403,0
20190219,1115,28431,28435,28393,28396,5943,0
20190219,1130,28394,28400,28347,28347,5199,0
20190219,1145,28349,28365,28311,28325,5949,0
20190219,1200,28326,28340,28303,28325,3190,0
20190219,1215,28327,28327,28327,28327,2,0
20190219,1245,28327,28327,28327,28327,0,0
20190219,1300,28327,28327,28299,28299,109,0
20190219,1315,28293,28306,28167,28214,12547,0
20190219,1330,28214,28227,28179,28210,6291,0
20190219,1345,28210,28247,28193,28242,4688,0
20190219,1400,28239,28262,28235,28245,4705,0
20190219,1415,28243,28243,28201,28219,5390,0
20190219,1430,28219,28242,28213,28242,2751,0
20190219,1445,28241,28273,28237,28264,4109,0
20190219,1500,28262,28266,28237,28259,2848,0
20190219,1515,28260,28260,28224,28234,3044,0
20190219,1530,28234,28250,28221,28235,2268,0
20190219,1545,28235,28245,28193,28196,3130,0
20190219,1600,28196,28242,28196,28224,4450,0
20190219,1615,28223,28232,28136,28149,5297,0
20190219,1630,28150,28162,28129,28155,3600,0
20190219,1645,28155,28155,28155,28155,0,0
20190219,1715,28155,28155,28155,28155,0,0
20190219,1730,28125,28136,28077,28096,1656,0
20190219,1745,28095,28105,28075,28096,833,0
20190219,1800,28096,28106,28085,28099,521,0
20190219,1815,28096,28104,28090,28091,264,0
20190219,1830,28091,28097,28081,28088,389,0
20190219,1845,28088,28099,28086,28098,360,0
20190219,1900,28098,28126,28098,28115,582,0
20190219,1915,28113,28118,28095,28097,387,0
20190219,1930,28097,28098,28058,28065,1085,0
20190219,1945,28064,28072,28042,28052,735,0
20190219,2000,28052,28070,28038,28063,491,0
20190219,2015,28063,28077,28055,28070,495,0
20190219,2030,28070,28078,28064,28068,329,0
20190219,2045,28068,28096,28068,28086,661,0
20190219,2100,28088,28104,28082,28085,468,0
20190219,2115,28084,28102,28080,28102,338,0
20190219,2130,28102,28102,28072,28091,529,0
20190219,2145,28091,28098,28083,28091,426,0
20190219,2200,28091,28107,28083,28090,469,0
20190219,2215,28090,28096,28074,28079,551,0
20190219,2230,28079,28111,28067,28095,800,0
20190219,2245,28093,28161,28093,28151,2197,0
20190219,2300,28151,28200,28145,28199,1805,0
20190219,2315,28198,28233,28187,28224,1603,0
20190219,2330,28223,28244,28199,28226,1341,0
20190219,2345,28226,28231,28193,28215,1036,0
20190220,0000,28217,28220,28200,28200,435,0
20190220,0015,28205,28239,28205,28239,746,0
20190220,0030,28239,28252,28226,28236,701,0
20190220,0045,28235,28287,28235,28285,901,0
20190220,0100,28288,28313,28283,28312,899,0
20190220,0930,28295,28413,28277,28373,9699,0
20190220,0945,28366,28517,28360,28503,20206,0
20190220,1000,28506,28554,28479,28517,15079,0
20190220,1015,28518,28539,28464,28503,10961,0
20190220,1030,28504,28571,28496,28568,8903,0
20190220,1045,28567,28572,28511,28548,8283,0
20190220,1100,28547,28563,28487,28488,6488,0
20190220,1115,28489,28522,28485,28505,5387,0
20190220,1130,28505,28511,28365,28380,10601,0
20190220,1145,28378,28394,28297,28323,9719,0
20190220,1200,28325,28389,28304,28372,4728,0
20190220,1215,28370,28370,28370,28370,2,0
20190220,1245,28370,28370,28370,28370,0,0
20190220,1300,28370,28373,28370,28373,6,0
20190220,1315,28377,28390,28334,28351,4885,0
20190220,1330,28351,28384,28340,28369,3868,0
20190220,1345,28368,28404,28365,28374,3870,0
20190220,1400,28376,28454,28365,28435,6010,0
20190220,1415,28438,28477,28435,28452,5406,0
20190220,1430,28453,28474,28433,28456,4213,0
20190220,1445,28457,28483,28446,28455,3687,0
20190220,1500,28455,28466,28430,28437,4096,0
20190220,1515,28436,28460,28414,28449,4190,0
20190220,1530,28449,28466,28439,28447,3152,0
20190220,1545,28447,28475,28441,28452,2855,0
20190220,1600,28452,28462,28423,28431,4402,0
20190220,1615,28431,28506,28428,28481,5500,0
20190220,1630,28481,28514,28478,28509,4256,0
20190220,1645,28509,28510,28509,28510,5,0
20190220,1715,28510,28510,28510,28510,0,0
20190220,1730,28510,28517,28477,28477,1081,0
20190220,1745,28478,28478,28451,28455,882,0
20190220,1800,28455,28469,28445,28456,749,0
20190220,1815,28456,28476,28454,28474,727,0
20190220,1830,28476,28484,28457,28459,475,0
20190220,1845,28459,28475,28451,28471,517,0
20190220,1900,28471,28493,28470,28491,621,0
20190220,1915,28489,28492,28466,28469,519,0
20190220,1930,28469,28478,28458,28471,382,0
20190220,1945,28473,28473,28456,28459,454,0
20190220,2000,28461,28474,28459,28474,335,0
20190220,2015,28474,28479,28468,28478,425,0
20190220,2030,28478,28487,28474,28486,332,0
20190220,2045,28486,28502,28484,28485,538,0
20190220,2100,28483,28492,28477,28484,223,0
20190220,2115,28483,28488,28469,28483,429,0
20190220,2130,28483,28498,28478,28489,386,0
20190220,2145,28489,28504,28487,28503,254,0
20190220,2200,28503,28529,28502,28516,874,0
20190220,2215,28516,28517,28507,28515,487,0
20190220,2230,28515,28525,28513,28516,401,0
20190220,2245,28516,28554,28516,28520,2164,0
20190220,2300,28521,28559,28509,28554,1391,0
20190220,2315,28554,28585,28543,28565,1493,0
20190220,2330,28563,28638,28562,28637,1745,0
20190220,2345,28638,28647,28625,28636,1206,0
20190221,0000,28636,28643,28611,28614,768,0
20190221,0015,28614,28637,28611,28637,698,0
20190221,0030,28637,28646,28616,28635,810,0
20190221,0045,28635,28660,28622,28652,860,0
20190221,0100,28652,28671,28642,28662,735,0
20190221,0930,28543,28572,28428,28444,10748,0
20190221,0945,28442,28487,28366,28482,18304,0
20190221,1000,28481,28538,28447,28522,12110,0
20190221,1015,28523,28596,28504,28544,12511,0
20190221,1030,28543,28561,28486,28553,11243,0
20190221,1045,28553,28582,28542,28561,6630,0
20190221,1100,28560,28683,28533,28673,14923,0
20190221,1115,28673,28685,28630,28650,8509,0
20190221,1130,28648,28687,28640,28651,6777,0
20190221,1145,28651,28744,28651,28709,7844,0
20190221,1200,28708,28713,28681,28704,4281,0
20190221,1215,28704,28704,28704,28704,6,0
20190221,1245,28704,28704,28704,28704,0,0
20190221,1300,28704,28704,28701,28701,26,0
20190221,1315,28698,28758,28683,28753,6334,0
20190221,1330,28755,28787,28731,28737,7240,0
20190221,1345,28739,28767,28737,28748,5002,0
20190221,1400,28748,28785,28595,28595,16129,0
20190221,1415,28594,28630,28564,28600,10291,0
20190221,1430,28600,28603,28531,28582,10323,0
20190221,1445,28579,28581,28528,28531,5448,0
20190221,1500,28528,28609,28523,28599,6653,0
20190221,1515,28598,28603,28563,28599,4361,0
20190221,1530,28599,28657,28586,28646,5256,0
20190221,1545,28646,28646,28613,28624,3769,0
20190221,1600,28626,28643,28617,28630,4095,0
20190221,1615,28632,28638,28608,28632,4775,0
20190221,1630,28635,28655,28631,28653,3579,0
20190221,1645,28655,28655,28655,28655,4,0
20190221,1715,28655,28655,28655,28655,0,0
20190221,1730,28638,28638,28583,28619,1384,0
20190221,1745,28619,28637,28610,28618,809,0
20190221,1800,28620,28626,28601,28609,559,0
20190221,1815,28609,28634,28608,28629,460,0
20190221,1830,28629,28639,28621,28630,542,0
20190221,1845,28631,28663,28627,28653,978,0
20190221,1900,28654,28674,28643,28672,643,0
20190221,1915,28671,28683,28664,28671,576,0
20190221,1930,28673,28682,28670,28674,293,0
20190221,1945,28674,28679,28655,28663,538,0
20190221,2000,28663,28667,28645,28665,588,0
20190221,2015,28663,28679,28643,28645,691,0
20190221,2030,28646,28653,28628,28639,873,0
20190221,2045,28636,28639,28603,28628,1319,0
20190221,2100,28626,28642,28622,28636,482,0
20190221,2115,28636,28649,28614,28640,812,0
20190221,2130,28640,28646,28626,28626,405,0
20190221,2145,28626,28629,28594,28625,979,0
20190221,2200,28624,28639,28623,28629,545,0
20190221,2215,28628,28633,28608,28616,807,0
20190221,2230,28616,28626,28582,28589,776,0
20190221,2245,28587,28620,28544,28552,2720,0
20190221,2300,28537,28559,28500,28539,2310,0
20190221,2315,28539,28543,28484,28512,2089,0
20190221,2330,28512,28542,28493,28496,1443,0
20190221,2345,28498,28518,28496,28510,974,0
20190222,0000,28510,28520,28472,28491,1012,0
20190222,0015,28489,28517,28481,28505,1015,0
20190222,0030,28506,28512,28456,28462,1050,0
20190222,0045,28462,28484,28462,28473,830,0
20190222,0100,28473,28506,28458,28500,875,0
20190222,0930,28506,28569,28492,28529,10194,0
20190222,0945,28529,28561,28451,28521,19442,0
20190222,1000,28519,28563,28420,28422,16436,0
20190222,1015,28422,28510,28417,28469,12450,0
20190222,1030,28470,28505,28446,28446,8391,0
20190222,1045,28446,28493,28437,28492,7988,0
20190222,1100,28493,28544,28476,28508,9438,0
20190222,1115,28509,28590,28482,28571,10231,0
20190222,1130,28572,28593,28547,28561,8563,0
20190222,1145,28562,28603,28551,28574,4110,0
20190222,1200,28575,28576,28555,28564,7007,0
20190222,1215,28564,28564,28564,28564,1,0
20190222,1245,28564,28564,28564,28564,0,0
20190222,1300,28564,28564,28557,28557,25,0
20190222,1315,28557,28586,28535,28540,8546,0
20190222,1330,28540,28582,28538,28574,5587,0
20190222,1345,28574,28637,28573,28629,9057,0
20190222,1400,28629,28642,28608,28625,5742,0
20190222,1415,28627,28644,28598,28635,5098,0
20190222,1430,28636,28680,28628,28680,6405,0
20190222,1445,28679,28720,28676,28693,8330,0
20190222,1500,28693,28745,28689,28729,6014,0
20190222,1515,28729,28733,28701,28729,4647,0
20190222,1530,28729,28747,28704,28736,3982,0
20190222,1545,28736,28779,28729,28758,5361,0
20190222,1600,28759,28820,28759,28814,6490,0
20190222,1615,28815,28845,28782,28843,7897,0
20190222,1630,28843,28864,28804,28805,16032,0
20190222,1645,28806,28806,28806,28806,3,0
20190222,1715,28806,28806,28806,28806,0,0
20190222,1730,28849,28861,28828,28830,1605,0
20190222,1745,28829,28858,28819,28831,934,0
20190222,1800,28831,28835,28814,28826,687,0
20190222,1815,28827,28834,28816,28828,550,0
20190222,1830,28824,28844,28821,28829,474,0
20190222,1845,28830,28850,28825,28850,470,0
20190222,1900,28850,28882,28846,28878,1463,0
20190222,1915,28879,28887,28871,28879,608,0
20190222,1930,28879,28892,28879,28881,474,0
20190222,1945,28882,28892,28876,28892,482,0
20190222,2000,28892,28892,28869,28885,579,0
20190222,2015,28885,28891,28873,28879,359,0
20190222,2030,28879,28882,28856,28856,366,0
20190222,2045,28857,28868,28854,28860,543,0
20190222,2100,28859,28859,28844,28849,499,0
20190222,2115,28849,28858,28840,28852,432,0
20190222,2130,28852,28868,28843,28857,618,0
20190222,2145,28857,28860,28807,28810,1407,0
20190222,2200,28808,28808,28781,28796,1581,0
20190222,2215,28795,28829,28795,28825,781,0
20190222,2230,28823,28829,28800,28813,547,0
20190222,2245,28813,28835,28771,28826,2659,0
20190222,2300,28827,28852,28813,28845,1437,0
20190222,2315,28845,28870,28840,28848,1362,0
20190222,2330,28848,28862,28825,28834,1013,0
20190222,2345,28835,28853,28819,28852,933,0
20190223,0000,28852,28872,28843,28857,871,0
20190223,0015,28864,28877,28850,28859,993,0
20190223,0030,28859,28881,28854,28878,737,0
20190223,0045,28876,28877,28853,28866,514,0
20190223,0100,28866,28873,28845,28872,778,0
20190225,0930,28932,28972,28899,28958,15360,0
20190225,0945,28959,29006,28896,28968,22876,0
20190225,1000,28969,29018,28796,28849,22749,0
20190225,1015,28851,28946,28837,28937,15167,0
20190225,1030,28933,28938,28840,28936,15296,0
20190225,1045,28936,28945,28790,28801,15113,0
20190225,1100,28799,28841,28742,28815,17659,0
20190225,1115,28813,28857,28795,28843,7655,0
20190225,1130,28844,28928,28835,28925,10123,0
20190225,1145,28930,28930,28860,28885,6216,0
20190225,1200,28888,28903,28881,28893,2320,0
20190225,1215,28893,28893,28893,28893,4,0
20190225,1245,28893,28893,28893,28893,0,0
20190225,1300,28893,28893,28890,28890,11,0
20190225,1315,28893,28941,28893,28897,9160,0
20190225,1330,28895,28917,28869,28896,7577,0
20190225,1345,28896,28897,28823,28867,11176,0
20190225,1400,28868,28876,28820,28855,6931,0
20190225,1415,28856,28909,28836,28909,6736,0
20190225,1430,28909,28933,28884,28929,7082,0
20190225,1445,28930,28990,28923,28938,11994,0
20190225,1500,28937,28964,28921,28952,7055,0
20190225,1515,28951,28976,28923,28965,5616,0
20190225,1530,28965,28982,28921,28922,6869,0
20190225,1545,28922,28943,28909,28936,3931,0
20190225,1600,28937,28957,28928,28934,6378,0
20190225,1615,28938,28939,28866,28893,13439,0
20190225,1630,28890,28903,28873,28891,9364,0
20190225,1645,28890,28890,28890,28890,2,0
20190225,1715,28890,28890,28890,28890,0,0
20190225,1730,28919,28931,28903,28926,1444,0
20190225,1745,28926,28935,28919,28923,436,0
20190225,1800,28923,28932,28912,28918,593,0
20190225,1815,28918,28925,28913,28923,389,0
20190225,1830,28923,28938,28922,28925,568,0
20190225,1845,28924,28947,28924,28939,550,0
20190225,1900,28938,28957,28938,28953,462,0
20190225,1915,28953,28962,28945,28948,351,0
20190225,1930,28948,28959,28945,28945,240,0
20190225,1945,28945,28952,28937,28938,927,0
20190225,2000,28938,28945,28923,28927,753,0
20190225,2015,28927,28929,28916,28926,577,0
20190225,2030,28928,28932,28915,28922,356,0
20190225,2045,28922,28927,28918,28921,322,0
20190225,2100,28921,28939,28921,28934,388,0
20190225,2115,28932,28944,28932,28944,717,0
20190225,2130,28942,28952,28934,28946,474,0
20190225,2145,28947,28960,28943,28947,489,0
20190225,2200,28947,28960,28947,28956,729,0
20190225,2215,28956,28972,28956,28969,612,0
20190225,2230,28969,28978,28965,28977,530,0
20190225,2245,28978,29025,28978,29007,2795,0
20190225,2300,29007,29017,28992,28994,1510,0
20190225,2315,28994,29062,28979,29061,2611,0
20190225,2330,29062,29072,29036,29046,1825,0
20190225,2345,29046,29081,29043,29080,1198,0
20190226,0000,29081,29111,29073,29101,1669,0
20190226,0015,29101,29114,29089,29092,923,0
20190226,0030,29092,29098,29082,29090,845,0
20190226,0045,29088,29107,29073,29090,1115,0
20190226,0100,29090,29108,29063,29063,890,0
20190226,0930,28971,28994,28928,28941,14669,0
20190226,0945,28938,28938,28803,28860,20302,0
20190226,1000,28866,28896,28810,28889,13438,0
20190226,1015,28890,28924,28848,28920,13517,0
20190226,1030,28923,28926,28825,28852,11579,0
20190226,1045,28853,28868,28747,28766,13127,0
20190226,1100,28764,28832,28744,28808,8586,0
20190226,1115,28807,28852,28770,28771,7982,0
20190226,1130,28770,28836,28767,28831,5733,0
20190226,1145,28827,28842,28799,28803,4051,0
20190226,1200,28803,28818,28786,28794,2503,0
20190226,1215,28794,28794,28794,28794,0,0
20190226,1245,28794,28794,28794,28794,0,0
20190226,1300,28794,28794,28787,28787,3,0
20190226,1315,28795,28853,28795,28836,7587,0
20190226,1330,28835,28863,28797,28797,5740,0
20190226,1345,28799,28817,28758,28768,7310,0
20190226,1400,28770,28803,28732,28781,8247,0
20190226,1415,28781,28811,28759,28789,7274,0
20190226,1430,28786,28807,28755,28760,5689,0
20190226,1445,28762,28774,28736,28746,5307,0
20190226,1500,28744,28762,28703,28726,6431,0
20190226,1515,28723,28770,28722,28758,3286,0
20190226,1530,28758,28781,28752,28756,3421,0
20190226,1545,28756,28793,28749,28779,3871,0
20190226,1600,28778,28796,28775,28781,4124,0
20190226,1615,28786,28791,28711,28719,10008,0
20190226,1630,28719,28732,28719,28727,4764,0
20190226,1645,28727,28727,28727,28727,0,0
