20190114,1030,3.300,3.300,3.293,3.298,143,0
20190114,1045,3.299,3.302,3.295,3.298,99,0
20190114,1100,3.298,3.298,3.282,3.288,453,0
20190114,1115,3.288,3.296,3.287,3.293,130,0
20190114,1130,3.293,3.301,3.289,3.300,244,0
20190114,1145,3.299,3.311,3.295,3.310,164,0
20190114,1200,3.310,3.310,3.299,3.300,99,0
20190114,1215,3.300,3.308,3.300,3.305,130,0
20190114,1230,3.305,3.308,3.305,3.305,45,0
20190114,1245,3.305,3.305,3.294,3.296,154,0
20190114,1300,3.297,3.298,3.290,3.296,171,0
20190114,1315,3.294,3.299,3.289,3.292,142,0
20190114,1330,3.292,3.307,3.290,3.304,280,0
20190114,1345,3.304,3.304,3.294,3.299,199,0
20190114,1400,3.297,3.299,3.294,3.299,61,0
20190114,1415,3.299,3.299,3.293,3.295,105,0
20190114,1430,3.297,3.298,3.294,3.294,29,0
20190114,1445,3.294,3.300,3.293,3.297,57,0
20190114,1500,3.297,3.300,3.296,3.298,94,0
20190114,1515,3.298,3.305,3.296,3.302,196,0
20190114,1530,3.302,3.306,3.296,3.301,148,0
20190114,1545,3.301,3.308,3.296,3.297,168,0
20190114,1600,3.297,3.312,3.296,3.312,483,0
20190114,1615,3.312,3.316,3.309,3.311,537,0
20190114,1630,3.311,3.312,3.309,3.309,446,0
20190114,1645,3.310,3.322,3.309,3.314,406,0
20190114,1700,3.314,3.317,3.310,3.314,137,0
20190114,1715,3.318,3.319,3.312,3.318,308,0
20190114,1730,3.318,3.318,3.312,3.315,92,0
20190114,1745,3.315,3.322,3.315,3.316,226,0
20190114,1800,3.316,3.324,3.316,3.319,197,0
20190114,1815,3.319,3.320,3.316,3.318,67,0
20190114,1830,3.317,3.323,3.316,3.321,181,0
20190114,1845,3.321,3.323,3.316,3.317,160,0
20190114,1900,3.317,3.326,3.317,3.326,213,0
20190114,1915,3.325,3.333,3.324,3.332,297,0
20190114,1930,3.332,3.338,3.327,3.331,528,0
20190114,1945,3.331,3.336,3.329,3.329,255,0
20190114,2000,3.329,3.332,3.329,3.331,343,0
20190114,2015,3.332,3.358,3.329,3.354,1098,0
20190114,2030,3.354,3.373,3.354,3.373,1102,0
20190114,2045,3.373,3.394,3.372,3.375,2649,0
20190114,2100,3.374,3.379,3.350,3.358,1451,0
20190114,2115,3.358,3.375,3.349,3.372,3172,0
20190114,2130,3.372,3.372,3.351,3.351,2282,0
20190114,2145,3.351,3.417,3.350,3.398,4474,0
20190114,2200,3.400,3.412,3.386,3.410,3657,0
20190114,2215,3.411,3.414,3.338,3.348,8433,0
20190114,2230,3.348,3.383,3.341,3.380,7231,0
20190114,2245,3.380,3.459,3.380,3.453,13784,0
20190114,2300,3.455,3.471,3.437,3.469,6395,0
20190114,2315,3.468,3.488,3.464,3.477,6325,0
20190114,2330,3.477,3.539,3.475,3.524,12693,0
20190114,2345,3.526,3.534,3.496,3.500,5859,0
20190115,0000,3.504,3.506,3.465,3.484,6185,0
20190115,0015,3.485,3.520,3.485,3.509,5964,0
20190115,0030,3.509,3.517,3.480,3.491,4869,0
20190115,0045,3.491,3.535,3.485,3.529,6022,0
20190115,0100,3.529,3.531,3.503,3.520,4000,0
20190115,0115,3.521,3.521,3.493,3.500,5902,0
20190115,0130,3.499,3.532,3.499,3.501,6108,0
20190115,0145,3.500,3.503,3.482,3.488,3190,0
20190115,0200,3.490,3.501,3.475,3.496,3695,0
20190115,0215,3.495,3.517,3.491,3.491,3788,0
20190115,0230,3.491,3.517,3.491,3.515,3472,0
20190115,0245,3.515,3.575,3.508,3.570,8463,0
20190115,0300,3.570,3.599,3.567,3.568,8378,0
20190115,0315,3.568,3.587,3.555,3.556,6121,0
20190115,0330,3.556,3.604,3.548,3.583,19851,0
20190115,0345,3.582,3.601,3.566,3.593,6382,0
20190115,0400,3.593,3.618,3.590,3.603,3411,0
20190115,0415,3.604,3.608,3.581,3.584,1924,0
20190115,0430,3.584,3.594,3.582,3.585,860,0
20190115,0445,3.585,3.591,3.579,3.589,1001,0
20190115,0500,3.589,3.593,3.578,3.589,1268,0
20190115,0515,3.590,3.590,3.568,3.578,1034,0
20190115,0530,3.578,3.578,3.569,3.569,864,0
20190115,0545,3.570,3.582,3.568,3.580,628,0
20190115,0600,3.578,3.580,3.565,3.567,666,0
20190115,0615,3.567,3.567,3.567,3.567,0,0
20190115,0715,3.639,3.639,3.616,3.629,544,0
20190115,0730,3.629,3.634,3.624,3.634,106,0
20190115,0745,3.631,3.635,3.628,3.631,137,0
20190115,0800,3.631,3.632,3.628,3.630,67,0
20190115,0815,3.630,3.684,3.630,3.682,958,0
20190115,0830,3.681,3.690,3.672,3.677,433,0
20190115,0845,3.677,3.677,3.664,3.669,147,0
20190115,0900,3.669,3.695,3.665,3.675,390,0
20190115,0915,3.675,3.676,3.653,3.655,417,0
20190115,0930,3.655,3.660,3.641,3.652,656,0
20190115,0945,3.651,3.660,3.649,3.658,230,0
20190115,1000,3.658,3.660,3.650,3.657,167,0
20190115,1015,3.657,3.687,3.653,3.672,369,0
20190115,1030,3.672,3.676,3.669,3.675,94,0
20190115,1045,3.677,3.680,3.673,3.676,86,0
20190115,1100,3.678,3.685,3.677,3.683,78,0
20190115,1115,3.683,3.687,3.680,3.685,109,0
20190115,1130,3.685,3.686,3.672,3.673,205,0
20190115,1145,3.672,3.680,3.672,3.679,113,0
20190115,1200,3.679,3.682,3.675,3.675,49,0
20190115,1215,3.675,3.682,3.674,3.677,49,0
20190115,1230,3.677,3.705,3.676,3.699,600,0
20190115,1245,3.699,3.700,3.686,3.698,241,0
20190115,1300,3.698,3.702,3.695,3.696,162,0
20190115,1315,3.696,3.707,3.689,3.694,308,0
20190115,1330,3.694,3.722,3.690,3.720,566,0
20190115,1345,3.718,3.720,3.710,3.716,401,0
20190115,1400,3.716,3.716,3.703,3.716,268,0
20190115,1415,3.715,3.719,3.702,3.710,184,0
20190115,1430,3.710,3.713,3.708,3.712,190,0
20190115,1445,3.711,3.713,3.709,3.713,40,0
20190115,1500,3.713,3.722,3.713,3.716,141,0
20190115,1515,3.716,3.716,3.698,3.707,274,0
20190115,1530,3.708,3.708,3.683,3.687,325,0
20190115,1545,3.686,3.688,3.617,3.636,2348,0
20190115,1600,3.635,3.635,3.545,3.572,2538,0
20190115,1615,3.572,3.628,3.572,3.592,1762,0
20190115,1630,3.592,3.609,3.584,3.604,608,0
20190115,1645,3.604,3.605,3.589,3.595,256,0
20190115,1700,3.595,3.598,3.559,3.578,802,0
20190115,1715,3.578,3.579,3.544,3.548,624,0
20190115,1730,3.548,3.576,3.547,3.569,609,0
20190115,1745,3.569,3.600,3.568,3.572,502,0
20190115,1800,3.572,3.579,3.562,3.576,303,0
20190115,1815,3.576,3.582,3.563,3.570,271,0
20190115,1830,3.570,3.583,3.568,3.577,355,0
20190115,1845,3.577,3.587,3.571,3.571,376,0
20190115,1900,3.571,3.582,3.566,3.581,304,0
20190115,1915,3.580,3.584,3.565,3.565,448,0
20190115,1930,3.567,3.578,3.552,3.565,895,0
20190115,1945,3.565,3.566,3.546,3.552,553,0
20190115,2000,3.552,3.554,3.526,3.536,1809,0
20190115,2015,3.543,3.548,3.520,3.542,1463,0
20190115,2030,3.542,3.573,3.536,3.566,1280,0
20190115,2045,3.566,3.567,3.544,3.550,839,0
20190115,2100,3.550,3.566,3.541,3.546,1317,0
20190115,2115,3.548,3.618,3.528,3.601,4626,0
20190115,2130,3.599,3.637,3.583,3.603,4568,0
20190115,2145,3.603,3.603,3.573,3.589,3577,0
20190115,2200,3.589,3.615,3.583,3.607,2667,0
20190115,2215,3.606,3.606,3.542,3.559,7951,0
20190115,2230,3.559,3.595,3.558,3.564,4044,0
20190115,2245,3.564,3.597,3.558,3.594,3385,0
20190115,2300,3.594,3.596,3.554,3.554,3322,0
20190115,2315,3.556,3.558,3.516,3.534,7363,0
20190115,2330,3.535,3.554,3.511,3.518,4302,0
20190115,2345,3.517,3.528,3.481,3.498,6952,0
20190116,0000,3.498,3.527,3.454,3.459,7020,0
20190116,0015,3.458,3.509,3.457,3.490,9408,0
20190116,0030,3.491,3.504,3.475,3.492,5857,0
20190116,0045,3.490,3.493,3.452,3.478,7192,0
20190116,0100,3.477,3.536,3.477,3.507,8176,0
20190116,0115,3.508,3.527,3.488,3.520,6382,0
20190116,0130,3.519,3.544,3.519,3.528,5880,0
20190116,0145,3.528,3.535,3.514,3.528,2927,0
20190116,0200,3.529,3.555,3.517,3.544,3115,0
20190116,0215,3.544,3.548,3.504,3.506,3361,0
20190116,0230,3.506,3.507,3.466,3.470,4726,0
20190116,0245,3.470,3.495,3.468,3.475,3194,0
20190116,0300,3.474,3.493,3.460,3.480,2521,0
20190116,0315,3.480,3.502,3.474,3.493,2834,0
20190116,0330,3.494,3.503,3.465,3.501,9483,0
20190116,0345,3.501,3.503,3.453,3.502,6075,0
20190116,0400,3.502,3.510,3.464,3.467,2806,0
20190116,0415,3.468,3.485,3.461,3.463,1158,0
20190116,0430,3.463,3.472,3.461,3.462,308,0
20190116,0445,3.463,3.467,3.449,3.462,786,0
20190116,0500,3.463,3.469,3.461,3.464,378,0
20190116,0515,3.463,3.463,3.433,3.445,682,0
20190116,0530,3.445,3.448,3.439,3.441,293,0
20190116,0545,3.442,3.458,3.441,3.453,366,0
20190116,0600,3.453,3.453,3.442,3.447,347,0
20190116,0615,3.447,3.447,3.447,3.447,0,0
20190116,0715,3.452,3.473,3.449,3.468,363,0
20190116,0730,3.468,3.483,3.468,3.471,131,0
20190116,0745,3.470,3.479,3.470,3.476,47,0
20190116,0800,3.476,3.478,3.460,3.467,120,0
20190116,0815,3.467,3.489,3.463,3.475,247,0
20190116,0830,3.473,3.476,3.468,3.471,81,0
20190116,0845,3.471,3.476,3.469,3.471,44,0
20190116,0900,3.470,3.474,3.463,3.466,112,0
20190116,0915,3.466,3.477,3.466,3.476,175,0
20190116,0930,3.476,3.483,3.474,3.483,127,0
20190116,0945,3.483,3.483,3.474,3.476,97,0
20190116,1000,3.476,3.477,3.475,3.476,27,0
20190116,1015,3.476,3.478,3.456,3.457,199,0
20190116,1030,3.457,3.466,3.457,3.464,78,0
20190116,1045,3.464,3.467,3.461,3.463,49,0
20190116,1100,3.463,3.466,3.436,3.445,350,0
20190116,1115,3.445,3.447,3.440,3.445,77,0
20190116,1130,3.445,3.452,3.445,3.445,98,0
20190116,1145,3.445,3.451,3.444,3.450,79,0
20190116,1200,3.450,3.452,3.445,3.445,60,0
20190116,1215,3.447,3.448,3.442,3.445,59,0
20190116,1230,3.445,3.452,3.443,3.451,99,0
20190116,1245,3.451,3.464,3.451,3.458,153,0
20190116,1300,3.458,3.459,3.415,3.424,443,0
20190116,1315,3.423,3.436,3.417,3.427,423,0
20190116,1330,3.427,3.429,3.378,3.391,829,0
20190116,1345,3.391,3.403,3.385,3.392,467,0
20190116,1400,3.392,3.402,3.392,3.398,155,0
20190116,1415,3.398,3.399,3.385,3.386,185,0
20190116,1430,3.386,3.400,3.384,3.395,219,0
20190116,1445,3.395,3.409,3.395,3.402,286,0
20190116,1500,3.402,3.407,3.401,3.406,60,0
20190116,1515,3.406,3.410,3.400,3.408,197,0
20190116,1530,3.408,3.431,3.400,3.426,499,0
20190116,1545,3.426,3.478,3.421,3.461,1781,0
20190116,1600,3.459,3.472,3.441,3.462,719,0
20190116,1615,3.462,3.475,3.459,3.468,282,0
20190116,1630,3.468,3.492,3.468,3.483,486,0
20190116,1645,3.483,3.484,3.471,3.480,150,0
20190116,1700,3.480,3.487,3.479,3.481,77,0
20190116,1715,3.481,3.481,3.466,3.471,312,0
20190116,1730,3.472,3.483,3.470,3.473,145,0
20190116,1745,3.471,3.499,3.470,3.492,377,0
20190116,1800,3.492,3.532,3.491,3.529,665,0
20190116,1815,3.528,3.547,3.523,3.525,648,0
20190116,1830,3.525,3.529,3.503,3.504,594,0
20190116,1845,3.504,3.504,3.482,3.485,445,0
20190116,1900,3.483,3.499,3.475,3.485,476,0
20190116,1915,3.483,3.488,3.479,3.481,182,0
20190116,1930,3.481,3.515,3.481,3.505,385,0
20190116,1945,3.505,3.535,3.496,3.521,460,0
20190116,2000,3.523,3.525,3.506,3.525,402,0
20190116,2015,3.524,3.532,3.499,3.513,724,0
20190116,2030,3.513,3.524,3.499,3.518,504,0
20190116,2045,3.518,3.534,3.508,3.528,755,0
20190116,2100,3.527,3.553,3.519,3.549,1211,0
20190116,2115,3.552,3.556,3.522,3.554,3212,0
20190116,2130,3.554,3.570,3.544,3.570,1614,0
20190116,2145,3.568,3.617,3.566,3.614,6489,0
20190116,2200,3.614,3.648,3.588,3.648,5446,0
20190116,2215,3.654,3.695,3.641,3.670,9815,0
20190116,2230,3.670,3.682,3.639,3.654,5589,0
20190116,2245,3.654,3.667,3.626,3.627,4363,0
20190116,2300,3.627,3.644,3.621,3.642,3407,0
20190116,2315,3.641,3.645,3.591,3.605,3370,0
20190116,2330,3.604,3.634,3.604,3.630,2222,0
20190116,2345,3.632,3.652,3.623,3.643,2642,0
20190117,0000,3.643,3.659,3.634,3.650,3168,0
20190117,0015,3.651,3.672,3.636,3.638,4464,0
20190117,0030,3.638,3.644,3.605,3.609,5670,0
20190117,0045,3.609,3.617,3.575,3.592,6083,0
20190117,0100,3.591,3.599,3.537,3.545,7899,0
20190117,0115,3.545,3.565,3.464,3.468,12880,0
20190117,0130,3.469,3.528,3.438,3.515,12486,0
20190117,0145,3.514,3.535,3.497,3.497,5042,0
20190117,0200,3.498,3.522,3.473,3.508,3634,0
20190117,0215,3.508,3.514,3.469,3.474,3024,0
20190117,0230,3.474,3.474,3.439,3.472,4605,0
20190117,0245,3.473,3.473,3.391,3.417,6385,0
20190117,0300,3.417,3.417,3.391,3.415,5208,0
20190117,0315,3.412,3.450,3.409,3.443,5354,0
20190117,0330,3.446,3.448,3.364,3.386,15548,0
20190117,0345,3.381,3.394,3.338,3.378,7804,0
20190117,0400,3.378,3.383,3.351,3.375,3120,0
20190117,0415,3.375,3.402,3.372,3.401,1448,0
20190117,0430,3.401,3.401,3.383,3.392,867,0
20190117,0445,3.392,3.395,3.386,3.395,318,0
20190117,0500,3.395,3.398,3.392,3.398,940,0
20190117,0515,3.398,3.400,3.385,3.389,624,0
20190117,0530,3.390,3.403,3.390,3.403,186,0
20190117,0545,3.403,3.406,3.399,3.403,333,0
20190117,0600,3.401,3.405,3.400,3.405,349,0
20190117,0615,3.405,3.405,3.405,3.405,1,0
20190117,0715,3.418,3.418,3.393,3.402,365,0
20190117,0730,3.402,3.424,3.402,3.424,170,0
20190117,0745,3.424,3.439,3.416,3.429,194,0
20190117,0800,3.430,3.435,3.423,3.424,119,0
20190117,0815,3.424,3.435,3.421,3.426,135,0
20190117,0830,3.428,3.428,3.414,3.419,97,0
20190117,0845,3.419,3.420,3.408,3.420,112,0
20190117,0900,3.420,3.438,3.413,3.438,121,0
20190117,0915,3.438,3.444,3.431,3.439,260,0
20190117,0930,3.439,3.439,3.429,3.432,109,0
20190117,0945,3.432,3.437,3.430,3.433,83,0
20190117,1000,3.429,3.433,3.426,3.431,82,0
20190117,1015,3.431,3.435,3.427,3.429,85,0
20190117,1030,3.429,3.434,3.427,3.428,76,0
20190117,1045,3.428,3.433,3.427,3.427,75,0
20190117,1100,3.429,3.431,3.427,3.427,35,0
20190117,1115,3.427,3.433,3.426,3.431,90,0
20190117,1130,3.431,3.432,3.428,3.428,48,0
20190117,1145,3.431,3.432,3.420,3.420,98,0
20190117,1200,3.420,3.431,3.417,3.426,120,0
20190117,1215,3.426,3.428,3.423,3.426,98,0
20190117,1230,3.426,3.445,3.423,3.442,203,0
20190117,1245,3.440,3.458,3.434,3.455,198,0
20190117,1300,3.464,3.474,3.453,3.468,314,0
20190117,1315,3.468,3.470,3.431,3.450,448,0
20190117,1330,3.450,3.460,3.442,3.453,296,0
20190117,1345,3.453,3.454,3.447,3.450,103,0
20190117,1400,3.450,3.450,3.440,3.443,185,0
20190117,1415,3.443,3.446,3.439,3.439,53,0
20190117,1430,3.439,3.447,3.438,3.447,116,0
20190117,1445,3.447,3.460,3.444,3.450,169,0
20190117,1500,3.450,3.469,3.449,3.459,238,0
20190117,1515,3.459,3.465,3.446,3.460,165,0
20190117,1530,3.460,3.469,3.458,3.469,203,0
20190117,1545,3.469,3.487,3.457,3.481,893,0
20190117,1600,3.481,3.520,3.480,3.517,973,0
20190117,1615,3.514,3.533,3.502,3.533,649,0
20190117,1630,3.533,3.548,3.526,3.543,692,0
20190117,1645,3.543,3.552,3.542,3.544,508,0
20190117,1700,3.544,3.551,3.531,3.538,360,0
20190117,1715,3.538,3.552,3.537,3.550,221,0
20190117,1730,3.551,3.552,3.545,3.549,154,0
20190117,1745,3.549,3.570,3.549,3.565,478,0
20190117,1800,3.565,3.575,3.527,3.531,768,0
20190117,1815,3.531,3.541,3.529,3.535,487,0
20190117,1830,3.535,3.540,3.521,3.529,355,0
20190117,1845,3.530,3.538,3.516,3.527,395,0
20190117,1900,3.527,3.542,3.525,3.538,264,0
20190117,1915,3.538,3.562,3.537,3.549,545,0
20190117,1930,3.547,3.556,3.544,3.552,300,0
20190117,1945,3.552,3.574,3.545,3.559,807,0
20190117,2000,3.559,3.572,3.559,3.566,625,0
20190117,2015,3.566,3.584,3.553,3.555,1366,0
20190117,2030,3.556,3.559,3.531,3.536,1485,0
20190117,2045,3.536,3.566,3.531,3.551,1250,0
20190117,2100,3.551,3.583,3.550,3.583,1356,0
20190117,2115,3.583,3.591,3.547,3.562,2486,0
20190117,2130,3.558,3.571,3.533,3.561,2492,0
20190117,2145,3.561,3.576,3.542,3.544,4726,0
20190117,2200,3.545,3.551,3.525,3.540,2070,0
20190117,2215,3.542,3.543,3.517,3.530,3570,0
20190117,2230,3.528,3.554,3.525,3.553,3214,0
20190117,2245,3.553,3.562,3.536,3.550,3349,0
20190117,2300,3.552,3.559,3.538,3.540,2428,0
20190117,2315,3.540,3.545,3.523,3.524,3043,0
20190117,2330,3.524,3.539,3.504,3.526,2908,0
20190117,2345,3.545,3.548,3.464,3.479,8443,0
20190118,0000,3.479,3.488,3.438,3.442,3679,0
20190118,0015,3.441,3.458,3.431,3.444,6311,0
20190118,0030,3.444,3.446,3.394,3.414,7285,0
20190118,0045,3.414,3.439,3.399,3.427,6195,0
20190118,0100,3.427,3.465,3.426,3.430,4885,0
20190118,0115,3.430,3.478,3.418,3.458,6043,0
20190118,0130,3.458,3.483,3.444,3.476,4186,0
20190118,0145,3.476,3.518,3.471,3.512,3720,0
20190118,0200,3.512,3.512,3.489,3.496,2195,0
20190118,0215,3.496,3.503,3.475,3.487,1863,0
20190118,0230,3.487,3.498,3.462,3.480,5185,0
20190118,0245,3.480,3.498,3.436,3.453,4940,0
20190118,0300,3.452,3.453,3.415,3.435,3563,0
20190118,0315,3.435,3.439,3.398,3.412,3340,0
20190118,0330,3.412,3.419,3.386,3.417,4098,0
20190118,0345,3.418,3.425,3.369,3.380,10647,0
20190118,0400,3.380,3.414,3.367,3.406,3524,0
20190118,0415,3.406,3.419,3.402,3.416,880,0
20190118,0430,3.416,3.422,3.409,3.409,752,0
20190118,0445,3.409,3.411,3.405,3.406,190,0
20190118,0500,3.406,3.408,3.392,3.407,661,0
20190118,0515,3.407,3.408,3.397,3.399,162,0
20190118,0530,3.399,3.414,3.399,3.409,568,0
20190118,0545,3.409,3.421,3.408,3.413,289,0
20190118,0600,3.412,3.419,3.410,3.415,289,0
20190118,0615,3.415,3.415,3.415,3.415,8,0
20190118,0715,3.425,3.438,3.416,3.428,240,0
20190118,0730,3.431,3.435,3.427,3.429,59,0
20190118,0745,3.429,3.438,3.429,3.431,152,0
20190118,0800,3.430,3.438,3.420,3.424,210,0
20190118,0815,3.424,3.430,3.422,3.423,114,0
20190118,0830,3.423,3.426,3.421,3.422,159,0
20190118,0845,3.422,3.424,3.412,3.412,109,0
20190118,0900,3.412,3.416,3.335,3.391,1179,0
20190118,0915,3.388,3.412,3.385,3.409,401,0
20190118,0930,3.409,3.409,3.383,3.391,272,0
20190118,0945,3.390,3.409,3.389,3.408,210,0
20190118,1000,3.411,3.419,3.404,3.408,212,0
20190118,1015,3.408,3.410,3.402,3.407,92,0
20190118,1030,3.407,3.409,3.395,3.398,89,0
20190118,1045,3.398,3.403,3.374,3.384,131,0
20190118,1100,3.376,3.398,3.375,3.392,212,0
20190118,1115,3.391,3.396,3.386,3.386,57,0
20190118,1130,3.386,3.428,3.386,3.428,178,0
20190118,1145,3.422,3.423,3.405,3.416,316,0
20190118,1200,3.416,3.419,3.411,3.416,87,0
20190118,1215,3.416,3.421,3.403,3.415,221,0
20190118,1230,3.418,3.419,3.404,3.409,138,0
20190118,1245,3.409,3.414,3.403,3.406,80,0
20190118,1300,3.406,3.410,3.367,3.381,680,0
20190118,1315,3.381,3.389,3.367,3.367,322,0
20190118,1330,3.369,3.371,3.321,3.347,835,0
20190118,1345,3.347,3.356,3.340,3.349,308,0
20190118,1400,3.347,3.358,3.335,3.340,200,0
20190118,1415,3.343,3.357,3.340,3.357,173,0
20190118,1430,3.357,3.357,3.350,3.355,96,0
20190118,1445,3.355,3.369,3.353,3.365,219,0
20190118,1500,3.365,3.373,3.358,3.363,156,0
20190118,1515,3.362,3.370,3.360,3.364,143,0
20190118,1530,3.364,3.373,3.343,3.371,660,0
20190118,1545,3.372,3.400,3.313,3.319,1635,0
20190118,1600,3.320,3.323,3.305,3.317,1217,0
20190118,1615,3.319,3.346,3.302,3.317,794,0
20190118,1630,3.316,3.329,3.315,3.326,246,0
20190118,1645,3.326,3.333,3.322,3.326,184,0
20190118,1700,3.327,3.335,3.321,3.331,158,0
20190118,1715,3.331,3.337,3.324,3.327,221,0
20190118,1730,3.327,3.328,3.315,3.315,154,0
20190118,1745,3.313,3.334,3.313,3.330,177,0
20190118,1800,3.328,3.339,3.328,3.329,93,0
20190118,1815,3.329,3.331,3.323,3.323,138,0
20190118,1830,3.323,3.325,3.313,3.318,209,0
20190118,1845,3.318,3.319,3.303,3.316,318,0
20190118,1900,3.316,3.329,3.316,3.317,273,0
20190118,1915,3.317,3.319,3.293,3.309,815,0
20190118,1930,3.308,3.338,3.299,3.336,759,0
20190118,1945,3.336,3.338,3.318,3.320,604,0
20190118,2000,3.320,3.329,3.312,3.319,372,0
20190118,2015,3.318,3.324,3.308,3.313,797,0
20190118,2030,3.313,3.318,3.300,3.311,964,0
20190118,2045,3.311,3.312,3.277,3.297,2610,0
20190118,2100,3.293,3.307,3.283,3.284,990,0
20190118,2115,3.284,3.287,3.253,3.258,3168,0
20190118,2130,3.258,3.277,3.235,3.246,3753,0
20190118,2145,3.251,3.261,3.229,3.260,3132,0
20190118,2200,3.262,3.277,3.243,3.248,4030,0
20190118,2215,3.244,3.245,3.206,3.243,8088,0
20190118,2230,3.243,3.262,3.243,3.257,4293,0
20190118,2245,3.257,3.279,3.257,3.262,4087,0
20190118,2300,3.260,3.277,3.260,3.273,2735,0
20190118,2315,3.272,3.291,3.269,3.285,2876,0
20190118,2330,3.286,3.303,3.267,3.270,3948,0
20190118,2345,3.271,3.272,3.257,3.269,2701,0
20190119,0000,3.270,3.294,3.266,3.266,3827,0
20190119,0015,3.263,3.291,3.255,3.286,4389,0
20190119,0030,3.284,3.295,3.278,3.292,2439,0
20190119,0045,3.292,3.313,3.285,3.295,4257,0
20190119,0100,3.299,3.299,3.274,3.296,3568,0
20190119,0115,3.295,3.341,3.294,3.331,5807,0
20190119,0130,3.325,3.337,3.305,3.307,4002,0
20190119,0145,3.308,3.337,3.297,3.336,2995,0
20190119,0200,3.336,3.351,3.323,3.351,2440,0
20190119,0215,3.347,3.356,3.323,3.335,3595,0
20190119,0230,3.334,3.357,3.326,3.348,2974,0
20190119,0245,3.348,3.389,3.348,3.376,4701,0
20190119,0300,3.376,3.443,3.375,3.406,8452,0
20190119,0315,3.410,3.463,3.404,3.426,6960,0
20190119,0330,3.430,3.496,3.430,3.474,13294,0
20190119,0345,3.473,3.481,3.450,3.461,4413,0
20190119,0400,3.463,3.468,3.419,3.433,2306,0
20190119,0415,3.432,3.444,3.420,3.435,1382,0
20190119,0430,3.435,3.438,3.430,3.435,817,0
20190119,0445,3.435,3.442,3.402,3.408,1391,0
20190119,0500,3.409,3.420,3.390,3.420,970,0
20190119,0515,3.423,3.452,3.418,3.449,561,0
20190119,0530,3.447,3.447,3.424,3.429,351,0
20190119,0545,3.430,3.434,3.422,3.430,297,0
20190119,0600,3.430,3.432,3.421,3.423,529,0
20190119,0615,3.423,3.423,3.423,3.423,0,0
20190121,0715,3.327,3.343,3.311,3.313,1183,0
20190121,0730,3.314,3.322,3.310,3.320,234,0
20190121,0745,3.320,3.322,3.316,3.320,163,0
20190121,0800,3.320,3.333,3.318,3.321,177,0
20190121,0815,3.321,3.329,3.321,3.324,64,0
20190121,0830,3.324,3.325,3.318,3.320,87,0
20190121,0845,3.320,3.320,3.312,3.313,97,0
20190121,0900,3.315,3.321,3.312,3.312,88,0
20190121,0915,3.312,3.315,3.286,3.297,738,0
20190121,0930,3.300,3.306,3.297,3.300,219,0
20190121,0945,3.300,3.319,3.300,3.319,225,0
20190121,1000,3.319,3.322,3.314,3.318,188,0
20190121,1015,3.318,3.323,3.318,3.322,62,0
20190121,1030,3.322,3.326,3.317,3.322,90,0
20190121,1045,3.320,3.329,3.319,3.329,73,0
20190121,1100,3.329,3.333,3.326,3.328,135,0
20190121,1115,3.329,3.331,3.323,3.331,77,0
20190121,1130,3.329,3.334,3.328,3.333,211,0
20190121,1145,3.333,3.335,3.327,3.333,96,0
20190121,1200,3.333,3.337,3.331,3.335,52,0
20190121,1215,3.335,3.350,3.333,3.344,164,0
20190121,1230,3.344,3.350,3.344,3.349,160,0
20190121,1245,3.349,3.350,3.334,3.339,227,0
20190121,1300,3.342,3.344,3.339,3.342,52,0
20190121,1315,3.339,3.348,3.338,3.338,175,0
20190121,1330,3.338,3.340,3.308,3.332,477,0
20190121,1345,3.332,3.349,3.325,3.349,247,0
20190121,1400,3.345,3.361,3.345,3.352,272,0
20190121,1415,3.353,3.355,3.343,3.344,58,0
20190121,1430,3.344,3.353,3.344,3.346,51,0
20190121,1445,3.347,3.347,3.342,3.346,20,0
20190121,1500,3.346,3.346,3.334,3.336,88,0
20190121,1515,3.336,3.342,3.331,3.332,69,0
20190121,1530,3.337,3.352,3.336,3.352,382,0
20190121,1545,3.353,3.357,3.307,3.322,650,0
20190121,1600,3.322,3.353,3.313,3.336,415,0
20190121,1615,3.336,3.339,3.321,3.325,287,0
20190121,1630,3.330,3.330,3.311,3.319,250,0
20190121,1645,3.319,3.326,3.313,3.319,93,0
20190121,1700,3.319,3.337,3.319,3.333,108,0
20190121,1715,3.333,3.333,3.318,3.318,108,0
20190121,1730,3.320,3.333,3.320,3.330,121,0
20190121,1745,3.329,3.334,3.327,3.328,58,0
20190121,1800,3.328,3.330,3.324,3.326,33,0
20190121,1815,3.326,3.327,3.314,3.320,110,0
20190121,1830,3.320,3.320,3.296,3.301,495,0
20190121,1845,3.301,3.311,3.301,3.303,101,0
20190121,1900,3.303,3.312,3.300,3.308,82,0
20190121,1915,3.307,3.315,3.300,3.300,126,0
20190121,1930,3.301,3.304,3.290,3.291,243,0
20190121,1945,3.289,3.296,3.265,3.270,586,0
20190121,2000,3.272,3.285,3.266,3.278,262,0
20190121,2015,3.279,3.289,3.272,3.286,227,0
20190121,2030,3.284,3.328,3.284,3.317,726,0
20190121,2045,3.317,3.328,3.313,3.323,248,0
20190121,2100,3.322,3.326,3.305,3.321,246,0
20190121,2115,3.322,3.341,3.297,3.297,699,0
20190121,2130,3.299,3.317,3.299,3.315,379,0
20190121,2145,3.315,3.330,3.309,3.329,314,0
20190121,2200,3.328,3.330,3.317,3.323,209,0
20190121,2215,3.322,3.335,3.309,3.317,642,0
20190121,2230,3.317,3.331,3.316,3.326,484,0
20190121,2245,3.325,3.333,3.325,3.327,292,0
20190121,2300,3.333,3.343,3.331,3.335,704,0
20190121,2315,3.336,3.350,3.335,3.342,602,0
20190121,2330,3.343,3.349,3.325,3.326,469,0
20190121,2345,3.328,3.345,3.328,3.333,491,0
20190122,0000,3.334,3.341,3.316,3.319,518,0
20190122,0015,3.319,3.322,3.302,3.311,884,0
20190122,0030,3.311,3.317,3.299,3.299,743,0
20190122,0045,3.299,3.311,3.297,3.303,617,0
20190122,0100,3.303,3.317,3.285,3.285,910,0
20190122,0115,3.285,3.298,3.280,3.281,783,0
20190122,0130,3.281,3.293,3.275,3.277,850,0
20190122,0145,3.277,3.280,3.242,3.243,1425,0
20190122,0200,3.240,3.252,3.231,3.235,1005,0
20190122,0215,3.235,3.235,3.235,3.235,0,0
20190122,0230,3.235,3.235,3.235,3.235,0,0
20190122,0245,3.235,3.235,3.235,3.235,0,0
20190122,0300,3.235,3.235,3.235,3.235,0,0
20190122,0330,3.235,3.235,3.235,3.235,0,0
20190122,0345,3.235,3.235,3.235,3.235,0,0
20190122,0400,3.235,3.235,3.235,3.235,0,0
20190122,0415,3.235,3.235,3.235,3.235,0,0
20190122,0430,3.235,3.235,3.235,3.235,0,0
20190122,0445,3.235,3.235,3.235,3.235,0,0
20190122,0500,3.235,3.235,3.235,3.235,0,0
20190122,0515,3.235,3.235,3.235,3.235,0,0
20190122,0530,3.235,3.235,3.235,3.235,0,0
20190122,0600,3.235,3.235,3.235,3.235,0,0
20190122,0615,3.235,3.235,3.235,3.235,0,0
20190122,0715,3.235,3.330,3.235,3.309,888,0
20190122,0730,3.309,3.326,3.306,3.324,165,0
20190122,0745,3.324,3.324,3.310,3.314,156,0
20190122,0800,3.314,3.324,3.311,3.321,72,0
20190122,0815,3.321,3.323,3.314,3.314,122,0
20190122,0830,3.314,3.314,3.308,3.310,71,0
20190122,0845,3.310,3.312,3.298,3.306,104,0
20190122,0900,3.306,3.314,3.303,3.312,220,0
20190122,0915,3.312,3.314,3.307,3.312,83,0
20190122,0930,3.312,3.314,3.307,3.308,92,0
20190122,0945,3.308,3.318,3.308,3.314,79,0
20190122,1000,3.314,3.319,3.308,3.317,117,0
20190122,1015,3.317,3.320,3.315,3.317,110,0
20190122,1030,3.317,3.329,3.314,3.324,315,0
20190122,1045,3.324,3.329,3.323,3.325,61,0
20190122,1100,3.325,3.327,3.320,3.326,52,0
20190122,1115,3.326,3.328,3.321,3.325,40,0
20190122,1130,3.325,3.326,3.321,3.321,61,0
20190122,1145,3.321,3.329,3.320,3.328,113,0
20190122,1200,3.327,3.335,3.327,3.330,107,0
20190122,1215,3.330,3.333,3.325,3.325,85,0
20190122,1230,3.325,3.335,3.325,3.335,69,0
20190122,1245,3.335,3.341,3.332,3.336,106,0
20190122,1300,3.336,3.350,3.335,3.348,338,0
20190122,1315,3.348,3.356,3.343,3.353,242,0
20190122,1330,3.353,3.353,3.324,3.330,269,0
20190122,1345,3.330,3.340,3.320,3.337,211,0
20190122,1400,3.337,3.350,3.328,3.350,207,0
20190122,1415,3.350,3.350,3.336,3.338,125,0
20190122,1430,3.338,3.340,3.330,3.333,80,0
20190122,1445,3.333,3.336,3.329,3.334,44,0
20190122,1500,3.333,3.333,3.326,3.328,33,0
20190122,1515,3.328,3.337,3.327,3.335,91,0
20190122,1530,3.333,3.344,3.326,3.328,205,0
20190122,1545,3.329,3.336,3.308,3.314,473,0
20190122,1600,3.313,3.318,3.272,3.272,577,0
20190122,1615,3.271,3.284,3.265,3.278,430,0
20190122,1630,3.278,3.285,3.273,3.282,220,0
20190122,1645,3.282,3.291,3.278,3.281,227,0
20190122,1700,3.281,3.281,3.272,3.275,97,0
20190122,1715,3.275,3.284,3.269,3.275,203,0
20190122,1730,3.282,3.288,3.280,3.284,227,0
20190122,1745,3.284,3.285,3.278,3.283,196,0
20190122,1800,3.284,3.289,3.276,3.280,192,0
20190122,1815,3.280,3.283,3.262,3.263,458,0
20190122,1830,3.263,3.263,3.251,3.253,577,0
20190122,1845,3.253,3.258,3.244,3.246,347,0
20190122,1900,3.246,3.254,3.243,3.254,236,0
20190122,1915,3.258,3.263,3.254,3.259,211,0
20190122,1930,3.259,3.272,3.259,3.268,223,0
20190122,1945,3.268,3.268,3.255,3.259,239,0
20190122,2000,3.260,3.261,3.243,3.244,319,0
20190122,2015,3.247,3.262,3.244,3.259,571,0
20190122,2030,3.257,3.275,3.257,3.265,606,0
20190122,2045,3.266,3.273,3.258,3.260,429,0
20190122,2100,3.260,3.261,3.246,3.246,942,0
20190122,2115,3.217,3.249,3.209,3.248,2910,0
20190122,2130,3.248,3.260,3.180,3.187,4102,0
20190122,2145,3.182,3.196,3.167,3.195,3993,0
20190122,2200,3.194,3.201,3.183,3.184,4043,0
20190122,2215,3.184,3.217,3.179,3.208,5341,0
20190122,2230,3.206,3.209,3.189,3.202,2869,0
20190122,2245,3.200,3.206,3.172,3.181,4096,0
20190122,2300,3.180,3.187,3.161,3.161,5090,0
20190122,2315,3.163,3.171,3.134,3.148,5027,0
20190122,2330,3.147,3.155,3.133,3.144,2607,0
20190122,2345,3.145,3.159,3.143,3.152,2778,0
20190123,0000,3.148,3.185,3.146,3.182,3411,0
20190123,0015,3.185,3.196,3.172,3.173,4388,0
20190123,0030,3.173,3.186,3.169,3.174,2928,0
20190123,0045,3.174,3.178,3.153,3.156,3603,0
20190123,0100,3.154,3.167,3.148,3.151,3087,0
20190123,0115,3.152,3.161,3.138,3.158,3143,0
20190123,0130,3.160,3.165,3.141,3.148,4138,0
20190123,0145,3.149,3.149,3.135,3.137,4172,0
20190123,0200,3.137,3.138,3.106,3.111,5500,0
20190123,0215,3.109,3.115,3.098,3.107,3321,0
20190123,0230,3.107,3.107,3.070,3.085,4977,0
20190123,0245,3.088,3.097,3.074,3.090,3471,0
20190123,0300,3.090,3.100,3.081,3.090,3107,0
20190123,0315,3.090,3.090,3.072,3.079,2873,0
20190123,0330,3.077,3.080,3.034,3.051,20182,0
20190123,0345,3.056,3.071,3.053,3.055,4878,0
20190123,0400,3.055,3.063,3.039,3.044,2220,0
20190123,0415,3.046,3.053,3.040,3.051,1290,0
20190123,0430,3.051,3.058,3.050,3.054,650,0
20190123,0445,3.052,3.059,3.051,3.057,860,0
20190123,0500,3.057,3.057,3.049,3.055,828,0
20190123,0515,3.056,3.058,3.050,3.055,325,0
20190123,0530,3.055,3.068,3.055,3.068,550,0
20190123,0545,3.066,3.068,3.056,3.063,385,0
20190123,0600,3.061,3.064,3.056,3.062,506,0
20190123,0615,3.062,3.062,3.062,3.062,0,0
20190123,0715,3.052,3.079,3.052,3.069,444,0
20190123,0730,3.069,3.079,3.064,3.065,109,0
20190123,0745,3.067,3.068,3.061,3.064,87,0
20190123,0800,3.063,3.064,3.047,3.058,172,0
20190123,0815,3.058,3.068,3.058,3.065,176,0
20190123,0830,3.065,3.065,3.055,3.057,65,0
20190123,0845,3.059,3.069,3.059,3.066,78,0
20190123,0900,3.066,3.066,3.061,3.063,53,0
20190123,0915,3.063,3.072,3.061,3.068,229,0
20190123,0930,3.068,3.080,3.068,3.075,271,0
20190123,0945,3.075,3.081,3.073,3.073,194,0
20190123,1000,3.073,3.078,3.071,3.071,235,0
20190123,1015,3.071,3.074,3.070,3.072,185,0
20190123,1030,3.072,3.073,3.070,3.070,86,0
20190123,1045,3.070,3.070,3.067,3.068,62,0
20190123,1100,3.069,3.070,3.067,3.070,61,0
20190123,1115,3.070,3.073,3.068,3.069,48,0
20190123,1130,3.069,3.070,3.066,3.068,57,0
20190123,1145,3.068,3.070,3.066,3.068,41,0
20190123,1200,3.068,3.070,3.066,3.068,69,0
20190123,1215,3.069,3.072,3.069,3.071,23,0
20190123,1230,3.071,3.074,3.069,3.071,61,0
20190123,1245,3.071,3.078,3.071,3.078,100,0
20190123,1300,3.078,3.088,3.077,3.088,190,0
20190123,1315,3.086,3.104,3.081,3.099,574,0
20190123,1330,3.099,3.114,3.096,3.114,759,0
20190123,1345,3.111,3.114,3.106,3.106,134,0
20190123,1400,3.106,3.109,3.096,3.102,161,0
20190123,1415,3.102,3.102,3.094,3.102,103,0
20190123,1430,3.102,3.108,3.096,3.108,66,0
20190123,1445,3.108,3.109,3.099,3.099,69,0
20190123,1500,3.099,3.105,3.095,3.105,75,0
20190123,1515,3.105,3.105,3.094,3.098,135,0
20190123,1530,3.098,3.127,3.094,3.124,822,0
20190123,1545,3.119,3.126,3.105,3.121,824,0
20190123,1600,3.121,3.146,3.120,3.146,1004,0
20190123,1615,3.146,3.151,3.135,3.140,454,0
20190123,1630,3.140,3.147,3.138,3.140,191,0
20190123,1645,3.140,3.141,3.131,3.135,188,0
20190123,1700,3.135,3.147,3.135,3.147,154,0
20190123,1715,3.147,3.147,3.139,3.141,128,0
20190123,1730,3.142,3.142,3.134,3.139,63,0
20190123,1745,3.139,3.144,3.136,3.142,54,0
20190123,1800,3.140,3.140,3.135,3.137,47,0
20190123,1815,3.137,3.144,3.128,3.143,289,0
20190123,1830,3.143,3.153,3.143,3.147,244,0
20190123,1845,3.147,3.152,3.136,3.139,241,0
20190123,1900,3.139,3.144,3.128,3.132,443,0
20190123,1915,3.131,3.139,3.125,3.132,359,0
20190123,1930,3.131,3.135,3.122,3.126,221,0
20190123,1945,3.126,3.127,3.110,3.118,447,0
20190123,2000,3.118,3.122,3.091,3.106,350,0
20190123,2015,3.106,3.110,3.101,3.107,226,0
20190123,2030,3.107,3.128,3.094,3.125,848,0
20190123,2045,3.126,3.136,3.116,3.117,1112,0
20190123,2100,3.117,3.130,3.109,3.130,855,0
20190123,2115,3.131,3.139,3.124,3.128,1148,0
20190123,2130,3.127,3.151,3.122,3.149,2190,0
20190123,2145,3.148,3.166,3.129,3.141,2967,0
20190123,2200,3.140,3.140,3.112,3.125,2387,0
20190123,2215,3.124,3.131,3.115,3.124,2302,0
20190123,2230,3.124,3.148,3.124,3.126,2880,0
20190123,2245,3.125,3.129,3.099,3.114,5691,0
20190123,2300,3.114,3.134,3.114,3.118,3176,0
20190123,2315,3.118,3.120,3.105,3.117,1927,0
20190123,2330,3.119,3.131,3.109,3.126,2021,0
20190123,2345,3.125,3.130,3.117,3.123,1611,0
20190124,0000,3.122,3.124,3.096,3.097,2963,0
20190124,0015,3.097,3.111,3.093,3.105,2322,0
20190124,0030,3.105,3.106,3.076,3.085,5030,0
20190124,0045,3.083,3.094,3.079,3.090,2774,0
20190124,0100,3.092,3.103,3.082,3.093,2602,0
20190124,0115,3.094,3.099,3.072,3.072,2735,0
20190124,0130,3.072,3.073,3.014,3.019,7552,0
20190124,0145,3.022,3.030,3.012,3.025,4223,0
20190124,0200,3.021,3.031,3.016,3.028,2087,0
20190124,0215,3.028,3.028,2.997,3.007,4476,0
20190124,0230,3.007,3.010,2.958,2.970,7269,0
20190124,0245,2.971,3.004,2.971,2.991,5025,0
20190124,0300,2.989,2.991,2.966,2.980,3180,0
20190124,0315,2.980,2.992,2.975,2.983,2011,0
20190124,0330,2.983,2.996,2.977,2.981,7556,0
20190124,0345,2.981,2.992,2.979,2.981,3246,0
20190124,0400,2.982,3.023,2.981,3.023,3484,0
20190124,0415,3.022,3.024,3.007,3.007,1631,0
20190124,0430,3.007,3.016,3.005,3.006,714,0
20190124,0445,3.006,3.027,3.006,3.025,714,0
20190124,0500,3.025,3.028,3.025,3.026,558,0
20190124,0515,3.026,3.026,3.021,3.022,315,0
20190124,0530,3.024,3.028,3.020,3.024,194,0
20190124,0545,3.023,3.032,3.023,3.031,212,0
20190124,0600,3.031,3.033,3.021,3.027,414,0
20190124,0615,3.027,3.027,3.027,3.027,0,0
20190124,0715,3.030,3.032,3.023,3.026,130,0
20190124,0730,3.028,3.029,3.016,3.019,70,0
20190124,0745,3.019,3.034,3.016,3.032,172,0
20190124,0800,3.032,3.034,3.029,3.031,33,0
20190124,0815,3.030,3.039,3.030,3.036,76,0
20190124,0830,3.036,3.040,3.033,3.038,31,0
20190124,0845,3.038,3.042,3.035,3.040,45,0
20190124,0900,3.040,3.045,3.034,3.043,85,0
20190124,0915,3.042,3.043,3.032,3.034,108,0
20190124,0930,3.034,3.037,3.033,3.034,69,0
20190124,0945,3.033,3.037,3.031,3.032,78,0
20190124,1000,3.032,3.032,3.024,3.029,104,0
20190124,1015,3.027,3.030,3.025,3.028,43,0
20190124,1030,3.028,3.029,3.026,3.028,10,0
20190124,1045,3.028,3.031,3.028,3.031,27,0
20190124,1100,3.031,3.031,3.024,3.025,22,0
20190124,1115,3.025,3.031,3.025,3.029,31,0
20190124,1130,3.029,3.029,3.006,3.008,179,0
20190124,1145,3.008,3.019,3.008,3.017,96,0
20190124,1200,3.017,3.019,3.012,3.015,60,0
20190124,1215,3.015,3.015,3.008,3.013,41,0
20190124,1230,3.013,3.018,3.011,3.012,97,0
20190124,1245,3.012,3.017,3.007,3.013,32,0
20190124,1300,3.013,3.013,2.988,2.993,349,0
20190124,1315,2.993,3.011,2.989,3.001,224,0
20190124,1330,3.001,3.005,2.996,3.003,67,0
20190124,1345,3.003,3.017,3.003,3.009,123,0
20190124,1400,3.009,3.016,3.000,3.000,79,0
20190124,1415,3.000,3.003,2.996,2.997,63,0
20190124,1430,2.997,3.012,2.997,3.007,40,0
20190124,1445,3.007,3.007,2.991,2.995,76,0
20190124,1500,2.995,3.004,2.995,3.001,28,0
20190124,1515,3.001,3.006,3.000,3.003,60,0
20190124,1530,3.004,3.006,2.994,3.002,82,0
20190124,1545,3.000,3.023,3.000,3.006,270,0
20190124,1600,3.006,3.043,3.002,3.041,550,0
20190124,1615,3.041,3.063,3.041,3.057,372,0
20190124,1630,3.059,3.062,3.047,3.057,92,0
20190124,1645,3.057,3.057,3.050,3.053,58,0
20190124,1700,3.053,3.054,3.047,3.050,101,0
20190124,1715,3.052,3.052,3.043,3.048,50,0
20190124,1730,3.048,3.048,3.041,3.044,35,0
20190124,1745,3.043,3.061,3.043,3.061,87,0
20190124,1800,3.060,3.060,3.046,3.048,54,0
20190124,1815,3.048,3.056,3.046,3.054,38,0
20190124,1830,3.054,3.058,3.053,3.056,34,0
20190124,1845,3.056,3.056,3.051,3.051,21,0
20190124,1900,3.051,3.051,3.047,3.047,31,0
20190124,1915,3.047,3.068,3.047,3.067,118,0
20190124,1930,3.065,3.065,3.051,3.062,138,0
20190124,1945,3.062,3.063,3.058,3.062,142,0
20190124,2000,3.062,3.078,3.055,3.078,170,0
20190124,2015,3.077,3.087,3.075,3.081,255,0
20190124,2030,3.081,3.095,3.073,3.089,536,0
20190124,2045,3.091,3.091,3.069,3.070,286,0
20190124,2100,3.070,3.077,3.069,3.076,275,0
20190124,2115,3.076,3.096,3.067,3.070,1353,0
20190124,2130,3.070,3.092,3.059,3.064,1671,0
20190124,2145,3.065,3.109,3.058,3.093,2817,0
20190124,2200,3.093,3.102,3.086,3.101,3043,0
20190124,2215,3.100,3.100,3.076,3.079,1849,0
20190124,2230,3.080,3.088,3.069,3.087,2280,0
20190124,2245,3.087,3.093,3.074,3.082,2147,0
20190124,2300,3.081,3.092,3.081,3.090,1085,0
20190124,2315,3.090,3.099,3.087,3.099,1554,0
20190124,2330,3.099,3.103,3.087,3.094,1298,0
20190124,2345,3.103,3.106,3.053,3.070,5658,0
20190125,0000,3.071,3.085,3.057,3.070,1505,0
20190125,0015,3.071,3.086,3.068,3.083,1519,0
20190125,0030,3.082,3.155,3.080,3.143,7006,0
20190125,0045,3.141,3.141,3.116,3.135,2497,0
20190125,0100,3.128,3.134,3.107,3.126,2849,0
20190125,0115,3.126,3.137,3.112,3.117,2285,0
20190125,0130,3.117,3.138,3.110,3.122,2253,0
20190125,0145,3.122,3.134,3.122,3.134,686,0
20190125,0200,3.137,3.155,3.131,3.144,1390,0
20190125,0215,3.144,3.146,3.122,3.138,1032,0
20190125,0230,3.139,3.148,3.125,3.131,1118,0
20190125,0245,3.126,3.126,3.100,3.117,4078,0
20190125,0300,3.117,3.125,3.084,3.087,2767,0
20190125,0315,3.087,3.102,3.085,3.100,1372,0
20190125,0330,3.099,3.116,3.094,3.096,6642,0
20190125,0345,3.096,3.122,3.079,3.120,2905,0
20190125,0400,3.123,3.141,3.111,3.126,1515,0
20190125,0415,3.126,3.140,3.126,3.136,966,0
20190125,0430,3.136,3.139,3.130,3.139,848,0
20190125,0445,3.139,3.145,3.135,3.135,256,0
20190125,0500,3.135,3.145,3.133,3.137,391,0
20190125,0515,3.137,3.142,3.137,3.139,146,0
20190125,0530,3.139,3.139,3.134,3.137,123,0
20190125,0545,3.137,3.141,3.129,3.136,313,0
20190125,0600,3.136,3.141,3.132,3.134,143,0
20190125,0615,3.134,3.134,3.134,3.134,0,0
20190125,0715,3.180,3.180,3.154,3.170,149,0
20190125,0730,3.167,3.170,3.158,3.162,44,0
20190125,0745,3.162,3.169,3.162,3.168,26,0
20190125,0800,3.168,3.168,3.159,3.159,22,0
20190125,0815,3.160,3.175,3.155,3.169,72,0
20190125,0830,3.169,3.180,3.169,3.174,75,0
20190125,0845,3.174,3.181,3.168,3.175,107,0
20190125,0900,3.175,3.176,3.165,3.175,105,0
20190125,0915,3.175,3.181,3.170,3.173,92,0
20190125,0930,3.173,3.173,3.164,3.168,53,0
20190125,0945,3.168,3.170,3.165,3.170,56,0
20190125,1000,3.170,3.175,3.170,3.171,24,0
20190125,1015,3.171,3.171,3.171,3.171,0,0
20190125,1030,3.171,3.173,3.163,3.168,45,0
20190125,1045,3.168,3.172,3.166,3.166,29,0
20190125,1100,3.166,3.168,3.165,3.167,16,0
20190125,1115,3.167,3.172,3.167,3.169,32,0
20190125,1130,3.167,3.173,3.167,3.170,52,0
20190125,1145,3.170,3.170,3.167,3.168,42,0
20190125,1200,3.168,3.173,3.167,3.169,64,0
20190125,1215,3.169,3.175,3.168,3.173,10,0
20190125,1230,3.170,3.184,3.169,3.181,111,0
20190125,1245,3.181,3.187,3.178,3.183,95,0
20190125,1300,3.183,3.185,3.178,3.178,64,0
20190125,1315,3.180,3.207,3.178,3.202,250,0
20190125,1330,3.202,3.202,3.181,3.191,122,0
20190125,1345,3.191,3.206,3.191,3.200,105,0
20190125,1400,3.200,3.205,3.195,3.196,26,0
20190125,1415,3.194,3.198,3.191,3.195,45,0
20190125,1430,3.195,3.199,3.193,3.197,30,0
20190125,1445,3.196,3.196,3.188,3.193,55,0
20190125,1500,3.190,3.193,3.184,3.191,67,0
20190125,1515,3.191,3.193,3.184,3.185,71,0
20190125,1530,3.187,3.187,3.163,3.165,303,0
20190125,1545,3.165,3.169,3.145,3.145,508,0
20190125,1600,3.145,3.163,3.142,3.163,148,0
20190125,1615,3.163,3.169,3.140,3.144,262,0
20190125,1630,3.146,3.153,3.141,3.147,111,0
20190125,1645,3.147,3.147,3.136,3.140,89,0
20190125,1700,3.140,3.145,3.137,3.144,143,0
20190125,1715,3.144,3.144,3.139,3.142,61,0
20190125,1730,3.139,3.145,3.139,3.140,58,0
20190125,1745,3.140,3.140,3.128,3.134,130,0
20190125,1800,3.134,3.142,3.132,3.138,49,0
20190125,1815,3.138,3.139,3.122,3.125,58,0
20190125,1830,3.125,3.128,3.121,3.127,59,0
20190125,1845,3.124,3.126,3.111,3.114,148,0
20190125,1900,3.114,3.120,3.114,3.118,77,0
20190125,1915,3.120,3.130,3.116,3.119,144,0
20190125,1930,3.119,3.125,3.116,3.116,77,0
20190125,1945,3.116,3.117,3.105,3.105,105,0
20190125,2000,3.105,3.110,3.100,3.106,173,0
20190125,2015,3.100,3.121,3.100,3.116,150,0
20190125,2030,3.116,3.116,3.105,3.106,110,0
20190125,2045,3.104,3.112,3.085,3.086,399,0
20190125,2100,3.087,3.104,3.087,3.102,168,0
20190125,2115,3.102,3.109,3.074,3.088,670,0
20190125,2130,3.088,3.098,3.076,3.098,684,0
20190125,2145,3.098,3.102,3.054,3.057,1803,0
20190125,2200,3.060,3.078,3.048,3.065,1528,0
20190125,2215,3.072,3.089,3.072,3.082,1743,0
20190125,2230,3.083,3.089,3.070,3.079,662,0
20190125,2245,3.080,3.130,3.080,3.129,2071,0
20190125,2300,3.129,3.131,3.115,3.120,2070,0
20190125,2315,3.120,3.125,3.102,3.112,1115,0
20190125,2330,3.111,3.125,3.105,3.118,941,0
20190125,2345,3.118,3.128,3.103,3.125,1427,0
20190126,0000,3.124,3.152,3.117,3.150,1612,0
20190126,0015,3.151,3.151,3.131,3.143,1321,0
20190126,0030,3.143,3.145,3.121,3.129,1393,0
20190126,0045,3.128,3.156,3.128,3.152,1131,0
20190126,0100,3.152,3.180,3.145,3.179,1556,0
20190126,0115,3.179,3.190,3.158,3.165,2028,0
20190126,0130,3.165,3.181,3.156,3.161,1330,0
20190126,0145,3.161,3.183,3.161,3.182,756,0
20190126,0200,3.182,3.193,3.161,3.180,1430,0
20190126,0215,3.180,3.180,3.148,3.151,1021,0
20190126,0230,3.151,3.169,3.151,3.155,947,0
20190126,0245,3.155,3.155,3.131,3.150,1282,0
20190126,0300,3.153,3.166,3.148,3.165,962,0
20190126,0315,3.164,3.184,3.162,3.173,1304,0
20190126,0330,3.173,3.182,3.157,3.181,3847,0
20190126,0345,3.181,3.199,3.178,3.186,1978,0
20190126,0400,3.187,3.192,3.172,3.179,944,0
20190126,0415,3.179,3.194,3.178,3.194,846,0
20190126,0430,3.194,3.194,3.180,3.184,478,0
20190126,0445,3.184,3.189,3.180,3.187,296,0
20190126,0500,3.187,3.190,3.183,3.185,177,0
20190126,0515,3.185,3.185,3.174,3.178,247,0
20190126,0530,3.178,3.178,3.166,3.174,188,0
20190126,0545,3.174,3.176,3.168,3.169,522,0
20190126,0600,3.171,3.176,3.166,3.174,397,0
20190126,0615,3.174,3.174,3.174,3.174,0,0
20190128,0715,2.926,2.928,2.888,2.896,1591,0
20190128,0730,2.896,2.909,2.896,2.908,369,0
20190128,0745,2.908,2.914,2.908,2.910,191,0
20190128,0800,2.909,2.913,2.905,2.905,107,0
20190128,0815,2.905,2.913,2.903,2.913,82,0
20190128,0830,2.913,2.923,2.910,2.919,425,0
20190128,0845,2.919,2.920,2.917,2.920,77,0
20190128,0900,2.920,2.922,2.920,2.920,52,0
20190128,0915,2.920,2.923,2.919,2.920,58,0
20190128,0930,2.920,2.923,2.920,2.921,34,0
20190128,0945,2.921,2.925,2.920,2.925,149,0
20190128,1000,2.925,2.925,2.924,2.924,81,0
20190128,1015,2.924,2.924,2.921,2.921,5,0
20190128,1030,2.920,2.921,2.918,2.921,17,0
20190128,1045,2.921,2.921,2.918,2.920,11,0
20190128,1100,2.920,2.920,2.920,2.920,4,0
20190128,1115,2.920,2.920,2.916,2.916,34,0
20190128,1130,2.916,2.925,2.916,2.925,51,0
20190128,1145,2.925,2.925,2.919,2.919,7,0
20190128,1200,2.919,2.930,2.919,2.928,88,0
20190128,1215,2.928,2.931,2.924,2.928,21,0
20190128,1230,2.928,2.930,2.925,2.929,16,0
20190128,1245,2.929,2.929,2.925,2.928,10,0
20190128,1300,2.925,2.928,2.924,2.927,12,0
20190128,1315,2.927,2.928,2.922,2.924,18,0
20190128,1330,2.924,2.930,2.922,2.925,26,0
20190128,1345,2.925,2.931,2.925,2.930,14,0
20190128,1400,2.930,2.932,2.930,2.932,7,0
20190128,1415,2.932,2.932,2.922,2.922,12,0
20190128,1430,2.922,2.924,2.922,2.924,3,0
20190128,1445,2.924,2.927,2.923,2.927,6,0
20190128,1500,2.927,2.927,2.927,2.927,0,0
20190128,1515,2.927,2.927,2.927,2.927,6,0
20190128,1530,2.927,2.927,2.923,2.923,2,0
20190128,1545,2.923,2.923,2.908,2.917,68,0
20190128,1800,2.915,2.918,2.913,2.915,913,0
20190128,1815,2.915,2.918,2.906,2.918,22,0
20190128,1830,2.918,2.918,2.914,2.914,12,0
20190128,1845,2.914,2.914,2.905,2.907,21,0
20190128,1900,2.907,2.908,2.906,2.906,11,0
20190128,1915,2.906,2.916,2.906,2.916,17,0
20190128,1930,2.916,2.916,2.908,2.908,21,0
20190128,1945,2.908,2.911,2.908,2.910,25,0
20190128,2000,2.910,2.911,2.902,2.903,43,0
20190128,2015,2.903,2.935,2.903,2.934,685,0
20190128,2030,2.934,2.938,2.928,2.936,286,0
20190128,2045,2.936,2.955,2.936,2.938,350,0
20190128,2100,2.938,2.944,2.924,2.931,382,0
20190128,2115,2.931,2.931,2.915,2.927,526,0
20190128,2130,2.927,2.941,2.926,2.938,1048,0
20190128,2145,2.937,2.947,2.923,2.924,1730,0
20190128,2200,2.924,2.930,2.915,2.915,558,0
20190128,2215,2.915,2.947,2.915,2.944,1088,0
20190128,2230,2.944,2.946,2.937,2.941,984,0
20190128,2245,2.941,2.951,2.941,2.950,833,0
20190128,2300,2.950,2.950,2.940,2.940,760,0
20190128,2315,2.942,2.949,2.939,2.947,529,0
20190128,2330,2.947,2.950,2.943,2.946,568,0
20190128,2345,2.946,2.964,2.946,2.955,902,0
20190129,0000,2.955,2.957,2.948,2.950,525,0
20190129,0015,2.950,2.952,2.941,2.943,356,0
20190129,0030,2.943,2.954,2.942,2.953,509,0
20190129,0045,2.953,2.955,2.949,2.952,1595,0
20190129,0100,2.951,2.970,2.951,2.965,1111,0
20190129,0115,2.964,2.976,2.957,2.974,757,0
20190129,0130,2.977,2.983,2.951,2.956,905,0
20190129,0145,2.956,2.961,2.952,2.958,270,0
20190129,0200,2.958,2.959,2.950,2.951,824,0
20190129,0215,2.951,2.958,2.949,2.957,712,0
20190129,0230,2.957,2.966,2.952,2.960,622,0
20190129,0245,2.960,2.960,2.939,2.941,1042,0
20190129,0300,2.941,2.947,2.939,2.943,780,0
20190129,0315,2.943,2.946,2.921,2.921,1641,0
20190129,0330,2.921,2.923,2.891,2.905,5913,0
20190129,0345,2.904,2.925,2.903,2.925,1060,0
20190129,0400,2.925,2.928,2.922,2.926,358,0
20190129,0415,2.926,2.929,2.919,2.919,510,0
20190129,0430,2.919,2.919,2.908,2.910,325,0
20190129,0445,2.910,2.912,2.904,2.906,422,0
20190129,0500,2.906,2.914,2.905,2.912,180,0
20190129,0515,2.912,2.914,2.907,2.911,255,0
20190129,0530,2.911,2.917,2.911,2.916,79,0
20190129,0545,2.916,2.920,2.916,2.920,24,0
20190129,0600,2.920,2.928,2.918,2.928,55,0
20190129,0615,2.928,2.928,2.928,2.928,0,0
20190129,0715,2.925,2.925,2.925,2.925,0,0
20190129,0730,2.925,2.930,2.921,2.930,218,0
20190129,0745,2.930,2.930,2.925,2.925,3,0
20190129,0800,2.925,2.927,2.924,2.927,2,0
20190129,0815,2.927,2.934,2.927,2.932,4,0
20190129,0830,2.932,2.934,2.932,2.934,6,0
20190129,0845,2.934,2.934,2.934,2.934,5,0
20190129,0900,2.934,2.934,2.921,2.921,9,0
20190129,0915,2.921,2.921,2.921,2.921,11,0
20190129,0930,2.921,2.921,2.921,2.921,0,0
20190129,0945,2.921,2.921,2.901,2.901,5,0
20190129,1000,2.901,2.901,2.901,2.901,0,0
20190129,1015,2.901,2.901,2.901,2.901,0,0
20190129,1030,2.901,2.922,2.901,2.922,5,0
20190129,1045,2.922,2.922,2.922,2.922,0,0
20190129,1100,2.922,2.922,2.922,2.922,0,0
20190129,1115,2.922,2.922,2.922,2.922,0,0
20190129,1130,2.922,2.922,2.922,2.922,0,0
20190129,1145,2.922,2.922,2.922,2.922,0,0
20190129,1200,2.922,2.922,2.922,2.922,0,0
20190129,1215,2.922,2.922,2.922,2.922,0,0
20190129,1230,2.922,2.922,2.922,2.922,0,0
20190129,1245,2.922,2.922,2.922,2.922,0,0
20190129,1300,2.922,2.922,2.903,2.903,3,0
20190129,1315,2.903,2.903,2.903,2.903,0,0
20190129,1330,2.903,2.903,2.903,2.903,0,0
20190129,1345,2.903,2.903,2.903,2.903,0,0
20190129,1400,2.903,2.903,2.903,2.903,0,0
20190129,1415,2.903,2.930,2.903,2.914,3,0
20190129,1430,2.914,2.917,2.914,2.917,2,0
20190129,1445,2.917,2.919,2.917,2.919,3,0
20190129,1500,2.919,2.919,2.919,2.919,0,0
20190129,1515,2.919,2.920,2.918,2.920,53,0
20190129,1530,2.920,2.920,2.920,2.920,0,0
20190129,1545,2.920,2.920,2.901,2.907,82,0
20190129,1600,2.907,2.908,2.907,2.908,17,0
20190129,1615,2.908,2.908,2.898,2.898,5,0
20190129,1630,2.898,2.901,2.898,2.901,2,0
20190129,1645,2.901,2.904,2.901,2.904,3,0
20190129,1700,2.904,2.904,2.904,2.904,0,0
20190129,1715,2.904,2.904,2.901,2.901,2,0
20190129,1730,2.901,2.905,2.901,2.905,2,0
20190129,1745,2.905,2.908,2.905,2.908,2,0
20190129,1800,2.908,2.908,2.908,2.908,0,0
20190129,1815,2.908,2.908,2.908,2.908,0,0
20190129,1830,2.908,2.917,2.908,2.917,2,0
20190129,1845,2.917,2.917,2.917,2.917,0,0
20190129,1900,2.917,2.917,2.917,2.917,0,0
20190129,1915,2.917,2.917,2.917,2.917,0,0
20190129,1930,2.917,2.917,2.917,2.917,0,0
20190129,1945,2.917,2.917,2.917,2.917,0,0
20190129,2000,2.917,2.917,2.917,2.917,2,0
20190129,2015,2.917,2.917,2.910,2.910,29,0
20190129,2030,2.910,2.920,2.910,2.917,124,0
20190129,2045,2.917,2.923,2.917,2.923,80,0
20190129,2100,2.923,2.930,2.923,2.929,8,0
20190129,2115,2.929,2.933,2.929,2.932,93,0
20190129,2130,2.932,2.932,2.915,2.918,190,0
20190129,2145,2.918,2.918,2.851,2.876,471,0
20190129,2200,2.876,2.876,2.789,2.824,687,0
20190129,2215,2.824,2.841,2.820,2.840,302,0
20190129,2230,2.840,2.847,2.822,2.830,120,0
20190129,2245,2.830,2.856,2.830,2.855,217,0
20190129,2300,2.855,2.857,2.835,2.841,882,0
20190129,2315,2.841,2.841,2.822,2.832,1233,0
20190129,2330,2.832,2.850,2.832,2.850,259,0
20190129,2345,2.850,2.862,2.850,2.860,322,0
20190130,0000,2.860,2.866,2.849,2.849,180,0
20190130,0015,2.849,2.882,2.849,2.882,140,0
20190130,0030,2.882,2.898,2.877,2.891,121,0
20190130,0045,2.891,2.891,2.873,2.878,67,0
20190130,0100,2.878,2.883,2.865,2.878,144,0
20190130,0115,2.878,2.894,2.875,2.894,234,0
20190130,0130,2.894,2.894,2.878,2.893,108,0
20190130,0145,2.893,2.916,2.893,2.909,95,0
20190130,0200,2.909,2.909,2.899,2.899,44,0
20190130,0215,2.899,2.913,2.899,2.912,90,0
20190130,0230,2.910,2.930,2.908,2.920,409,0
20190130,0245,2.920,2.936,2.919,2.919,144,0
20190130,0300,2.919,2.961,2.918,2.961,1136,0
20190130,0315,2.961,2.966,2.913,2.956,2492,0
20190130,0330,2.955,2.970,2.935,2.935,1640,0
20190130,0345,2.950,2.950,2.950,2.950,0,0
20190130,0400,2.950,2.950,2.950,2.950,0,0
20190130,0430,2.950,2.950,2.950,2.950,0,0
20190130,0500,2.950,2.950,2.950,2.950,0,0
20190130,0530,2.950,2.950,2.950,2.950,0,0
20190130,0600,2.935,2.935,2.935,2.935,0,0
20190130,0615,2.935,2.935,2.935,2.935,0,0
20190131,1930,3.139,3.139,3.139,3.139,0,0
20190131,1945,3.139,3.139,3.139,3.139,0,0
20190131,2000,3.139,3.139,3.139,3.139,0,0
20190131,2015,3.139,3.139,3.139,3.139,1,0
20190131,2030,3.139,3.139,3.139,3.139,0,0
20190131,2045,3.139,3.139,3.139,3.139,1,0
20190131,2100,3.139,3.139,3.139,3.139,2,0
20190131,2115,3.139,3.139,3.139,3.139,6,0
20190131,2130,3.139,3.139,3.139,3.139,9,0
20190131,2145,3.139,3.139,3.139,3.139,3,0
20190131,2200,3.139,3.139,3.134,3.134,3,0
20190131,2215,3.134,3.141,3.134,3.139,42,0
20190131,2230,3.139,3.141,3.138,3.138,22,0
20190131,2245,3.138,3.139,3.126,3.128,80,0
20190131,2300,3.128,3.136,3.128,3.136,28,0
20190131,2315,3.136,3.136,3.135,3.135,36,0
20190131,2330,3.135,3.135,3.133,3.133,37,0
20190131,2345,3.127,3.127,3.108,3.110,55,0
20190201,0000,3.110,3.110,3.110,3.110,1,0
20190201,0015,3.110,3.110,3.106,3.107,18,0
20190201,0030,3.107,3.107,3.102,3.105,19,0
20190201,0045,3.104,3.106,3.099,3.099,17,0
20190201,0100,3.099,3.099,3.099,3.099,24,0
20190201,0115,3.098,3.098,3.096,3.096,30,0
20190201,0130,3.096,3.109,3.096,3.103,762,0
20190201,0145,3.103,3.105,3.099,3.099,77,0
20190201,0200,3.099,3.100,3.099,3.100,30,0
20190201,0215,3.100,3.102,3.100,3.101,21,0
20190201,0230,3.101,3.103,3.101,3.103,21,0
20190201,0245,3.103,3.103,3.101,3.101,7,0
20190201,0300,3.101,3.104,3.101,3.103,28,0
20190201,0315,3.103,3.103,3.103,3.103,3,0
20190201,0330,3.103,3.103,3.085,3.085,87,0
20190201,0345,3.085,3.085,3.085,3.085,6,0
20190201,0400,3.085,3.085,3.085,3.085,2,0
20190201,0415,3.085,3.085,3.085,3.085,21,0
20190201,0430,3.085,3.085,3.085,3.085,1,0
20190201,0445,3.085,3.085,3.085,3.085,7,0
20190201,0500,3.085,3.085,3.085,3.085,2,0
20190201,0515,3.085,3.085,3.085,3.085,1,0
20190201,0530,3.085,3.092,3.085,3.086,104,0
20190201,0545,3.086,3.086,3.086,3.086,5,0
20190201,0600,3.086,3.086,3.086,3.086,2,0
20190201,0615,3.086,3.086,3.086,3.086,0,0
20190201,1515,3.082,3.082,3.082,3.082,0,0
20190201,1530,3.082,3.082,3.082,3.082,0,0
20190201,1545,3.082,3.082,3.082,3.082,46,0
20190201,1600,3.082,3.082,3.082,3.082,1,0
20190201,1615,3.082,3.082,3.082,3.082,0,0
20190201,1630,3.082,3.082,3.082,3.082,0,0
20190201,1645,3.082,3.082,3.082,3.082,0,0
20190201,1700,3.082,3.082,3.082,3.082,3,0
20190201,1715,3.082,3.082,3.082,3.082,1,0
20190201,1730,3.082,3.082,3.082,3.082,1,0
20190201,1745,3.082,3.082,3.082,3.082,0,0
20190201,1800,3.082,3.082,3.082,3.082,0,0
20190201,1815,3.082,3.082,3.082,3.082,0,0
20190201,1830,3.082,3.082,3.082,3.082,0,0
20190201,1845,3.082,3.082,3.082,3.082,0,0
20190201,1900,3.082,3.082,3.082,3.082,0,0
20190201,1915,3.082,3.082,3.082,3.082,0,0
20190201,1930,3.082,3.082,3.082,3.082,0,0
20190201,1945,3.082,3.082,3.082,3.082,0,0
20190201,2000,3.082,3.082,3.082,3.082,0,0
20190201,2015,3.082,3.082,3.082,3.082,0,0
20190201,2030,3.082,3.082,3.082,3.082,0,0
20190201,2045,3.082,3.082,3.082,3.082,0,0
20190201,2100,3.082,3.082,3.082,3.082,0,0
20190201,2115,3.082,3.082,3.082,3.082,7,0
20190201,2130,3.082,3.082,3.068,3.071,11,0
20190201,2145,3.071,3.071,3.070,3.070,124,0
20190201,2200,3.070,3.070,3.064,3.064,24,0
20190201,2215,3.064,3.069,3.064,3.069,37,0
20190201,2230,3.069,3.074,3.063,3.074,103,0
20190201,2245,3.074,3.074,3.070,3.071,102,0
20190201,2300,3.071,3.071,3.071,3.071,5,0
20190201,2315,3.071,3.072,3.067,3.072,12,0
20190201,2330,3.072,3.072,3.064,3.064,1,0
20190201,2345,3.064,3.067,3.064,3.067,3,0
20190202,0000,3.067,3.067,3.067,3.067,3,0
20190202,0015,3.067,3.067,3.067,3.067,21,0
20190202,0030,3.067,3.067,3.067,3.067,2,0
20190202,0045,3.067,3.067,3.067,3.067,29,0
20190202,0100,3.067,3.067,3.067,3.067,30,0
20190202,0115,3.067,3.067,3.058,3.058,53,0
20190202,0130,3.058,3.058,3.054,3.055,143,0
20190202,0145,3.055,3.055,3.048,3.052,32,0
20190202,0200,3.052,3.052,3.040,3.040,54,0
20190202,0215,3.040,3.050,3.040,3.050,26,0
20190202,0230,3.050,3.050,3.034,3.034,3,0
20190202,0245,3.034,3.034,3.029,3.029,30,0
20190202,0300,3.029,3.031,3.029,3.031,30,0
20190202,0315,3.031,3.041,3.031,3.041,28,0
20190202,0330,3.041,3.041,3.035,3.037,715,0
20190202,0345,3.037,3.037,3.037,3.037,288,0
20190202,0400,3.037,3.037,3.037,3.037,102,0
20190202,0415,3.037,3.037,3.037,3.037,3,0
20190202,0430,3.037,3.037,3.037,3.037,1,0
20190202,0445,3.037,3.040,3.037,3.040,9,0
20190202,0500,3.040,3.040,3.040,3.040,5,0
20190202,0515,3.040,3.040,3.040,3.040,2,0
20190202,0530,3.040,3.040,3.040,3.040,3,0
20190202,0545,3.040,3.040,3.040,3.040,0,0
20190202,0600,3.040,3.040,3.035,3.035,2,0
20190202,0615,3.035,3.035,3.035,3.035,0,0
20190204,1600,3.014,3.014,3.014,3.014,5,0
20190204,1615,3.014,3.014,3.014,3.014,0,0
20190204,1630,3.014,3.014,3.014,3.014,0,0
20190204,1645,3.014,3.014,3.014,3.014,0,0
20190204,1700,3.014,3.014,3.014,3.014,2,0
20190204,1715,3.014,3.014,3.014,3.014,0,0
20190204,1730,3.014,3.014,3.014,3.014,0,0
20190204,1745,3.014,3.014,3.014,3.014,0,0
20190204,1800,3.014,3.014,3.014,3.014,0,0
20190204,1815,3.014,3.014,3.014,3.014,0,0
20190204,1830,3.014,3.014,3.014,3.014,0,0
20190204,1845,3.014,3.014,3.014,3.014,0,0
20190204,1900,3.014,3.014,3.014,3.014,0,0
20190204,1915,3.014,3.014,3.014,3.014,6,0
20190204,1930,3.014,3.014,3.014,3.014,0,0
20190204,1945,3.014,3.014,3.014,3.014,0,0
20190204,2000,3.014,3.014,3.014,3.014,7,0
20190204,2015,3.014,3.014,3.014,3.014,0,0
20190204,2030,3.014,3.014,3.014,3.014,0,0
20190204,2045,3.014,3.018,3.014,3.018,5,0
20190204,2100,3.018,3.018,3.018,3.018,0,0
20190204,2115,3.018,3.018,3.018,3.018,2,0
20190204,2130,3.018,3.018,3.018,3.018,1,0
20190204,2145,3.018,3.018,3.018,3.018,89,0
20190204,2200,3.018,3.018,3.018,3.018,21,0
20190204,2215,3.018,3.018,2.998,3.000,63,0
20190204,2230,3.000,3.006,3.000,3.006,92,0
20190204,2245,3.006,3.006,3.003,3.004,10,0
20190204,2300,3.004,3.004,2.995,2.995,78,0
20190204,2315,2.995,2.995,2.995,2.995,6,0
20190204,2330,2.995,3.005,2.995,3.005,36,0
20190204,2345,3.005,3.005,3.005,3.005,8,0
20190205,0000,3.005,3.005,3.004,3.005,12,0
20190205,0015,3.005,3.010,3.005,3.010,9,0
20190205,0030,3.010,3.010,2.999,3.003,25,0
20190205,0045,3.003,3.003,2.999,2.999,212,0
20190205,0100,2.999,3.000,2.997,2.998,34,0
20190205,0115,2.998,2.999,2.998,2.999,57,0
20190205,0130,2.999,3.003,2.999,3.003,41,0
20190205,0145,3.003,3.003,3.000,3.000,62,0
20190205,0200,3.000,3.005,3.000,3.005,134,0
20190205,0215,3.005,3.005,3.005,3.005,4,0
20190205,0230,3.005,3.005,3.005,3.005,4,0
20190205,0245,3.005,3.005,2.997,2.997,5,0
20190205,0300,2.997,2.997,2.997,2.997,1,0
20190205,0315,2.997,3.002,2.997,3.002,79,0
20190205,0330,3.002,3.003,2.994,2.998,537,0
20190205,0345,2.998,2.998,2.998,2.998,0,0
20190205,0400,2.998,2.998,2.998,2.998,4,0
20190205,0415,2.998,2.998,2.998,2.998,191,0
20190205,0430,2.998,3.000,2.998,3.000,11,0
20190205,0445,3.000,3.005,3.000,3.005,6,0
20190205,0500,3.005,3.005,3.005,3.005,5,0
20190205,0515,3.005,3.005,3.005,3.005,1,0
20190205,0530,3.005,3.005,3.001,3.001,22,0
20190205,0545,3.001,3.001,3.001,3.001,0,0
20190205,0600,3.001,3.001,3.001,3.001,26,0
20190205,0615,3.001,3.001,3.001,3.001,0,0
20190205,2200,3.020,3.026,3.020,3.026,2,0
20190205,2215,3.026,3.026,3.017,3.020,42,0
20190205,2230,3.020,3.020,3.020,3.020,18,0
20190205,2245,3.020,3.020,3.020,3.020,115,0
20190205,2300,3.020,3.020,3.020,3.020,0,0
20190205,2315,3.020,3.020,3.020,3.020,7,0
20190205,2330,3.020,3.020,3.020,3.020,3,0
20190205,2345,3.020,3.027,3.020,3.022,16,0
20190206,0000,3.022,3.022,3.022,3.022,20,0
20190206,0015,3.022,3.030,3.022,3.030,18,0
20190206,0030,3.030,3.030,3.030,3.030,1,0
20190206,0045,3.030,3.030,3.030,3.030,9,0
20190206,0100,3.030,3.033,3.030,3.033,154,0
20190206,0115,3.033,3.033,3.033,3.033,4,0
20190206,0130,3.033,3.033,3.017,3.017,46,0
20190206,0145,3.017,3.017,3.017,3.017,356,0
20190206,0200,3.017,3.021,3.017,3.021,7,0
20190206,0215,3.021,3.021,3.015,3.016,26,0
20190206,0230,3.016,3.017,3.016,3.017,300,0
20190206,0245,3.017,3.017,3.017,3.017,131,0
20190206,0300,3.017,3.017,3.017,3.017,10,0
20190206,0315,3.017,3.017,3.009,3.016,43,0
20190206,0330,3.016,3.020,3.010,3.011,543,0
20190206,0345,3.011,3.011,3.011,3.011,16,0
20190206,0400,3.011,3.011,3.011,3.011,1,0
20190206,0415,3.011,3.022,3.011,3.022,95,0
20190206,0430,3.022,3.022,3.022,3.022,0,0
20190206,0445,3.022,3.022,3.022,3.022,0,0
20190206,0500,3.022,3.022,3.022,3.022,20,0
20190206,0515,3.022,3.022,3.022,3.022,13,0
20190206,0530,3.022,3.022,3.022,3.022,0,0
20190206,0545,3.022,3.022,3.022,3.022,0,0
20190206,0600,3.022,3.022,3.022,3.022,34,0
20190206,0615,3.022,3.022,3.022,3.022,0,0
20190206,2145,3.040,3.040,3.039,3.039,2,0
20190206,2200,3.039,3.039,3.039,3.039,1,0
20190206,2215,3.039,3.039,3.030,3.030,6,0
20190206,2230,3.030,3.030,3.030,3.030,110,0
20190206,2245,3.030,3.030,3.030,3.030,3,0
20190206,2300,3.030,3.030,3.030,3.030,14,0
20190206,2315,3.030,3.030,3.023,3.025,42,0
20190206,2330,3.025,3.026,3.025,3.026,94,0
20190206,2345,3.026,3.026,3.026,3.026,62,0
20190207,0000,3.026,3.026,3.026,3.026,10,0
20190207,0015,3.026,3.026,3.026,3.026,8,0
20190207,0030,3.026,3.026,3.026,3.026,0,0
20190207,0045,3.026,3.026,3.026,3.026,24,0
20190207,0100,3.026,3.026,3.020,3.020,30,0
20190207,0115,3.020,3.020,3.020,3.020,26,0
20190207,0130,3.020,3.020,3.020,3.020,100,0
20190207,0145,3.020,3.020,3.020,3.020,11,0
20190207,0200,3.020,3.020,3.020,3.020,68,0
20190207,0215,3.020,3.020,3.020,3.020,28,0
20190207,0230,3.020,3.032,3.020,3.032,56,0
20190207,0245,3.032,3.032,3.032,3.032,0,0
20190207,0300,3.032,3.032,3.032,3.032,47,0
20190207,0315,3.032,3.032,3.032,3.032,33,0
20190207,0330,3.032,3.032,3.019,3.020,804,0
20190207,0345,3.020,3.020,3.020,3.020,134,0
20190207,0400,3.024,3.027,3.024,3.027,64,0
20190207,0415,3.027,3.028,3.027,3.028,24,0
20190207,0430,3.028,3.028,3.028,3.028,0,0
20190207,0445,3.028,3.028,3.028,3.028,2,0
20190207,0500,3.028,3.030,3.028,3.030,10,0
20190207,0515,3.030,3.030,3.026,3.027,9,0
20190207,0530,3.027,3.027,3.027,3.027,0,0
20190207,0545,3.027,3.027,3.027,3.027,1,0
20190207,0600,3.027,3.027,3.027,3.027,1,0
20190207,0615,3.027,3.027,3.027,3.027,0,0
20190207,1545,3.010,3.010,3.010,3.010,6,0
20190207,1600,3.010,3.010,3.010,3.010,11,0
20190207,1615,3.010,3.010,2.997,2.997,2,0
20190207,1630,2.997,2.997,2.997,2.997,0,0
20190207,1645,2.997,2.997,2.997,2.997,0,0
20190207,1700,2.997,2.997,2.997,2.997,0,0
20190207,1715,2.997,2.997,2.997,2.997,0,0
20190207,1730,2.997,2.997,2.997,2.997,0,0
20190207,1745,2.997,2.997,2.990,2.990,2,0
20190207,1800,2.990,2.990,2.990,2.990,0,0
20190207,1815,2.990,2.990,2.990,2.990,0,0
20190207,1830,2.990,2.990,2.990,2.990,0,0
20190207,1845,2.990,2.990,2.990,2.990,2,0
20190207,1900,2.990,2.990,2.990,2.990,0,0
20190207,1915,2.990,2.990,2.990,2.990,1,0
20190207,1930,2.990,2.990,2.985,2.985,5,0
20190207,1945,2.985,2.985,2.985,2.985,0,0
20190207,2000,2.985,2.985,2.985,2.985,8,0
20190207,2015,2.985,2.985,2.985,2.985,7,0
20190207,2030,2.985,2.985,2.985,2.985,5,0
20190207,2045,2.985,2.985,2.985,2.985,5,0
20190207,2100,2.985,2.985,2.985,2.985,12,0
20190207,2115,2.985,2.996,2.985,2.996,89,0
20190207,2130,2.996,3.000,2.996,2.999,44,0
20190207,2145,2.999,3.002,2.999,2.999,73,0
20190207,2200,2.999,3.000,2.999,2.999,33,0
20190207,2215,2.999,3.000,2.999,3.000,6,0
20190207,2230,3.000,3.007,3.000,3.005,6,0
20190207,2245,3.005,3.005,2.997,2.997,33,0
20190207,2300,2.997,3.003,2.997,3.002,28,0
20190207,2315,3.002,3.002,2.998,3.000,14,0
20190207,2330,3.000,3.002,2.997,3.000,148,0
20190207,2345,2.998,2.998,2.986,2.988,311,0
20190208,0000,2.988,2.988,2.983,2.986,52,0
20190208,0015,2.986,2.986,2.981,2.981,13,0
20190208,0030,2.981,2.981,2.971,2.971,33,0
20190208,0045,2.971,2.979,2.971,2.977,21,0
20190208,0100,2.977,2.977,2.976,2.976,17,0
20190208,0115,2.976,2.979,2.976,2.979,13,0
20190208,0130,2.979,2.979,2.978,2.978,63,0
20190208,0145,2.978,2.978,2.976,2.976,87,0
20190208,0200,2.976,2.976,2.965,2.967,221,0
20190208,0215,2.967,2.973,2.967,2.973,33,0
20190208,0230,2.973,2.973,2.969,2.969,48,0
20190208,0245,2.969,2.969,2.966,2.966,21,0
20190208,0300,2.966,2.968,2.966,2.967,8,0
20190208,0315,2.967,2.975,2.967,2.971,36,0
20190208,0330,2.971,2.975,2.971,2.974,572,0
20190208,0345,2.974,2.980,2.974,2.980,81,0
20190208,0400,2.980,2.984,2.979,2.984,50,0
20190208,0415,2.984,2.984,2.984,2.984,29,0
20190208,0430,2.984,2.984,2.984,2.984,0,0
20190208,0445,2.984,2.987,2.984,2.987,6,0
20190208,0500,2.987,2.987,2.987,2.987,0,0
20190208,0515,2.987,2.987,2.987,2.987,0,0
20190208,0530,2.987,2.987,2.987,2.987,1,0
20190208,0545,2.987,2.987,2.987,2.987,0,0
20190208,0600,2.987,2.987,2.987,2.987,0,0
20190208,0615,2.987,2.987,2.987,2.987,0,0
20190208,1730,2.998,2.998,2.998,2.998,1,0
20190208,1745,2.998,2.998,2.998,2.998,1,0
20190208,1800,2.998,2.998,2.998,2.998,0,0
20190208,1815,2.998,2.998,2.998,2.998,0,0
20190208,1830,2.998,2.998,2.998,2.998,0,0
20190208,1845,2.998,2.998,2.998,2.998,0,0
20190208,1900,2.998,2.998,2.998,2.998,0,0
20190208,1915,2.998,2.998,2.998,2.998,0,0
20190208,1930,2.998,2.998,2.998,2.998,0,0
20190208,1945,2.998,2.998,2.998,2.998,123,0
20190208,2000,2.998,2.998,2.998,2.998,0,0
20190208,2015,2.998,2.998,2.998,2.998,0,0
20190208,2030,2.998,2.998,2.998,2.998,1,0
20190208,2045,2.998,2.998,2.998,2.998,0,0
20190208,2100,2.998,3.004,2.998,3.004,1,0
20190208,2115,3.004,3.010,3.004,3.008,4,0
20190208,2130,3.008,3.008,3.007,3.007,1,0
20190208,2145,3.007,3.007,3.007,3.007,0,0
20190208,2200,3.007,3.008,3.005,3.005,50,0
20190208,2215,3.005,3.005,2.999,3.000,6,0
20190208,2230,3.000,3.000,2.999,2.999,2,0
20190208,2245,2.999,2.999,2.983,2.984,14,0
20190208,2300,2.984,2.984,2.982,2.982,7,0
20190208,2315,2.982,2.983,2.982,2.982,14,0
20190208,2330,2.982,2.983,2.982,2.983,3,0
20190208,2345,2.983,2.985,2.982,2.984,31,0
20190209,0000,2.984,2.985,2.984,2.984,3,0
20190209,0015,2.984,2.984,2.984,2.984,0,0
20190209,0030,2.984,2.989,2.984,2.989,21,0
20190209,0045,2.989,2.989,2.988,2.989,3,0
20190209,0100,2.989,2.989,2.983,2.983,3,0
20190209,0115,2.983,2.986,2.983,2.986,40,0
20190209,0130,2.986,2.995,2.986,2.993,4,0
20190209,0145,2.993,3.000,2.993,3.000,16,0
20190209,0200,3.000,3.000,3.000,3.000,5,0
20190209,0215,3.000,3.003,3.000,3.003,29,0
20190209,0230,3.003,3.003,3.003,3.003,327,0
20190209,0245,3.003,3.003,2.996,2.996,27,0
20190209,0300,2.996,3.010,2.996,3.010,51,0
20190209,0315,3.010,3.010,3.005,3.005,61,0
20190209,0330,3.005,3.010,3.004,3.007,836,0
20190209,0345,3.007,3.007,3.004,3.004,63,0
20190209,0400,3.004,3.009,3.004,3.009,11,0
20190209,0415,3.009,3.009,3.009,3.009,3,0
20190209,0430,3.009,3.009,3.009,3.009,3,0
20190209,0445,3.009,3.009,3.009,3.009,0,0
20190209,0500,3.009,3.015,3.009,3.015,1,0
20190209,0515,3.015,3.021,3.015,3.021,24,0
20190209,0530,3.021,3.021,3.021,3.021,5,0
20190209,0545,3.021,3.021,3.021,3.021,0,0
20190209,0600,3.021,3.021,3.021,3.021,0,0
20190209,0615,3.021,3.021,3.021,3.021,0,0
20190211,1300,3.048,3.048,3.048,3.048,0,0
20190211,1315,3.048,3.048,3.048,3.048,0,0
20190211,1330,3.048,3.048,3.048,3.048,0,0
20190211,1345,3.048,3.048,3.048,3.048,0,0
20190211,1400,3.048,3.048,3.048,3.048,0,0
20190211,1415,3.048,3.048,3.048,3.048,0,0
20190211,1430,3.048,3.048,3.048,3.048,0,0
20190211,1445,3.048,3.048,3.048,3.048,0,0
20190211,1500,3.048,3.048,3.048,3.048,0,0
20190211,1515,3.048,3.048,3.048,3.048,0,0
20190211,1530,3.048,3.048,3.048,3.048,0,0
20190211,1545,3.048,3.048,3.048,3.048,0,0
20190211,1600,3.048,3.048,3.048,3.048,0,0
20190211,1615,3.048,3.048,3.048,3.048,0,0
20190211,1630,3.048,3.048,3.048,3.048,0,0
20190211,1645,3.048,3.048,3.048,3.048,0,0
20190211,1700,3.048,3.048,3.048,3.048,2,0
20190211,1715,3.048,3.048,3.048,3.048,0,0
20190211,1730,3.048,3.048,3.048,3.048,0,0
20190211,1745,3.048,3.048,3.048,3.048,0,0
20190211,1800,3.048,3.048,3.048,3.048,0,0
20190211,1815,3.048,3.048,3.048,3.048,0,0
20190211,1830,3.048,3.048,3.048,3.048,3,0
20190211,1845,3.048,3.048,3.048,3.048,0,0
20190211,1900,3.048,3.048,3.048,3.048,0,0
20190211,1915,3.048,3.048,3.048,3.048,0,0
20190211,1930,3.048,3.048,3.048,3.048,0,0
20190211,1945,3.048,3.048,3.048,3.048,0,0
20190211,2000,3.048,3.048,3.048,3.048,0,0
20190211,2015,3.048,3.048,3.048,3.048,1,0
20190211,2030,3.048,3.048,3.048,3.048,29,0
20190211,2045,3.048,3.048,3.048,3.048,6,0
20190211,2100,3.048,3.048,3.048,3.048,10,0
20190211,2115,3.048,3.048,3.047,3.047,18,0
20190211,2130,3.047,3.047,3.043,3.043,19,0
20190211,2145,3.043,3.050,3.043,3.045,113,0
20190211,2200,3.045,3.054,3.045,3.054,34,0
20190211,2215,3.054,3.056,3.050,3.052,158,0
20190211,2230,3.052,3.052,3.044,3.045,32,0
20190211,2245,3.045,3.045,3.037,3.040,86,0
20190211,2300,3.040,3.042,3.027,3.028,92,0
20190211,2315,3.028,3.032,3.028,3.032,16,0
20190211,2330,3.032,3.041,3.032,3.038,153,0
20190211,2345,3.038,3.039,3.032,3.033,16,0
20190212,0000,3.033,3.036,3.031,3.032,29,0
20190212,0015,3.032,3.040,3.032,3.039,18,0
20190212,0030,3.039,3.044,3.039,3.040,38,0
20190212,0045,3.040,3.050,3.040,3.041,68,0
20190212,0100,3.041,3.041,3.032,3.034,24,0
20190212,0115,3.034,3.038,3.030,3.030,10,0
20190212,0130,3.030,3.037,3.030,3.036,34,0
20190212,0145,3.036,3.036,3.028,3.032,17,0
20190212,0200,3.032,3.034,3.031,3.033,7,0
20190212,0215,3.033,3.035,3.033,3.034,36,0
20190212,0230,3.034,3.039,3.034,3.036,29,0
20190212,0245,3.036,3.037,3.035,3.037,66,0
20190212,0300,3.037,3.038,3.029,3.036,71,0
20190212,0315,3.036,3.039,3.029,3.034,60,0
20190212,0330,3.034,3.038,3.027,3.037,1183,0
20190212,0345,3.037,3.040,3.037,3.040,145,0
20190212,0400,3.040,3.040,3.040,3.040,48,0
20190212,0415,3.040,3.041,3.040,3.041,49,0
20190212,0430,3.041,3.042,3.040,3.040,26,0
20190212,0445,3.040,3.040,3.040,3.040,0,0
20190212,0500,3.040,3.040,3.040,3.040,30,0
20190212,0515,3.040,3.040,3.040,3.040,0,0
20190212,0530,3.040,3.040,3.040,3.040,0,0
20190212,0545,3.040,3.040,3.039,3.039,10,0
20190212,0600,3.039,3.039,3.039,3.039,5,0
20190212,0615,3.039,3.039,3.039,3.039,0,0
20190212,2045,3.048,3.048,3.048,3.048,0,0
20190212,2100,3.048,3.048,3.048,3.048,5,0
20190212,2115,3.048,3.048,3.045,3.045,21,0
20190212,2130,3.045,3.061,3.045,3.056,23,0
20190212,2145,3.056,3.060,3.056,3.059,17,0
20190212,2200,3.059,3.059,3.059,3.059,3,0
20190212,2215,3.059,3.059,3.055,3.056,29,0
20190212,2230,3.056,3.056,3.038,3.038,27,0
20190212,2245,3.038,3.041,3.031,3.041,58,0
20190212,2300,3.041,3.041,3.038,3.041,9,0
20190212,2315,3.041,3.042,3.038,3.038,31,0
20190212,2330,3.039,3.043,3.039,3.043,40,0
20190212,2345,3.044,3.044,3.041,3.044,47,0
20190213,0000,3.044,3.048,3.041,3.044,31,0
20190213,0015,3.044,3.049,3.044,3.049,83,0
20190213,0030,3.049,3.052,3.049,3.052,22,0
20190213,0045,3.052,3.054,3.050,3.052,28,0
20190213,0100,3.054,3.065,3.054,3.062,62,0
20190213,0115,3.062,3.064,3.057,3.064,23,0
20190213,0130,3.064,3.064,3.051,3.062,31,0
20190213,0145,3.062,3.062,3.050,3.053,28,0
20190213,0200,3.055,3.056,3.051,3.055,38,0
20190213,0215,3.055,3.055,3.054,3.055,81,0
20190213,0230,3.055,3.055,3.053,3.055,140,0
20190213,0245,3.055,3.063,3.055,3.063,12,0
20190213,0300,3.063,3.063,3.059,3.063,28,0
20190213,0315,3.063,3.063,3.061,3.061,24,0
20190213,0330,3.061,3.070,3.061,3.068,769,0
20190213,0345,3.068,3.068,3.060,3.060,52,0
20190213,0400,3.060,3.060,3.051,3.052,4,0
20190213,0415,3.052,3.052,3.052,3.052,1,0
20190213,0430,3.052,3.052,3.049,3.049,4,0
20190213,0445,3.049,3.049,3.049,3.049,13,0
20190213,0500,3.049,3.049,3.049,3.049,25,0
20190213,0515,3.049,3.049,3.049,3.049,0,0
20190213,0530,3.049,3.049,3.049,3.049,3,0
20190213,0545,3.049,3.049,3.049,3.049,4,0
20190213,0600,3.049,3.049,3.049,3.049,0,0
20190213,0615,3.049,3.049,3.049,3.049,0,0
20190213,0815,3.037,3.037,3.037,3.037,0,0
20190213,0830,3.037,3.039,3.037,3.039,3,0
20190213,0845,3.039,3.039,3.039,3.039,0,0
20190213,0900,3.039,3.039,3.039,3.039,0,0
20190213,0915,3.039,3.039,3.034,3.034,1,0
20190213,0930,3.034,3.034,3.034,3.034,0,0
20190213,0945,3.034,3.034,3.034,3.034,0,0
20190213,1000,3.034,3.034,3.034,3.034,0,0
20190213,1015,3.034,3.034,3.034,3.034,0,0
20190213,1030,3.034,3.034,3.034,3.034,0,0
20190213,1045,3.034,3.034,3.034,3.034,0,0
20190213,1100,3.034,3.034,3.034,3.034,0,0
20190213,1115,3.034,3.034,3.034,3.034,0,0
20190213,1130,3.034,3.034,3.034,3.034,0,0
20190213,1145,3.034,3.034,3.034,3.034,0,0
20190213,1200,3.034,3.034,3.034,3.034,0,0
20190213,1215,3.034,3.034,3.034,3.034,0,0
20190213,1230,3.034,3.034,3.034,3.034,0,0
20190213,1245,3.034,3.034,3.034,3.034,0,0
20190213,1300,3.034,3.034,3.034,3.034,0,0
20190213,1315,3.034,3.034,3.034,3.034,0,0
20190213,1330,3.034,3.034,3.034,3.034,80,0
20190213,1345,3.034,3.034,3.001,3.001,92,0
20190213,1400,3.001,3.001,3.001,3.001,0,0
20190213,1415,3.001,3.001,3.001,3.001,0,0
20190213,1430,3.001,3.001,3.001,3.001,0,0
20190213,1445,3.001,3.001,3.001,3.001,2,0
20190213,1500,3.001,3.001,3.001,3.001,0,0
20190213,1515,3.001,3.001,3.001,3.001,0,0
20190213,1530,3.001,3.001,3.001,3.001,0,0
20190213,1545,3.001,3.001,3.001,3.001,0,0
20190213,1600,3.001,3.001,3.001,3.001,0,0
20190213,1615,3.001,3.001,3.001,3.001,0,0
20190213,1630,3.001,3.001,3.001,3.001,0,0
20190213,1645,3.001,3.001,3.001,3.001,0,0
20190213,1700,3.001,3.028,3.001,3.028,2,0
20190213,1715,3.028,3.028,3.028,3.028,0,0
20190213,1730,3.028,3.028,3.028,3.028,3,0
20190213,1745,3.028,3.028,3.028,3.028,0,0
20190213,1800,3.028,3.028,3.028,3.028,0,0
20190213,1815,3.028,3.028,3.028,3.028,0,0
20190213,1830,3.028,3.028,3.028,3.028,0,0
20190213,1845,3.028,3.028,3.028,3.028,0,0
20190213,1900,3.028,3.028,3.028,3.028,3,0
20190213,1915,3.028,3.028,3.028,3.028,3,0
20190213,1930,3.028,3.028,3.028,3.028,0,0
20190213,1945,3.028,3.028,3.028,3.028,21,0
20190213,2000,3.028,3.028,3.028,3.028,2,0
20190213,2015,3.028,3.028,3.028,3.028,0,0
20190213,2030,3.028,3.031,3.028,3.031,4,0
20190213,2045,3.031,3.031,3.031,3.031,9,0
20190213,2100,3.031,3.038,3.031,3.038,3,0
20190213,2115,3.038,3.038,3.038,3.038,1,0
20190213,2130,3.038,3.038,3.038,3.038,3,0
20190213,2145,3.038,3.038,3.014,3.015,51,0
20190213,2200,3.015,3.022,3.015,3.021,19,0
20190213,2215,3.021,3.024,3.016,3.024,19,0
20190213,2230,3.024,3.024,3.013,3.013,19,0
20190213,2245,3.013,3.013,3.008,3.009,60,0
20190213,2300,3.009,3.012,3.007,3.012,49,0
20190213,2315,3.012,3.020,3.012,3.018,72,0
20190213,2330,3.018,3.018,3.012,3.013,19,0
20190213,2345,3.013,3.013,3.009,3.009,113,0
20190214,0000,3.009,3.011,3.008,3.008,118,0
20190214,0015,3.008,3.011,3.007,3.011,54,0
20190214,0030,3.011,3.011,3.007,3.007,90,0
20190214,0045,3.007,3.011,3.007,3.010,73,0
20190214,0100,3.010,3.022,3.010,3.022,8,0
20190214,0115,3.022,3.022,3.021,3.021,128,0
20190214,0130,3.021,3.021,3.015,3.016,17,0
20190214,0145,3.016,3.018,3.016,3.018,62,0
20190214,0200,3.018,3.034,3.018,3.034,63,0
20190214,0215,3.034,3.034,3.026,3.026,30,0
20190214,0230,3.026,3.026,3.023,3.025,13,0
20190214,0245,3.025,3.026,3.025,3.025,83,0
20190214,0300,3.025,3.025,3.024,3.024,50,0
20190214,0315,3.024,3.024,3.017,3.023,50,0
20190214,0330,3.023,3.023,3.008,3.011,989,0
20190214,0345,3.011,3.016,3.011,3.015,90,0
20190214,0400,3.015,3.015,3.015,3.015,22,0
20190214,0415,3.015,3.020,3.015,3.020,2,0
20190214,0430,3.020,3.022,3.020,3.022,5,0
20190214,0445,3.022,3.022,3.022,3.022,3,0
20190214,0500,3.022,3.022,3.022,3.022,9,0
20190214,0515,3.022,3.022,3.022,3.022,0,0
20190214,0530,3.022,3.022,3.022,3.022,0,0
20190214,0545,3.022,3.022,3.022,3.022,0,0
20190214,0600,3.022,3.022,3.022,3.022,0,0
20190214,0615,3.022,3.022,3.022,3.022,0,0
20190214,1445,3.027,3.027,3.026,3.026,4,0
20190214,1500,3.026,3.026,3.026,3.026,0,0
20190214,1515,3.026,3.026,3.026,3.026,0,0
20190214,1530,3.026,3.027,3.026,3.027,1,0
20190214,1545,3.027,3.027,3.027,3.027,0,0
20190214,1600,3.027,3.027,3.027,3.027,0,0
20190214,1615,3.027,3.027,3.027,3.027,0,0
20190214,1630,3.027,3.027,3.027,3.027,0,0
20190214,1645,3.027,3.027,3.027,3.027,0,0
20190214,1700,3.027,3.027,3.027,3.027,0,0
20190214,1715,3.027,3.027,3.027,3.027,0,0
20190214,1730,3.027,3.027,3.027,3.027,0,0
20190214,1745,3.027,3.027,3.026,3.026,1,0
20190214,1800,3.026,3.026,3.026,3.026,0,0
20190214,1815,3.026,3.026,3.026,3.026,0,0
20190214,1830,3.026,3.026,3.026,3.026,0,0
20190214,1845,3.026,3.026,3.026,3.026,0,0
20190214,1900,3.026,3.026,3.026,3.026,0,0
20190214,1915,3.026,3.026,3.026,3.026,0,0
20190214,1930,3.026,3.026,3.026,3.026,2,0
20190214,1945,3.026,3.026,3.026,3.026,0,0
20190214,2000,3.026,3.026,3.026,3.026,0,0
20190214,2015,3.026,3.026,3.026,3.026,0,0
20190214,2030,3.026,3.026,3.026,3.026,0,0
20190214,2045,3.026,3.026,3.026,3.026,0,0
20190214,2100,3.026,3.026,3.026,3.026,13,0
20190214,2115,3.026,3.026,3.026,3.026,14,0
20190214,2130,3.026,3.026,3.026,3.026,0,0
20190214,2145,3.026,3.026,3.026,3.026,1,0
20190214,2200,3.026,3.026,3.008,3.011,8,0
20190214,2215,3.011,3.011,3.005,3.008,28,0
20190214,2230,3.008,3.008,3.002,3.002,23,0
20190214,2245,3.002,3.004,3.001,3.003,14,0
20190214,2300,3.004,3.006,3.004,3.006,156,0
20190214,2315,3.006,3.010,3.000,3.010,148,0
20190214,2330,3.010,3.010,3.005,3.005,73,0
20190214,2345,3.005,3.013,3.005,3.013,50,0
20190215,0000,3.013,3.017,3.010,3.013,22,0
20190215,0015,3.013,3.013,3.010,3.012,13,0
20190215,0030,3.012,3.012,3.011,3.012,24,0
20190215,0045,3.001,3.001,2.996,2.996,16,0
20190215,0100,2.996,2.999,2.995,2.999,42,0
20190215,0115,2.999,3.004,2.998,3.004,24,0
20190215,0130,3.004,3.004,3.001,3.001,27,0
20190215,0145,3.001,3.002,2.997,3.002,13,0
20190215,0200,3.002,3.002,2.997,2.999,19,0
20190215,0215,2.999,2.999,2.997,2.997,15,0
20190215,0230,2.997,3.000,2.997,3.000,13,0
20190215,0245,3.000,3.003,2.998,2.998,62,0
20190215,0300,2.998,2.998,2.998,2.998,48,0
20190215,0315,2.998,2.998,2.996,2.996,70,0
20190215,0330,2.996,3.000,2.991,3.000,816,0
20190215,0345,3.000,3.000,2.995,2.995,44,0
20190215,0400,2.995,2.995,2.995,2.995,0,0
20190215,0415,2.995,2.995,2.995,2.995,21,0
20190215,0430,2.995,2.995,2.995,2.995,28,0
20190215,0445,2.995,2.998,2.995,2.998,4,0
20190215,0500,2.998,2.998,2.998,2.998,13,0
20190215,0515,2.998,2.998,2.998,2.998,0,0
20190215,0530,2.998,2.998,2.998,2.998,0,0
20190215,0545,2.998,2.998,2.995,2.995,2,0
20190215,0600,2.995,2.995,2.995,2.995,0,0
20190215,0615,2.995,2.995,2.995,2.995,0,0
20190215,2145,2.998,2.998,2.998,2.998,0,0
20190215,2200,2.998,2.998,2.998,2.998,0,0
20190215,2215,2.998,3.003,2.998,3.003,2,0
20190215,2230,3.003,3.007,2.999,3.007,17,0
20190215,2245,3.007,3.007,3.004,3.007,31,0
20190215,2300,3.007,3.009,3.002,3.004,33,0
20190215,2315,3.004,3.004,3.001,3.001,65,0
20190215,2330,3.001,3.002,3.001,3.002,12,0
20190215,2345,3.002,3.003,3.000,3.000,11,0
20190216,0000,3.000,3.000,2.987,2.994,83,0
20190216,0015,2.994,2.994,2.986,2.986,210,0
20190216,0030,2.986,2.988,2.984,2.984,5,0
20190216,0045,2.984,2.986,2.981,2.986,22,0
20190216,0100,2.986,2.989,2.986,2.989,6,0
20190216,0115,2.989,2.990,2.988,2.990,43,0
20190216,0130,2.990,2.994,2.990,2.994,15,0
20190216,0145,2.994,3.001,2.994,2.999,6,0
20190216,0200,2.999,2.999,2.997,2.999,8,0
20190216,0215,2.999,3.002,2.999,3.002,32,0
20190216,0230,3.002,3.003,3.001,3.002,90,0
20190216,0245,3.002,3.004,3.000,3.003,36,0
20190216,0300,3.003,3.003,3.003,3.003,0,0
20190216,0315,3.003,3.003,3.003,3.003,3,0
20190216,0330,3.003,3.004,3.003,3.004,366,0
20190216,0345,3.004,3.012,3.004,3.008,126,0
20190216,0400,3.008,3.009,3.008,3.009,6,0
20190216,0415,3.009,3.009,3.009,3.009,15,0
20190216,0430,3.009,3.009,3.009,3.009,0,0
20190216,0445,3.009,3.009,3.009,3.009,0,0
20190216,0500,3.009,3.016,3.009,3.016,65,0
20190216,0515,3.016,3.016,3.016,3.016,0,0
20190216,0530,3.016,3.016,3.016,3.016,0,0
20190216,0545,3.016,3.016,3.016,3.016,3,0
20190216,0600,3.016,3.016,3.016,3.016,4,0
20190216,0615,3.016,3.016,3.016,3.016,0,0
20190218,1415,3.025,3.025,3.025,3.025,0,0
20190218,1430,3.025,3.025,3.025,3.025,0,0
20190218,1445,3.025,3.025,3.025,3.025,0,0
20190218,1500,3.025,3.025,3.025,3.025,0,0
20190218,1515,3.025,3.025,3.025,3.025,0,0
20190218,1530,3.025,3.025,3.025,3.025,0,0
20190218,1545,3.025,3.025,3.025,3.025,0,0
20190218,1600,3.025,3.025,3.025,3.025,0,0
20190218,1615,3.025,3.025,3.025,3.025,0,0
20190218,1630,3.025,3.025,3.025,3.025,0,0
20190218,1645,3.025,3.025,3.025,3.025,0,0
20190218,1700,3.025,3.025,3.025,3.025,8,0
20190218,1715,3.025,3.025,3.025,3.025,0,0
20190218,1730,3.025,3.025,3.025,3.025,0,0
20190218,1745,3.025,3.025,3.025,3.025,0,0
20190218,1800,3.025,3.025,3.025,3.025,0,0
20190218,1815,3.025,3.025,3.025,3.025,5,0
20190218,1830,3.025,3.025,3.025,3.025,0,0
20190218,1845,3.025,3.025,3.025,3.025,0,0
20190218,1900,3.025,3.025,3.025,3.025,0,0
20190218,1915,3.025,3.025,3.025,3.025,0,0
20190218,1930,3.025,3.025,3.025,3.025,0,0
20190218,1945,3.025,3.025,3.025,3.025,0,0
20190218,2000,3.025,3.025,3.025,3.025,0,0
20190218,2015,3.025,3.025,3.025,3.025,0,0
20190218,2030,3.025,3.025,3.025,3.025,0,0
20190218,2045,3.025,3.025,3.025,3.025,0,0
20190218,2100,3.025,3.025,3.025,3.025,0,0
20190218,2115,3.025,3.025,3.025,3.025,0,0
20190218,2130,3.025,3.025,3.025,3.025,0,0
20190218,2145,3.025,3.025,3.025,3.025,0,0
20190218,2200,3.025,3.025,3.025,3.025,0,0
20190218,2215,3.025,3.025,3.025,3.025,0,0
20190218,2230,3.025,3.025,3.025,3.025,0,0
20190218,2245,3.025,3.025,3.025,3.025,0,0
20190218,2300,3.025,3.025,3.025,3.025,0,0
20190218,2315,3.025,3.025,3.025,3.025,0,0
20190218,2330,3.025,3.025,3.025,3.025,0,0
20190218,2345,3.025,3.025,3.025,3.025,0,0
20190219,0000,3.025,3.025,3.025,3.025,0,0
20190219,0015,3.025,3.025,3.025,3.025,0,0
20190219,0030,3.025,3.025,3.025,3.025,0,0
20190219,0045,3.025,3.025,3.025,3.025,0,0
20190219,0100,3.025,3.025,3.025,3.025,0,0
20190219,0115,3.025,3.025,3.025,3.025,0,0
20190219,0130,3.025,3.025,3.025,3.025,0,0
20190219,0145,3.025,3.025,3.011,3.011,87,0
20190219,0200,3.011,3.011,3.011,3.011,1,0
20190219,0215,3.011,3.011,3.011,3.011,0,0
20190219,0230,3.011,3.011,3.011,3.011,0,0
20190219,0300,3.011,3.011,3.011,3.011,0,0
20190219,0330,3.011,3.011,3.011,3.011,0,0
20190219,0400,3.011,3.011,3.011,3.011,0,0
20190219,0430,3.011,3.011,3.011,3.011,0,0
20190219,0500,3.011,3.011,3.011,3.011,0,0
20190219,0530,3.011,3.011,3.011,3.011,0,0
20190219,0600,3.011,3.011,3.011,3.011,0,0
20190219,0615,3.011,3.011,3.011,3.011,0,0
20190219,0715,3.011,3.011,3.011,3.011,2,0
20190219,0730,3.011,3.011,3.011,3.011,0,0
20190219,0745,3.011,3.011,3.011,3.011,0,0
20190219,0800,3.011,3.011,3.011,3.011,0,0
20190219,0815,3.011,3.011,3.011,3.011,0,0
20190219,0830,3.011,3.011,3.011,3.011,0,0
20190219,0845,3.011,3.011,3.011,3.011,0,0
20190219,0900,3.011,3.011,3.011,3.011,0,0
20190219,0915,3.011,3.011,3.011,3.011,0,0
20190219,0930,3.011,3.011,3.011,3.011,0,0
20190219,0945,3.011,3.011,3.011,3.011,0,0
20190219,1000,3.011,3.011,3.011,3.011,0,0
20190219,1015,3.011,3.011,3.011,3.011,0,0
20190219,1030,3.011,3.011,3.011,3.011,0,0
20190219,1045,3.011,3.011,3.011,3.011,0,0
20190219,1100,3.011,3.011,3.011,3.011,0,0
20190219,1115,3.011,3.011,3.011,3.011,0,0
20190219,1130,3.011,3.011,3.011,3.011,0,0
20190219,1145,3.011,3.011,3.011,3.011,0,0
20190219,1200,3.011,3.011,3.011,3.011,0,0
20190219,1215,3.011,3.011,3.011,3.011,0,0
20190219,1230,3.011,3.011,3.011,3.011,0,0
20190219,1245,3.011,3.011,3.011,3.011,0,0
20190219,1300,3.011,3.011,3.011,3.011,0,0
20190219,1315,3.011,3.011,3.011,3.011,2,0
20190219,1330,3.011,3.011,3.011,3.011,0,0
20190219,1345,3.011,3.011,3.011,3.011,0,0
20190219,1400,3.011,3.011,3.011,3.011,0,0
20190219,1415,3.011,3.011,3.011,3.011,0,0
20190219,1430,3.011,3.011,3.011,3.011,0,0
20190219,1445,3.011,3.011,3.011,3.011,0,0
20190219,1500,3.011,3.011,3.011,3.011,0,0
20190219,1515,3.011,3.011,3.011,3.011,0,0
20190219,1530,3.011,3.011,3.011,3.011,0,0
20190219,1545,3.011,3.011,3.011,3.011,0,0
20190219,1600,3.011,3.011,3.011,3.011,0,0
20190219,1615,3.011,3.011,3.011,3.011,0,0
20190219,1630,3.011,3.011,3.011,3.011,0,0
20190219,1645,3.011,3.011,3.011,3.011,0,0
20190219,1700,3.011,3.011,3.011,3.011,0,0
20190219,1715,3.011,3.011,3.011,3.011,0,0
20190219,1730,3.011,3.011,3.011,3.011,0,0
20190219,1745,3.011,3.011,3.011,3.011,0,0
20190219,1800,3.011,3.011,3.011,3.011,0,0
20190219,1815,3.011,3.011,3.011,3.011,0,0
20190219,1830,3.011,3.011,3.011,3.011,0,0
20190219,1845,3.011,3.011,3.011,3.011,0,0
20190219,1900,3.011,3.011,3.011,3.011,0,0
20190219,1915,3.011,3.011,3.011,3.011,0,0
20190219,1930,3.011,3.021,3.011,3.020,8,0
20190219,1945,3.020,3.020,3.020,3.020,0,0
20190219,2000,3.020,3.020,3.020,3.020,0,0
20190219,2015,3.020,3.020,3.020,3.020,0,0
20190219,2030,3.020,3.020,3.020,3.020,0,0
20190219,2045,3.020,3.020,3.020,3.020,0,0
20190219,2100,3.020,3.020,3.020,3.020,1,0
20190219,2115,3.020,3.020,3.020,3.020,10,0
20190219,2130,3.020,3.020,3.020,3.020,1,0
20190219,2145,3.020,3.020,3.020,3.020,5,0
20190219,2200,3.020,3.020,3.010,3.010,46,0
20190219,2215,3.005,3.010,3.005,3.008,285,0
20190219,2230,3.009,3.010,3.006,3.007,90,0
20190219,2245,3.007,3.013,3.007,3.013,173,0
20190219,2300,3.013,3.041,3.011,3.041,235,0
20190219,2315,3.041,3.044,3.036,3.039,95,0
20190219,2330,3.039,3.039,3.033,3.037,78,0
20190219,2345,3.037,3.037,3.031,3.032,79,0
20190220,0000,3.032,3.032,3.023,3.027,40,0
20190220,0015,3.027,3.030,3.027,3.030,17,0
20190220,0030,3.030,3.030,3.027,3.028,25,0
20190220,0045,3.028,3.028,3.019,3.026,145,0
20190220,0100,3.026,3.029,3.023,3.029,22,0
20190220,0115,3.029,3.029,3.023,3.026,7,0
20190220,0130,3.026,3.030,3.026,3.028,26,0
20190220,0145,3.028,3.033,3.028,3.033,10,0
20190220,0200,3.033,3.033,3.033,3.033,524,0
20190220,0215,3.033,3.033,3.033,3.033,0,0
20190220,0230,3.033,3.033,3.033,3.033,2,0
20190220,0245,3.033,3.038,3.033,3.038,40,0
20190220,0300,3.038,3.043,3.038,3.043,407,0
20190220,0315,3.043,3.043,3.043,3.043,21,0
20190220,0330,3.043,3.050,3.040,3.044,508,0
20190220,0345,3.044,3.044,3.044,3.044,20,0
20190220,0400,3.044,3.044,3.044,3.044,0,0
20190220,0415,3.044,3.044,3.044,3.044,20,0
20190220,0430,3.044,3.044,3.044,3.044,18,0
20190220,0445,3.044,3.044,3.044,3.044,0,0
20190220,0500,3.044,3.044,3.044,3.044,0,0
20190220,0515,3.044,3.044,3.044,3.044,29,0
20190220,0530,3.044,3.044,3.044,3.044,0,0
20190220,0545,3.044,3.044,3.044,3.044,0,0
20190220,0600,3.044,3.044,3.044,3.044,0,0
20190220,0615,3.044,3.044,3.044,3.044,0,0
20190220,2200,3.054,3.056,3.050,3.052,8,0
20190220,2215,3.052,3.052,3.044,3.047,72,0
20190220,2230,3.047,3.047,3.045,3.045,31,0
20190220,2245,3.045,3.046,3.044,3.046,54,0
20190220,2300,3.046,3.051,3.045,3.045,32,0
20190220,2315,3.045,3.045,3.045,3.045,56,0
20190220,2330,3.045,3.045,3.044,3.045,10,0
20190220,2345,3.045,3.045,3.043,3.043,6,0
20190221,0000,3.043,3.044,3.043,3.044,13,0
20190221,0015,3.044,3.044,3.033,3.033,17,0
20190221,0030,3.033,3.033,3.032,3.032,12,0
20190221,0045,3.032,3.035,3.032,3.035,52,0
20190221,0100,3.035,3.035,3.015,3.015,92,0
20190221,0115,3.014,3.022,3.014,3.022,22,0
20190221,0130,3.022,3.024,3.022,3.024,5,0
20190221,0145,3.024,3.024,3.018,3.021,58,0
20190221,0200,3.021,3.022,3.021,3.022,13,0
20190221,0215,3.022,3.022,3.022,3.022,9,0
20190221,0230,3.022,3.022,3.020,3.022,17,0
20190221,0245,3.022,3.025,3.021,3.025,15,0
20190221,0300,3.026,3.026,3.023,3.024,19,0
20190221,0315,3.024,3.025,3.021,3.021,75,0
20190221,0330,3.021,3.021,3.020,3.021,339,0
20190221,0345,3.021,3.021,3.021,3.021,1,0
20190221,0400,3.021,3.021,3.021,3.021,12,0
20190221,0415,3.021,3.021,3.021,3.021,6,0
20190221,0430,3.021,3.022,3.021,3.022,20,0
20190221,0445,3.022,3.022,3.022,3.022,18,0
20190221,0500,3.022,3.025,3.021,3.021,19,0
20190221,0515,3.021,3.023,3.019,3.022,36,0
20190221,0530,3.022,3.022,3.022,3.022,5,0
20190221,0545,3.022,3.022,3.022,3.022,0,0
20190221,0600,3.022,3.022,3.017,3.017,17,0
20190221,0615,3.017,3.017,3.017,3.017,0,0
20190221,2100,3.037,3.037,3.037,3.037,0,0
20190221,2115,3.037,3.037,3.037,3.037,0,0
20190221,2130,3.037,3.037,3.037,3.037,0,0
20190221,2145,3.037,3.037,3.037,3.037,0,0
20190221,2200,3.037,3.040,3.037,3.039,9,0
20190221,2215,3.039,3.039,3.036,3.036,106,0
20190221,2230,3.036,3.036,3.030,3.032,34,0
20190221,2245,3.032,3.032,3.027,3.029,10,0
20190221,2300,3.029,3.030,3.029,3.030,17,0
20190221,2315,3.030,3.031,3.029,3.030,19,0
20190221,2330,3.030,3.031,3.027,3.029,118,0
20190221,2345,3.027,3.047,3.027,3.038,92,0
20190222,0000,3.038,3.038,3.033,3.034,182,0
20190222,0015,3.034,3.034,3.030,3.030,69,0
20190222,0030,3.031,3.033,3.025,3.030,76,0
20190222,0045,3.030,3.035,3.029,3.033,23,0
20190222,0100,3.033,3.033,3.031,3.031,20,0
20190222,0115,3.031,3.032,3.031,3.031,7,0
20190222,0130,3.031,3.031,3.031,3.031,0,0
20190222,0145,3.031,3.035,3.031,3.035,29,0
20190222,0200,3.035,3.035,3.035,3.035,47,0
20190222,0215,3.035,3.035,3.031,3.034,113,0
20190222,0230,3.034,3.037,3.034,3.037,87,0
20190222,0245,3.037,3.039,3.037,3.039,74,0
20190222,0300,3.039,3.042,3.038,3.042,244,0
20190222,0315,3.042,3.047,3.041,3.041,58,0
20190222,0330,3.041,3.044,3.039,3.039,400,0
20190222,0345,3.039,3.039,3.039,3.039,20,0
20190222,0400,3.039,3.039,3.039,3.039,2,0
20190222,0415,3.039,3.039,3.039,3.039,1,0
20190222,0430,3.039,3.039,3.039,3.039,51,0
20190222,0445,3.039,3.039,3.039,3.039,0,0
20190222,0500,3.039,3.039,3.039,3.039,0,0
20190222,0515,3.039,3.039,3.039,3.039,0,0
20190222,0530,3.039,3.045,3.039,3.044,8,0
20190222,0545,3.044,3.044,3.044,3.044,0,0
20190222,0600,3.044,3.044,3.044,3.044,4,0
20190222,0615,3.044,3.044,3.044,3.044,0,0
20190222,2115,3.036,3.036,3.036,3.036,3,0
20190222,2130,3.036,3.036,3.036,3.036,0,0
20190222,2145,3.036,3.036,3.036,3.036,0,0
20190222,2200,3.036,3.036,3.036,3.036,5,0
20190222,2215,3.036,3.036,3.034,3.034,18,0
20190222,2230,3.034,3.034,3.030,3.030,78,0
20190222,2245,3.030,3.032,3.030,3.032,31,0
20190222,2300,3.032,3.037,3.031,3.037,22,0
20190222,2315,3.037,3.037,3.033,3.033,15,0
20190222,2330,3.033,3.033,3.029,3.031,20,0
20190222,2345,3.032,3.033,3.031,3.033,34,0
20190223,0000,3.033,3.035,3.032,3.034,17,0
20190223,0015,3.034,3.034,3.031,3.031,5,0
20190223,0030,3.032,3.034,3.032,3.033,31,0
20190223,0045,3.033,3.036,3.033,3.036,126,0
20190223,0100,3.036,3.036,3.031,3.031,21,0
20190223,0115,3.031,3.032,3.030,3.032,49,0
20190223,0130,3.032,3.033,3.031,3.033,42,0
20190223,0145,3.033,3.033,3.030,3.030,401,0
20190223,0200,3.030,3.032,3.030,3.032,72,0
20190223,0215,3.032,3.048,3.032,3.048,169,0
20190223,0230,3.048,3.048,3.043,3.043,23,0
20190223,0245,3.043,3.051,3.043,3.051,47,0
20190223,0300,3.051,3.053,3.051,3.053,2,0
20190223,0315,3.053,3.053,3.046,3.046,23,0
20190223,0330,3.046,3.051,3.046,3.051,118,0
20190223,0345,3.051,3.051,3.051,3.051,80,0
20190223,0400,3.051,3.051,3.051,3.051,0,0
20190223,0415,3.051,3.051,3.048,3.048,4,0
20190223,0430,3.048,3.048,3.044,3.044,116,0
20190223,0445,3.044,3.044,3.044,3.044,8,0
20190223,0500,3.044,3.044,3.044,3.044,1,0
20190223,0515,3.044,3.044,3.044,3.044,1,0
20190223,0530,3.044,3.044,3.044,3.044,1,0
20190223,0545,3.044,3.044,3.044,3.044,0,0
20190223,0600,3.044,3.044,3.044,3.044,4,0
20190225,0715,3.076,3.076,3.076,3.076,2,0
20190225,0730,3.076,3.076,3.076,3.076,0,0
20190225,0745,3.076,3.076,3.076,3.076,0,0
20190225,0800,3.076,3.076,3.076,3.076,0,0
20190225,0815,3.076,3.076,3.076,3.076,0,0
20190225,0830,3.076,3.076,3.076,3.076,0,0
20190225,0845,3.076,3.076,3.076,3.076,0,0
20190225,0900,3.076,3.076,3.076,3.076,0,0
20190225,0915,3.076,3.076,3.076,3.076,0,0
20190225,0930,3.076,3.076,3.076,3.076,0,0
20190225,0945,3.076,3.076,3.076,3.076,0,0
20190225,1000,3.076,3.076,3.076,3.076,0,0
20190225,1015,3.076,3.076,3.076,3.076,0,0
20190225,1030,3.076,3.076,3.076,3.076,0,0
20190225,1045,3.076,3.076,3.076,3.076,0,0
20190225,1100,3.076,3.076,3.076,3.076,0,0
20190225,1115,3.076,3.076,3.076,3.076,0,0
20190225,1130,3.076,3.076,3.076,3.076,0,0
20190225,1145,3.076,3.076,3.076,3.076,0,0
20190225,1200,3.076,3.076,3.076,3.076,0,0
20190225,1215,3.076,3.076,3.076,3.076,0,0
20190225,1230,3.076,3.076,3.076,3.076,0,0
20190225,1245,3.076,3.076,3.076,3.076,0,0
20190225,1300,3.076,3.076,3.076,3.076,0,0
20190225,1315,3.076,3.076,3.076,3.076,0,0
20190225,1330,3.076,3.084,3.076,3.084,6,0
20190225,1345,3.084,3.084,3.084,3.084,0,0
20190225,1400,3.084,3.084,3.084,3.084,0,0
20190225,1415,3.084,3.084,3.084,3.084,0,0
20190225,1430,3.084,3.084,3.084,3.084,0,0
20190225,1445,3.084,3.084,3.084,3.084,0,0
20190225,1500,3.084,3.084,3.084,3.084,0,0
20190225,1515,3.084,3.084,3.084,3.084,0,0
20190225,1530,3.084,3.084,3.084,3.084,0,0
20190225,1545,3.084,3.084,3.084,3.084,0,0
20190225,1600,3.084,3.084,3.084,3.084,0,0
20190225,1615,3.084,3.084,3.084,3.084,0,0
20190225,1630,3.084,3.084,3.084,3.084,0,0
20190225,1645,3.084,3.084,3.084,3.084,0,0
20190225,1700,3.084,3.084,3.084,3.084,2,0
20190225,1715,3.084,3.084,3.084,3.084,0,0
20190225,1730,3.084,3.084,3.084,3.084,0,0
20190225,1745,3.084,3.084,3.084,3.084,0,0
20190225,1800,3.084,3.084,3.084,3.084,2,0
20190225,1815,3.084,3.092,3.084,3.092,1,0
20190225,1830,3.092,3.092,3.089,3.089,2,0
20190225,1845,3.089,3.089,3.089,3.089,0,0
20190225,1900,3.089,3.089,3.089,3.089,0,0
20190225,1915,3.089,3.089,3.089,3.089,0,0
20190225,1930,3.089,3.089,3.089,3.089,0,0
20190225,1945,3.089,3.089,3.089,3.089,0,0
20190225,2000,3.089,3.089,3.089,3.089,0,0
20190225,2015,3.089,3.089,3.089,3.089,0,0
20190225,2030,3.089,3.089,3.089,3.089,0,0
20190225,2045,3.089,3.089,3.089,3.089,0,0
20190225,2100,3.089,3.089,3.089,3.089,6,0
20190225,2115,3.089,3.089,3.074,3.074,21,0
20190225,2130,3.074,3.074,3.074,3.074,0,0
20190225,2145,3.074,3.081,3.073,3.080,37,0
20190225,2200,3.080,3.086,3.080,3.086,13,0
20190225,2215,3.086,3.095,3.086,3.090,60,0
20190225,2230,3.090,3.090,3.089,3.089,44,0
20190225,2245,3.089,3.089,3.078,3.078,119,0
20190225,2300,3.078,3.079,3.078,3.079,43,0
20190225,2315,3.079,3.079,3.076,3.077,23,0
20190225,2330,3.077,3.077,3.077,3.077,48,0
20190225,2345,3.077,3.077,3.071,3.075,26,0
20190226,0000,3.075,3.075,3.069,3.069,6,0
20190226,0015,3.069,3.069,3.069,3.069,22,0
20190226,0030,3.069,3.069,3.069,3.069,3,0
20190226,0045,3.069,3.069,3.069,3.069,2,0
20190226,0100,3.069,3.080,3.069,3.080,2,0
20190226,0115,3.080,3.080,3.080,3.080,105,0
20190226,0130,3.080,3.080,3.078,3.078,16,0
20190226,0145,3.078,3.078,3.078,3.078,14,0
20190226,0200,3.078,3.078,3.076,3.076,34,0
20190226,0215,3.076,3.076,3.076,3.076,5,0
20190226,0230,3.076,3.086,3.076,3.086,26,0
20190226,0245,3.086,3.086,3.084,3.084,3,0
20190226,0300,3.084,3.084,3.084,3.084,5,0
20190226,0315,3.084,3.084,3.084,3.084,292,0
20190226,0330,3.084,3.084,3.084,3.084,236,0
20190226,0345,3.084,3.091,3.084,3.091,73,0
20190226,0400,3.091,3.092,3.091,3.091,100,0
20190226,0415,3.091,3.091,3.091,3.091,33,0
20190226,0430,3.091,3.091,3.091,3.091,1,0
20190226,0445,3.091,3.091,3.091,3.091,2,0
20190226,0500,3.091,3.091,3.091,3.091,9,0
20190226,0515,3.091,3.091,3.091,3.091,101,0
20190226,0530,3.091,3.091,3.091,3.091,8,0
20190226,0545,3.091,3.091,3.089,3.089,17,0
20190226,0600,3.089,3.089,3.089,3.089,1,0
20190226,0615,3.089,3.089,3.089,3.089,0,0
20190226,0630,3.089,3.089,3.089,3.089,0,0
