20181221,1515,25704,25721,25666,25672,514972240,0
20181221,1530,25674,25719,25651,25708,526908408,0
20181221,1545,25706,25760,25682,25747,546437601,0
20181221,1600,25748,25793,25747,25762,565475111,0
20181221,1615,25759,25762,25643,25687,282996883,0
20181221,1630,25686,25686,25646,25657,676441416,0
20181221,1645,25657,25657,25657,25657,528491355,0
20181221,1700,25657,25657,25657,25657,511640906,0
20181221,1715,25657,25657,25657,25657,0,0
20181221,1730,25657,25657,25563,25605,2908,0
20181221,1745,25602,25605,25572,25592,1422,0
20181221,1800,25592,25604,25568,25591,1020,0
20181221,1815,25591,25595,25558,25583,1157,0
20181221,1830,25583,25583,25529,25550,2138,0
20181221,1845,25550,25569,25543,25554,1127,0
20181221,1900,25554,25587,25543,25564,1089,0
20181221,1915,25565,25590,25560,25588,982,0
20181221,1930,25588,25597,25582,25590,779,0
20181221,1945,25595,25632,25591,25632,1045,0
20181221,2000,25630,25643,25612,25612,842,0
20181221,2015,25612,25662,25602,25639,1469,0
20181221,2030,25638,25653,25609,25617,1127,0
20181221,2045,25617,25632,25603,25610,815,0
20181221,2100,25610,25651,25603,25642,949,0
20181221,2115,25643,25675,25628,25667,1206,0
20181221,2130,25667,25683,25654,25670,918,0
20181221,2145,25677,25725,25677,25709,2080,0
20181221,2200,25709,25722,25680,25690,1112,0
20181221,2215,25690,25717,25690,25715,1050,0
20181221,2230,25716,25730,25635,25655,2206,0
20181221,2245,25655,25713,25640,25687,3721,0
20181221,2300,25688,25693,25615,25659,2607,0
20181221,2315,25657,25755,25619,25738,3619,0
20181221,2330,25747,25805,25738,25756,4854,0
20181221,2345,25755,25765,25686,25691,2610,0
20181222,0000,25692,25730,25651,25661,2255,0
20181222,0015,25662,25663,25560,25602,2887,0
20181222,0030,25602,25662,25602,25638,1003,0
20181224,0930,25491,25543,25447,25447,19117111,0
20181224,0945,25446,25481,25408,25444,64669442,0
20181224,1000,25441,25523,25401,25494,102200849,0
20181224,1015,25497,25538,25456,25520,129547610,0
20181224,1030,25520,25531,25478,25516,149535683,0
20181224,1045,25519,25557,25482,25489,171587754,0
20181224,1100,25493,25555,25483,25547,189335208,0
20181224,1115,25550,25574,25527,25541,204936106,0
20181224,1130,25541,25569,25534,25561,215029469,0
20181224,1145,25560,25593,25560,25579,205207831,0
20181224,1200,25580,25617,25575,25611,194062535,0
20181224,1215,25610,25658,25596,25634,104008512,0
20181224,1230,25643,25650,25618,25626,81956291,0
20181224,1245,25626,25626,25626,25626,103731,0
20181224,1415,25626,25626,25626,25626,103731,0
20181224,1515,25626,25626,25626,25626,103731,0
20181224,1745,25626,25626,25268,25287,312286,0
20181227,1800,25287,25294,25227,25227,824,0
20181227,1815,25227,25286,25224,25264,1206,0
20181227,1830,25264,25277,25242,25273,923,0
20181227,1845,25273,25289,25258,25271,739,0
20181227,1900,25271,25286,25257,25273,1014,0
20181227,1915,25273,25287,25257,25265,698,0
20181227,1930,25264,25294,25260,25283,860,0
20181227,1945,25283,25303,25269,25295,477,0
20181227,2000,25295,25299,25266,25279,522,0
20181227,2015,25283,25291,25236,25248,815,0
20181227,2030,25248,25271,25241,25262,674,0
20181227,2045,25266,25273,25257,25269,503,0
20181227,2100,25270,25275,25242,25246,531,0
20181227,2115,25246,25289,25216,25277,1336,0
20181227,2130,25280,25288,25265,25270,595,0
20181227,2145,25269,25288,25253,25263,678,0
20181227,2200,25263,25268,25241,25257,468,0
20181227,2215,25255,25273,25239,25243,592,0
20181227,2230,25243,25262,25240,25257,340,0
20181227,2245,25258,25340,25246,25296,2586,0
20181227,2300,25296,25310,25235,25268,1554,0
20181227,2315,25246,25255,25246,25248,1555,0
20181227,2330,25257,25276,25230,25241,2146,0
20181227,2345,25242,25291,25218,25288,2368,0
20181228,0000,25291,25299,25240,25240,1155,0
20181228,0015,25239,25248,25223,25241,1093,0
20181228,0030,25236,25284,25236,25271,660,0
20181228,0045,25267,25305,25260,25262,701,0
20181228,0100,25264,25271,25236,25259,726,0
20190103,1315,25015,25048,24937,24943,0,0
20190103,1330,24943,24963,24916,24954,0,0
20190103,1345,24954,24964,24921,24929,0,0
20190103,1400,24926,24979,24905,24962,0,0
20190103,1415,24966,24985,24900,24901,0,0
20190103,1430,24898,24951,24878,24948,0,0
20190103,1445,24946,25031,24944,25003,0,0
20190103,1500,25003,25057,25003,25031,0,0
20190103,1515,25031,25074,25031,25068,0,0
20190103,1530,25068,25085,25041,25071,0,0
20190103,1545,25071,25089,25042,25066,0,0
20190103,1600,25066,25068,25020,25023,0,0
20190103,1615,25020,25068,25000,25025,0,0
20190103,1630,25024,25059,24994,25057,0,0
20190103,1730,25047,25080,25038,25062,0,0
20190103,1745,25062,25066,25038,25060,0,0
20190103,1800,25060,25071,25026,25029,0,0
20190103,1815,25029,25029,25000,25019,0,0
20190103,1830,25018,25028,25005,25023,0,0
20190103,1845,25025,25035,25015,25035,0,0
20190103,1900,25035,25049,25024,25033,0,0
20190103,1915,25033,25060,25020,25034,0,0
20190103,1930,25034,25056,25023,25027,0,0
20190103,1945,25027,25031,24973,24991,0,0
20190103,2000,24991,25008,24981,25005,0,0
20190103,2015,25003,25046,25001,25036,0,0
20190103,2030,25036,25057,25036,25054,0,0
20190103,2045,25054,25109,25053,25106,0,0
20190103,2100,25105,25111,25085,25094,0,0
20190103,2115,25094,25131,25094,25123,0,0
20190103,2130,25124,25143,25102,25120,0,0
20190103,2145,25122,25134,25105,25107,0,0
20190103,2200,25107,25147,25106,25138,0,0
20190103,2215,25140,25144,25122,25130,0,0
20190103,2230,25129,25175,25125,25164,0,0
20190103,2245,25166,25177,25124,25153,0,0
20190103,2300,25154,25155,25099,25121,0,0
20190103,2315,25113,25119,25047,25053,0,0
20190103,2330,25055,25094,25045,25079,0,0
20190103,2345,25078,25078,25005,25018,0,0
20190104,0000,25018,25053,25014,25049,0,0
20190104,0015,25050,25074,25033,25067,0,0
20190104,0030,25074,25097,25043,25047,0,0
20190104,0045,25051,25151,25035,25133,0,0
20190104,0100,25140,25153,25099,25104,0,0
20190104,0930,25110,25110,24899,24942,0,0
20190104,0945,24942,25134,24937,25095,0,0
20190104,1000,25092,25221,25092,25173,0,0
20190104,1015,25177,25182,25076,25099,0,0
20190104,1030,25099,25230,25086,25214,0,0
20190104,1045,25213,25317,25191,25305,0,0
20190104,1100,25307,25406,25275,25406,0,0
20190104,1115,25408,25462,25370,25413,0,0
20190104,1130,25414,25464,25397,25440,0,0
20190104,1145,25440,25462,25371,25381,0,0
20190104,1200,25378,25413,25358,25401,0,0
20190104,1315,25416,25437,25374,25410,0,0
20190104,1330,25408,25455,25404,25422,0,0
20190104,1345,25423,25483,25417,25437,0,0
20190104,1400,25438,25459,25406,25450,0,0
20190104,1415,25450,25466,25415,25437,0,0
20190104,1430,25438,25480,25436,25477,0,0
20190104,1445,25478,25495,25454,25493,0,0
20190104,1500,25495,25563,25486,25552,0,0
20190104,1515,25553,25629,25535,25618,0,0
20190104,1530,25621,25640,25575,25587,0,0
20190104,1545,25588,25627,25587,25594,0,0
20190104,1600,25595,25618,25585,25605,0,0
20190104,1615,25603,25658,25590,25608,0,0
20190104,1630,25609,25632,25595,25601,0,0
20190104,1730,25600,25761,25588,25750,0,0
20190104,1745,25750,25767,25707,25723,0,0
20190104,1800,25720,25723,25675,25686,0,0
20190104,1815,25686,25707,25675,25698,0,0
20190104,1830,25698,25701,25668,25678,0,0
20190104,1845,25678,25695,25662,25675,0,0
20190104,1900,25675,25682,25655,25666,0,0
20190104,1915,25666,25673,25638,25660,0,0
20190104,1930,25660,25686,25652,25675,0,0
20190104,1945,25676,25700,25676,25697,0,0
20190104,2000,25697,25714,25680,25699,0,0
20190104,2015,25699,25701,25669,25669,0,0
20190104,2030,25671,25675,25658,25669,0,0
20190104,2045,25670,25674,25646,25658,0,0
20190104,2100,25658,25669,25635,25657,0,0
20190104,2115,25657,25665,25619,25623,0,0
20190104,2130,25625,25684,25624,25680,0,0
20190104,2145,25672,25689,25594,25648,0,0
20190104,2200,25648,25685,25642,25642,0,0
20190104,2215,25643,25659,25628,25658,0,0
20190104,2230,25657,25683,25651,25679,0,0
20190104,2245,25679,25704,25652,25699,0,0
20190104,2300,25699,25729,25678,25721,0,0
20190104,2315,25721,25742,25706,25707,0,0
20190104,2330,25703,25836,25680,25834,0,0
20190104,2345,25835,25852,25815,25828,0,0
20190105,0000,25825,25965,25824,25962,0,0
20190105,0015,25961,25980,25940,25952,0,0
20190105,0030,25950,25953,25867,25881,0,0
20190105,0045,25880,25907,25855,25898,0,0
20190105,0100,25898,25975,25898,25949,0,0
20190107,0930,25949,26095,25949,26064,0,0
20190107,0945,26064,26077,25903,25970,0,0
20190107,1000,25969,25987,25848,25940,0,0
20190107,1015,25941,26013,25916,25938,0,0
20190107,1030,25937,25966,25896,25933,0,0
20190107,1045,25930,25979,25922,25952,0,0
20190107,1100,25951,25978,25921,25927,0,0
20190107,1115,25927,25934,25828,25837,0,0
20190107,1130,25838,25840,25775,25836,0,0
20190107,1145,25836,25851,25806,25835,0,0
20190107,1200,25834,25845,25793,25820,0,0
20190107,1315,25822,25863,25800,25860,0,0
20190107,1330,25860,25885,25828,25844,0,0
20190107,1345,25842,25850,25815,25822,0,0
20190107,1400,25822,25851,25816,25825,0,0
20190107,1415,25826,25833,25755,25786,0,0
20190107,1430,25786,25842,25786,25838,0,0
20190107,1445,25839,25853,25820,25820,0,0
20190107,1500,25822,25835,25799,25805,0,0
20190107,1515,25806,25825,25785,25821,0,0
20190107,1530,25822,25852,25803,25841,0,0
20190107,1545,25840,25851,25816,25849,0,0
20190107,1600,25849,25874,25845,25856,0,0
20190107,1615,25853,25866,25833,25843,0,0
20190107,1630,25843,25871,25820,25865,0,0
20190107,1730,25835,25835,25761,25765,0,0
20190107,1745,25765,25771,25734,25743,0,0
20190107,1800,25744,25785,25734,25756,0,0
20190107,1815,25760,25784,25753,25781,0,0
20190107,1830,25780,25805,25778,25802,0,0
20190107,1845,25802,25803,25768,25784,0,0
20190107,1900,25784,25801,25778,25780,0,0
20190107,1915,25780,25796,25772,25790,0,0
20190107,1930,25790,25794,25775,25779,0,0
20190107,1945,25779,25781,25753,25759,0,0
20190107,2000,25759,25793,25759,25786,0,0
20190107,2015,25784,25808,25776,25806,0,0
20190107,2030,25806,25838,25802,25819,0,0
20190107,2045,25819,25830,25798,25808,0,0
20190107,2100,25808,25824,25797,25822,0,0
20190107,2115,25822,25830,25814,25821,0,0
20190107,2130,25821,25833,25815,25821,0,0
20190107,2145,25821,25824,25806,25810,0,0
20190107,2200,25810,25810,25775,25780,0,0
20190107,2215,25780,25811,25778,25802,0,0
20190107,2230,25802,25816,25786,25810,0,0
20190107,2245,25813,25825,25746,25803,0,0
20190107,2300,25804,25827,25756,25816,0,0
20190107,2315,25821,25844,25777,25785,0,0
20190107,2330,25785,25808,25759,25784,0,0
20190107,2345,25784,25828,25784,25811,0,0
20190108,0000,25811,25843,25807,25841,0,0
20190108,0015,25841,25875,25833,25857,0,0
20190108,0030,25857,25865,25822,25840,0,0
20190108,0045,25838,25889,25824,25888,0,0
20190108,0100,25886,25902,25881,25895,0,0
20190108,0930,25896,25958,25887,25925,0,0
20190108,0945,25923,25923,25713,25786,0,0
20190108,1000,25783,25870,25746,25844,0,0
20190108,1015,25844,25945,25821,25902,0,0
20190108,1030,25904,25912,25831,25895,0,0
20190108,1045,25897,25993,25851,25971,0,0
20190108,1100,25970,26005,25924,25933,0,0
20190108,1115,25931,25975,25918,25948,0,0
20190108,1130,25949,25958,25913,25923,0,0
20190108,1145,25922,25926,25877,25909,0,0
20190108,1200,25909,25939,25898,25935,0,0
20190108,1315,25947,25980,25910,25951,0,0
20190108,1330,25951,25951,25883,25893,0,0
20190108,1345,25894,25904,25796,25824,0,0
20190108,1400,25824,25848,25801,25838,0,0
20190108,1415,25838,25866,25801,25856,0,0
20190108,1430,25858,25884,25848,25860,0,0
20190108,1445,25860,25914,25853,25908,0,0
20190108,1500,25907,25929,25879,25880,0,0
20190108,1515,25880,25914,25852,25892,0,0
20190108,1530,25892,25919,25864,25869,0,0
20190108,1545,25869,25901,25861,25876,0,0
20190108,1600,25874,25883,25836,25850,0,0
20190108,1615,25852,25935,25834,25888,0,0
20190108,1630,25889,25905,25878,25903,0,0
20190108,1730,25937,25955,25927,25947,0,0
20190108,1745,25947,25975,25943,25955,0,0
20190108,1800,25954,25956,25917,25929,0,0
20190108,1815,25929,25934,25915,25923,0,0
20190108,1830,25922,25944,25921,25937,0,0
20190108,1845,25937,25970,25930,25969,0,0
20190108,1900,25966,25990,25956,25986,0,0
20190108,1915,25986,26001,25979,25996,0,0
20190108,1930,25996,25999,25974,25994,0,0
20190108,1945,25994,26023,25988,26018,0,0
20190108,2000,26020,26055,26020,26043,0,0
20190108,2015,26044,26057,26029,26035,0,0
20190108,2030,26035,26045,26025,26033,0,0
20190108,2045,26033,26053,26029,26043,0,0
20190108,2100,26043,26048,26019,26045,0,0
20190108,2115,26044,26066,26030,26044,0,0
20190108,2130,26044,26108,26042,26088,0,0
20190108,2145,26089,26124,26086,26110,0,0
20190108,2200,26110,26115,26095,26112,0,0
20190108,2215,26112,26136,26104,26124,0,0
20190108,2230,26124,26136,26121,26134,0,0
20190108,2245,26133,26181,26133,26167,0,0
20190108,2300,26164,26166,26117,26133,0,0
20190108,2315,26133,26167,26086,26090,0,0
20190108,2330,26090,26105,26072,26089,0,0
20190108,2345,26089,26103,26052,26069,0,0
20190109,0000,26068,26071,26013,26037,0,0
20190109,0015,26039,26087,26034,26060,0,0
20190109,0030,26060,26083,26050,26051,0,0
20190109,0045,26050,26058,26028,26042,0,0
20190109,0100,26041,26055,26024,26055,0,0
20190109,0930,26180,26312,26173,26275,0,0
20190109,0945,26279,26336,26234,26332,0,0
20190109,1000,26330,26404,26330,26399,0,0
20190109,1015,26400,26418,26359,26385,0,0
20190109,1030,26384,26482,26365,26469,0,0
20190109,1045,26470,26594,26470,26549,0,0
20190109,1100,26548,26602,26548,26554,0,0
20190109,1115,26552,26568,26522,26531,0,0
20190109,1130,26533,26557,26491,26496,0,0
20190109,1145,26494,26555,26481,26541,0,0
20190109,1200,26541,26570,26523,26570,0,0
20190109,1315,26571,26591,26546,26554,0,0
20190109,1330,26554,26648,26554,26645,0,0
20190109,1345,26645,26652,26593,26605,0,0
20190109,1400,26603,26625,26574,26586,0,0
20190109,1415,26584,26586,26542,26556,0,0
20190109,1430,26556,26564,26529,26532,0,0
20190109,1445,26534,26537,26438,26458,0,0
20190109,1500,26458,26501,26448,26456,0,0
20190109,1515,26456,26493,26422,26491,0,0
20190109,1530,26491,26521,26481,26483,0,0
20190109,1545,26483,26490,26451,26460,0,0
20190109,1600,26459,26501,26451,26480,0,0
20190109,1615,26482,26514,26462,26464,0,0
20190109,1630,26464,26520,26457,26515,0,0
20190109,1730,26530,26570,26530,26564,0,0
20190109,1745,26564,26608,26563,26584,0,0
20190109,1800,26584,26592,26555,26573,0,0
20190109,1815,26574,26578,26560,26569,0,0
20190109,1830,26568,26576,26516,26525,0,0
20190109,1845,26525,26531,26506,26518,0,0
20190109,1900,26518,26539,26511,26536,0,0
20190109,1915,26536,26548,26515,26529,0,0
20190109,1930,26529,26547,26520,26528,0,0
20190109,1945,26528,26534,26505,26533,0,0
20190109,2000,26533,26545,26516,26537,0,0
20190109,2015,26537,26539,26483,26502,0,0
20190109,2030,26502,26517,26497,26506,0,0
20190109,2045,26506,26531,26485,26529,0,0
20190109,2100,26531,26544,26522,26541,0,0
20190109,2115,26541,26571,26534,26560,0,0
20190109,2130,26558,26569,26544,26548,0,0
20190109,2145,26549,26585,26548,26579,0,0
20190109,2200,26579,26594,26564,26584,0,0
20190109,2215,26584,26589,26547,26560,0,0
20190109,2230,26560,26564,26524,26533,0,0
20190109,2245,26533,26614,26533,26577,0,0
20190109,2300,26576,26629,26554,26603,0,0
20190109,2315,26604,26627,26551,26551,0,0
20190109,2330,26547,26605,26546,26597,0,0
20190109,2345,26597,26597,26492,26497,0,0
20190110,0000,26497,26531,26483,26531,0,0
20190110,0015,26528,26579,26521,26545,0,0
20190110,0030,26545,26565,26504,26553,0,0
20190110,0045,26549,26567,26518,26530,0,0
20190110,0100,26531,26601,26528,26577,0,0
20190110,0930,26389,26418,26317,26377,0,0
20190110,0945,26374,26385,26250,26271,0,0
20190110,1000,26269,26412,26230,26390,0,0
20190110,1015,26391,26449,26344,26344,0,0
20190110,1030,26342,26402,26327,26353,0,0
20190110,1045,26349,26360,26291,26338,0,0
20190110,1100,26338,26372,26313,26350,0,0
20190110,1115,26350,26464,26337,26402,0,0
20190110,1130,26403,26524,26403,26478,0,0
20190110,1145,26477,26572,26470,26567,0,0
20190110,1200,26557,26616,26548,26605,0,0
20190110,1315,26608,26633,26507,26508,0,0
20190110,1330,26510,26512,26415,26461,0,0
20190110,1345,26460,26529,26439,26487,0,0
20190110,1400,26486,26563,26485,26563,0,0
20190110,1415,26554,26568,26492,26516,0,0
20190110,1430,26515,26546,26503,26535,0,0
20190110,1445,26534,26537,26430,26454,0,0
20190110,1500,26455,26494,26445,26474,0,0
20190110,1515,26474,26522,26462,26499,0,0
20190110,1530,26500,26514,26479,26496,0,0
20190110,1545,26497,26545,26488,26532,0,0
20190110,1600,26532,26549,26504,26518,0,0
20190110,1615,26523,26536,26471,26493,0,0
20190110,1630,26495,26499,26462,26470,0,0
20190110,1730,26464,26510,26461,26509,0,0
20190110,1745,26509,26532,26497,26519,0,0
20190110,1800,26519,26536,26505,26508,0,0
20190110,1815,26509,26574,26507,26563,0,0
20190110,1830,26563,26573,26546,26546,0,0
20190110,1845,26546,26556,26534,26551,0,0
20190110,1900,26551,26557,26520,26529,0,0
20190110,1915,26528,26540,26524,26539,0,0
20190110,1930,26540,26550,26521,26529,0,0
20190110,1945,26529,26539,26518,26526,0,0
20190110,2000,26526,26535,26518,26522,0,0
20190110,2015,26522,26549,26522,26542,0,0
20190110,2030,26542,26560,26538,26548,0,0
20190110,2045,26548,26554,26530,26540,0,0
20190110,2100,26540,26563,26538,26554,0,0
20190110,2115,26554,26587,26553,26577,0,0
20190110,2130,26577,26580,26556,26567,0,0
20190110,2145,26568,26581,26545,26547,0,0
20190110,2200,26547,26557,26538,26542,0,0
20190110,2215,26542,26560,26529,26547,0,0
20190110,2230,26547,26557,26538,26544,0,0
20190110,2245,26541,26585,26538,26550,0,0
20190110,2300,26550,26565,26530,26563,0,0
20190110,2315,26563,26597,26556,26570,0,0
20190110,2330,26571,26614,26544,26614,0,0
20190110,2345,26616,26623,26591,26614,0,0
20190111,0000,26614,26649,26597,26647,0,0
20190111,0015,26647,26671,26627,26669,0,0
20190111,0030,26667,26673,26641,26647,0,0
20190111,0045,26646,26696,26645,26681,0,0
20190111,0100,26681,26699,26665,26678,0,0
20190111,0930,26730,26730,26591,26614,0,0
20190111,0945,26615,26616,26512,26589,0,0
20190111,1000,26592,26697,26591,26640,0,0
20190111,1015,26639,26718,26591,26596,0,0
20190111,1030,26597,26638,26547,26584,0,0
20190111,1045,26585,26624,26566,26575,0,0
20190111,1100,26577,26618,26538,26583,0,0
20190111,1115,26583,26593,26543,26586,0,0
20190111,1130,26591,26612,26558,26588,0,0
20190111,1145,26588,26599,26561,26575,0,0
20190111,1200,26575,26616,26570,26603,0,0
20190111,1445,26674,26674,26674,26674,2272,0
20190111,1500,26650,26650,26650,26650,5669,0
20190111,1515,26650,26685,26650,26682,4473,0
20190111,1530,26682,26682,26682,26682,4590,0
20190111,1545,26682,26682,26671,26671,3790,0
20190111,1600,26671,26683,26665,26680,4773,0
20190111,1615,26679,26694,26660,26661,4572,0
20190111,1630,26660,26700,26646,26697,3001,0
20190111,1645,26696,26696,26696,26696,1,0
20190111,1715,26687,26706,26687,26706,0,0
20190111,1730,26721,26725,26714,26724,589,0
20190111,1745,26717,26727,26717,26727,474,0
20190111,1800,26727,26727,26701,26701,385,0
20190111,1815,26711,26711,26704,26704,668,0
20190111,1830,26700,26702,26688,26690,516,0
20190111,1845,26681,26681,26659,26670,820,0
20190111,1900,26673,26705,26666,26685,791,0
20190111,1915,26687,26707,26685,26689,478,0
20190111,1930,26690,26693,26665,26671,491,0
20190111,1945,26672,26684,26670,26677,274,0
20190111,2000,26677,26685,26644,26659,759,0
20190111,2015,26660,26662,26641,26647,630,0
20190111,2030,26647,26664,26643,26658,385,0
20190111,2045,26659,26674,26651,26659,481,0
20190111,2100,26659,26666,26623,26624,736,0
20190111,2115,26624,26626,26573,26603,1500,0
20190111,2130,26603,26613,26583,26589,1047,0
20190111,2145,26590,26619,26555,26576,1284,0
20190111,2200,26578,26599,26567,26592,636,0
20190111,2215,26593,26603,26584,26593,571,0
20190111,2230,26593,26600,26568,26577,698,0
20190111,2245,26580,26610,26552,26562,2054,0
20190111,2300,26563,26596,26552,26594,1254,0
20190111,2315,26593,26630,26582,26608,1427,0
20190111,2330,26608,26629,26587,26589,1064,0
20190111,2345,26589,26640,26583,26631,1263,0
20190112,0000,26631,26677,26608,26671,1026,0
20190112,0015,26671,26680,26642,26649,870,0
20190112,0030,26650,26667,26643,26661,524,0
20190112,0045,26661,26670,26649,26666,516,0
20190112,0100,26667,26683,26649,26655,794,0
20190112,0115,26655,26655,26655,26655,0,0
20190112,0230,26655,26655,26655,26655,0,0
20190114,0915,26595,26595,26595,26595,0,0
20190114,0930,26593,26615,26519,26569,7783,0
20190114,0945,26571,26597,26443,26475,15976,0
20190114,1000,26476,26476,26293,26340,8721,0
20190114,1015,26342,26350,26290,26343,7532,0
20190114,1030,26318,26338,26279,26312,7511,0
20190114,1045,26311,26327,26251,26264,9185,0
20190114,1100,26263,26303,26248,26268,6658,0
20190114,1115,26266,26267,26172,26208,11624,0
20190114,1130,26206,26235,26164,26221,6870,0
20190114,1145,26219,26296,26216,26289,5673,0
20190114,1200,26286,26312,26276,26293,3408,0
20190114,1215,26294,26294,26294,26294,4,0
20190114,1245,26294,26294,26294,26294,0,0
20190114,1300,26294,26296,26294,26296,41,0
20190114,1315,26296,26307,26268,26274,4844,0
20190114,1330,26268,26303,26265,26281,3267,0
20190114,1345,26282,26283,26224,26224,5629,0
20190114,1400,26224,26247,26221,26246,3492,0
20190114,1415,26246,26281,26245,26259,3892,0
20190114,1430,26259,26277,26242,26253,2661,0
20190114,1445,26255,26257,26232,26247,2671,0
20190114,1500,26247,26270,26247,26264,1980,0
20190114,1515,26264,26277,26261,26277,2273,0
20190114,1530,26275,26281,26242,26252,2827,0
20190114,1545,26252,26291,26248,26254,3423,0
20190114,1600,26253,26266,26242,26261,3973,0
20190114,1615,26262,26308,26257,26298,4774,0
20190114,1630,26301,26312,26297,26302,3280,0
20190114,1645,26302,26302,26302,26302,0,0
20190114,1730,26301,26350,26301,26338,1093,0
20190114,1745,26340,26343,26310,26310,745,0
20190114,1800,26310,26320,26291,26300,711,0
20190114,1815,26300,26305,26279,26284,659,0
20190114,1830,26284,26284,26255,26278,991,0
20190114,1845,26278,26283,26261,26275,416,0
20190114,1900,26276,26284,26270,26280,285,0
20190114,1915,26280,26286,26254,26270,675,0
20190114,1930,26270,26281,26265,26280,389,0
20190114,1945,26280,26297,26277,26278,559,0
20190114,2000,26278,26288,26263,26288,408,0
20190114,2015,26288,26299,26277,26285,476,0
20190114,2030,26285,26304,26281,26304,361,0
20190114,2045,26303,26324,26301,26317,667,0
20190114,2100,26317,26318,26301,26303,446,0
20190114,2115,26303,26315,26299,26303,392,0
20190114,2130,26301,26311,26296,26302,423,0
20190114,2145,26302,26321,26299,26315,562,0
20190114,2200,26315,26332,26310,26317,694,0
20190114,2215,26317,26324,26313,26319,284,0
20190114,2230,26319,26324,26308,26319,446,0
20190114,2245,26319,26369,26292,26352,2774,0
20190114,2300,26355,26372,26330,26355,1327,0
20190114,2315,26351,26399,26343,26395,2104,0
20190114,2330,26395,26413,26378,26392,1650,0
20190114,2345,26392,26427,26385,26419,1260,0
20190115,0000,26424,26437,26380,26423,1790,0
20190115,0015,26422,26427,26376,26399,1177,0
20190115,0030,26398,26406,26368,26387,694,0
20190115,0045,26387,26463,26384,26451,1191,0
20190115,0100,26453,26461,26431,26461,643,0
20190115,0930,26529,26573,26494,26517,8757,0
20190115,0945,26511,26592,26436,26583,20815,0
20190115,1000,26588,26610,26493,26518,14021,0
20190115,1015,26519,26671,26512,26652,15053,0
20190115,1030,26657,26719,26657,26687,12628,0
20190115,1045,26692,26732,26665,26667,11145,0
20190115,1100,26666,26743,26660,26738,8055,0
20190115,1115,26739,26868,26739,26814,15762,0
20190115,1130,26821,26860,26801,26839,7606,0
20190115,1145,26838,26859,26790,26790,5655,0
20190115,1200,26794,26805,26749,26768,5216,0
20190115,1215,26767,26767,26767,26767,1,0
20190115,1245,26767,26767,26767,26767,0,0
20190115,1300,26767,26775,26767,26775,19,0
20190115,1315,26771,26771,26690,26746,8054,0
20190115,1330,26744,26772,26722,26727,5363,0
20190115,1345,26723,26747,26699,26730,5379,0
20190115,1400,26730,26801,26716,26781,6741,0
20190115,1415,26781,26827,26777,26801,6647,0
20190115,1430,26802,26836,26796,26814,5716,0
20190115,1445,26812,26823,26799,26818,3389,0
20190115,1500,26818,26841,26802,26834,4127,0
20190115,1515,26834,26834,26784,26790,5603,0
20190115,1530,26790,26820,26780,26806,3667,0
20190115,1545,26804,26806,26783,26787,2883,0
20190115,1600,26787,26815,26781,26811,4001,0
20190115,1615,26808,26826,26797,26815,5384,0
20190115,1630,26815,26825,26740,26748,4353,0
20190115,1645,26752,26752,26752,26752,1,0
20190115,1700,26752,26752,26752,26752,0,0
20190115,1715,26752,26752,26752,26752,0,0
20190115,1730,26712,26725,26689,26713,1673,0
20190115,1745,26714,26742,26709,26722,982,0
20190115,1800,26721,26736,26700,26704,822,0
20190115,1815,26704,26728,26701,26723,587,0
20190115,1830,26724,26738,26717,26719,617,0
20190115,1845,26719,26722,26703,26719,466,0
20190115,1900,26719,26728,26704,26717,607,0
20190115,1915,26717,26722,26704,26713,749,0
20190115,1930,26711,26717,26688,26695,664,0
20190115,1945,26693,26704,26683,26698,572,0
20190115,2000,26698,26700,26615,26634,1659,0
20190115,2015,26631,26642,26611,26618,1224,0
20190115,2030,26618,26637,26615,26631,601,0
20190115,2045,26629,26630,26596,26606,697,0
20190115,2100,26606,26628,26603,26626,533,0
20190115,2115,26626,26643,26622,26635,592,0
20190115,2130,26635,26649,26617,26624,588,0
20190115,2145,26624,26641,26616,26639,724,0
20190115,2200,26639,26650,26631,26648,477,0
20190115,2215,26648,26665,26636,26638,776,0
20190115,2230,26638,26649,26633,26646,384,0
20190115,2245,26646,26736,26644,26733,3045,0
20190115,2300,26733,26748,26700,26712,1774,0
20190115,2315,26712,26769,26660,26660,3118,0
20190115,2330,26662,26694,26637,26668,2402,0
20190115,2345,26668,26705,26646,26690,1934,0
20190116,0000,26691,26715,26668,26713,1354,0
20190116,0015,26713,26723,26656,26669,949,0
20190116,0030,26669,26679,26632,26651,760,0
20190116,0045,26651,26691,26629,26669,896,0
20190116,0100,26669,26727,26664,26726,694,0
20190116,0930,26710,26715,26635,26651,7824,0
20190116,0945,26647,26662,26560,26603,17393,0
20190116,1000,26603,26753,26587,26745,16490,0
20190116,1015,26744,26752,26684,26690,10143,0
20190116,1030,26691,26839,26683,26809,11903,0
20190116,1045,26807,26863,26745,26764,11459,0
20190116,1100,26762,26802,26728,26794,7327,0
20190116,1115,26793,26839,26773,26827,6618,0
20190116,1130,26828,26849,26803,26825,5642,0
20190116,1145,26826,26830,26779,26780,3077,0
20190116,1200,26782,26806,26782,26792,1996,0
20190116,1215,26794,26794,26794,26794,11,0
20190116,1245,26794,26794,26794,26794,0,0
20190116,1300,26794,26798,26794,26798,17,0
20190116,1315,26798,26851,26782,26833,4801,0
20190116,1330,26835,26838,26792,26799,3501,0
20190116,1345,26801,26823,26770,26822,5047,0
20190116,1400,26823,26919,26823,26898,9803,0
20190116,1415,26893,26912,26853,26883,6481,0
20190116,1430,26882,26926,26878,26911,5650,0
20190116,1445,26912,26927,26882,26889,5225,0
20190116,1500,26888,26911,26887,26896,2353,0
20190116,1515,26897,26937,26891,26905,3890,0
20190116,1530,26904,26917,26877,26885,3042,0
20190116,1545,26885,26887,26828,26852,4597,0
20190116,1600,26852,26910,26848,26906,3734,0
20190116,1615,26906,26925,26872,26909,4144,0
20190116,1630,26907,26916,26855,26905,3439,0
20190116,1645,26905,26905,26905,26905,0,0
20190116,1715,26905,26905,26905,26905,0,0
20190116,1730,26899,26899,26843,26853,1136,0
20190116,1745,26853,26855,26822,26824,985,0
20190116,1800,26824,26844,26816,26842,836,0
20190116,1815,26842,26863,26833,26857,656,0
20190116,1830,26859,26867,26851,26856,548,0
20190116,1845,26857,26861,26839,26848,505,0
20190116,1900,26848,26848,26819,26827,622,0
20190116,1915,26827,26830,26792,26799,769,0
20190116,1930,26799,26813,26778,26810,902,0
20190116,1945,26810,26818,26794,26797,550,0
20190116,2000,26797,26821,26796,26816,549,0
20190116,2015,26818,26822,26787,26789,615,0
20190116,2030,26789,26810,26786,26802,473,0
20190116,2045,26802,26835,26801,26831,786,0
20190116,2100,26831,26839,26823,26823,539,0
20190116,2115,26823,26837,26816,26829,482,0
20190116,2130,26829,26839,26809,26818,824,0
20190116,2145,26818,26829,26806,26826,425,0
20190116,2200,26826,26842,26822,26831,526,0
20190116,2215,26831,26881,26828,26863,1039,0
20190116,2230,26863,26871,26848,26855,699,0
20190116,2245,26855,26929,26855,26916,2786,0
20190116,2300,26916,26956,26916,26940,2258,0
20190116,2315,26939,26975,26936,26961,1501,0
20190116,2330,26961,26970,26932,26942,1637,0
20190116,2345,26942,26951,26912,26917,1446,0
20190117,0000,26918,26968,26908,26962,1280,0
20190117,0015,26962,26980,26935,26980,1242,0
20190117,0030,26980,26991,26971,26981,1455,0
20190117,0045,26985,27000,26965,26983,1359,0
20190117,0100,26988,27000,26969,27000,1119,0
20190117,0930,26949,26979,26829,26842,11034,0
20190117,0945,26848,26855,26666,26720,24088,0
20190117,1000,26710,26797,26684,26792,13062,0
20190117,1015,26794,26864,26725,26742,14798,0
20190117,1030,26740,26866,26740,26863,10469,0
20190117,1045,26860,26913,26845,26876,10229,0
20190117,1100,26877,27033,26863,27024,14156,0
20190117,1115,27028,27040,26919,26939,11229,0
20190117,1130,26940,27002,26940,26996,6039,0
20190117,1145,26997,27009,26939,27005,6208,0
20190117,1200,27005,27018,26993,27010,2733,0
20190117,1215,27009,27009,27009,27009,25,0
20190117,1230,27009,27009,27009,27009,0,0
20190117,1245,27009,27009,27009,27009,0,0
20190117,1300,27009,27009,27008,27008,44,0
20190117,1315,27006,27006,26931,26932,4797,0
20190117,1330,26932,26943,26865,26892,7666,0
20190117,1345,26892,26937,26888,26903,6347,0
20190117,1400,26902,26958,26902,26950,5562,0
20190117,1415,26951,26954,26909,26935,5270,0
20190117,1430,26930,26931,26831,26872,8364,0
20190117,1445,26872,26878,26748,26748,9857,0
20190117,1500,26747,26787,26716,26738,7555,0
20190117,1515,26738,26826,26737,26780,6308,0
20190117,1530,26780,26813,26754,26791,4825,0
20190117,1545,26790,26794,26743,26757,3508,0
20190117,1600,26758,26766,26725,26733,3783,0
20190117,1615,26733,26791,26731,26765,4880,0
20190117,1630,26765,26784,26736,26769,3200,0
20190117,1645,26769,26769,26769,26769,0,0
20190117,1700,26769,26769,26769,26769,0,0
20190117,1715,26769,26769,26769,26769,0,0
20190117,1730,26790,26834,26790,26815,1506,0
20190117,1745,26815,26826,26778,26787,734,0
20190117,1800,26787,26801,26764,26788,742,0
20190117,1815,26788,26814,26786,26805,735,0
20190117,1830,26806,26834,26806,26825,658,0
20190117,1845,26826,26840,26803,26809,591,0
20190117,1900,26808,26839,26808,26831,473,0
20190117,1915,26832,26837,26816,26826,391,0
20190117,1930,26826,26831,26814,26825,298,0
20190117,1945,26825,26852,26825,26834,649,0
20190117,2000,26835,26840,26820,26840,421,0
20190117,2015,26840,26840,26805,26826,672,0
20190117,2030,26825,26826,26788,26803,1063,0
20190117,2045,26803,26818,26792,26811,596,0
20190117,2100,26811,26821,26793,26800,540,0
20190117,2115,26800,26818,26793,26814,598,0
20190117,2130,26814,26815,26798,26812,358,0
20190117,2145,26809,26834,26809,26819,789,0
20190117,2200,26819,26829,26806,26815,432,0
20190117,2215,26818,26818,26803,26807,354,0
20190117,2230,26804,26808,26788,26803,531,0
20190117,2245,26802,26856,26795,26848,2292,0
20190117,2300,26850,26884,26833,26863,1819,0
20190117,2315,26864,26878,26840,26875,1298,0
20190117,2330,26875,26907,26848,26897,1952,0
20190117,2345,26899,26899,26863,26871,1263,0
20190118,0000,26871,26898,26858,26886,686,0
20190118,0015,26887,26917,26886,26904,949,0
20190118,0030,26904,26919,26888,26902,825,0
20190118,0045,26902,26914,26894,26913,485,0
20190118,0100,26914,26920,26881,26885,847,0
20190118,0930,26963,27073,26963,27019,8916,0
20190118,0945,27013,27118,26925,27103,23807,0
20190118,1000,27109,27141,27044,27092,15963,0
20190118,1015,27099,27136,27033,27037,12854,0
20190118,1030,27035,27081,27025,27025,7881,0
20190118,1045,27028,27054,26949,26963,10407,0
20190118,1100,26963,27035,26942,27032,7225,0
20190118,1115,27032,27102,27020,27078,7679,0
20190118,1130,27079,27101,27038,27048,5279,0
20190118,1145,27051,27067,27031,27041,2756,0
20190118,1200,27039,27047,27005,27035,3137,0
20190118,1215,27032,27032,27032,27032,7,0
20190118,1230,27032,27032,27032,27032,0,0
20190118,1245,27032,27032,27032,27032,0,0
20190118,1300,27032,27032,27030,27030,25,0
20190118,1315,27031,27072,27010,27070,4215,0
20190118,1330,27070,27080,27044,27050,4150,0
20190118,1345,27051,27067,27036,27057,3762,0
20190118,1400,27057,27100,27051,27096,3961,0
20190118,1415,27097,27108,27053,27081,4938,0
20190118,1430,27083,27100,27063,27069,3637,0
20190118,1445,27068,27118,27064,27109,4647,0
20190118,1500,27110,27115,27061,27077,4162,0
20190118,1515,27078,27085,27042,27056,4199,0
20190118,1530,27057,27078,27041,27071,2904,0
20190118,1545,27072,27081,27062,27081,3313,0
20190118,1600,27076,27102,27074,27098,3873,0
20190118,1615,27099,27102,27055,27083,4771,0
20190118,1630,27082,27113,27082,27100,3488,0
20190118,1645,27100,27100,27100,27100,0,0
20190118,1700,27100,27100,27100,27100,0,0
20190118,1715,27100,27100,27100,27100,0,0
20190118,1730,27086,27113,27085,27093,938,0
20190118,1745,27093,27112,27082,27097,621,0
20190118,1800,27097,27121,27090,27119,556,0
20190118,1815,27119,27136,27112,27124,873,0
20190118,1830,27124,27124,27104,27114,405,0
20190118,1845,27114,27114,27096,27112,632,0
20190118,1900,27111,27124,27104,27119,467,0
20190118,1915,27118,27133,27116,27121,424,0
20190118,1930,27121,27145,27118,27140,447,0
20190118,1945,27140,27160,27136,27148,743,0
20190118,2000,27148,27174,27147,27163,556,0
20190118,2015,27165,27185,27158,27169,858,0
20190118,2030,27169,27171,27155,27169,563,0
20190118,2045,27169,27174,27155,27169,373,0
20190118,2100,27169,27173,27160,27170,238,0
20190118,2115,27171,27176,27164,27170,250,0
20190118,2130,27170,27179,27165,27168,256,0
20190118,2145,27172,27183,27168,27172,363,0
20190118,2200,27172,27193,27165,27187,702,0
20190118,2215,27187,27204,27178,27193,871,0
20190118,2230,27193,27237,27191,27232,1630,0
20190118,2245,27233,27246,27214,27225,2217,0
20190118,2300,27225,27248,27201,27222,1751,0
20190118,2315,27221,27225,27195,27219,1256,0
20190118,2330,27219,27317,27219,27261,3163,0
20190118,2345,27261,27286,27234,27282,2433,0
20190119,0000,27284,27311,27274,27298,1619,0
20190119,0015,27298,27329,27292,27295,1448,0
20190119,0030,27295,27327,27270,27322,1112,0
20190119,0045,27319,27327,27297,27315,909,0
20190119,0100,27316,27361,27314,27361,1067,0
20190121,0930,27234,27234,27014,27094,12909,0
20190121,0945,27101,27200,27082,27178,18109,0
20190121,1000,27184,27208,27094,27097,10976,0
20190121,1015,27095,27346,27095,27273,19024,0
20190121,1030,27273,27276,27160,27217,12721,0
20190121,1045,27215,27263,27198,27243,7906,0
20190121,1100,27245,27299,27226,27260,7100,0
20190121,1115,27263,27263,27170,27192,7711,0
20190121,1130,27192,27193,27115,27139,7045,0
20190121,1145,27139,27200,27131,27194,4526,0
20190121,1200,27193,27199,27169,27189,2331,0
20190121,1215,27189,27189,27189,27189,0,0
20190121,1230,27189,27189,27189,27189,0,0
20190121,1245,27189,27189,27189,27189,0,0
20190121,1300,27189,27197,27189,27197,24,0
20190121,1315,27197,27220,27164,27202,4850,0
20190121,1330,27201,27235,27180,27188,4693,0
20190121,1345,27188,27190,27129,27162,5135,0
20190121,1400,27158,27181,27145,27172,3521,0
20190121,1415,27173,27174,27118,27152,4323,0
20190121,1430,27152,27187,27152,27179,3570,0
20190121,1445,27179,27211,27177,27192,4386,0
20190121,1500,27191,27211,27180,27201,2791,0
20190121,1515,27201,27208,27169,27173,2865,0
20190121,1530,27174,27195,27160,27183,2998,0
20190121,1545,27183,27200,27173,27192,2069,0
20190121,1600,27192,27205,27175,27194,2679,0
20190121,1615,27195,27224,27169,27186,3859,0
20190121,1630,27186,27245,27180,27240,2778,0
20190121,1645,27240,27240,27240,27240,0,0
20190121,1700,27240,27240,27240,27240,0,0
20190121,1715,27240,27240,27240,27240,0,0
20190121,1730,27198,27198,27156,27186,1287,0
20190121,1745,27185,27198,27177,27192,595,0
20190121,1800,27192,27197,27179,27182,387,0
20190121,1815,27182,27190,27177,27189,563,0
20190121,1830,27189,27215,27188,27211,690,0
20190121,1845,27211,27248,27207,27238,946,0
20190121,1900,27236,27254,27231,27244,571,0
20190121,1915,27244,27245,27230,27236,366,0
20190121,1930,27236,27246,27223,27225,488,0
20190121,1945,27224,27233,27217,27223,526,0
20190121,2000,27223,27243,27220,27240,370,0
20190121,2015,27240,27246,27230,27235,422,0
20190121,2030,27235,27240,27224,27224,256,0
20190121,2045,27224,27229,27194,27198,673,0
20190121,2100,27198,27221,27197,27214,390,0
20190121,2115,27214,27221,27204,27207,374,0
20190121,2130,27207,27212,27200,27210,212,0
20190121,2145,27210,27226,27206,27217,352,0
20190121,2200,27217,27228,27211,27221,219,0
20190121,2215,27221,27225,27213,27214,177,0
20190121,2230,27214,27217,27205,27217,297,0
20190121,2245,27217,27222,27180,27202,1086,0
20190121,2300,27204,27210,27192,27197,483,0
20190121,2315,27195,27228,27194,27209,719,0
20190121,2330,27211,27223,27206,27221,298,0
20190121,2345,27222,27222,27201,27219,272,0
20190122,0000,27219,27220,27208,27219,193,0
20190122,0015,27217,27220,27211,27214,190,0
20190122,0030,27214,27222,27211,27218,210,0
20190122,0045,27215,27234,27214,27227,422,0
20190122,0100,27227,27250,27216,27236,516,0
20190122,0930,27151,27270,27085,27229,12047,0
20190122,0945,27213,27247,27084,27114,19164,0
20190122,1000,27112,27151,27057,27102,14863,0
20190122,1015,27111,27136,27064,27081,11339,0
20190122,1030,27082,27113,27064,27103,7226,0
20190122,1045,27100,27125,26997,27026,11424,0
20190122,1100,27019,27034,26981,26996,8601,0
20190122,1115,26996,27055,26972,27045,8657,0
20190122,1130,27046,27046,26989,27012,5089,0
20190122,1145,27013,27013,26934,26938,5763,0
20190122,1200,26937,26959,26892,26903,5546,0
20190122,1215,26902,26902,26902,26902,4,0
20190122,1230,26902,26902,26902,26902,0,0
20190122,1245,26902,26902,26902,26902,0,0
20190122,1300,26902,26914,26902,26914,45,0
20190122,1315,26911,26916,26841,26888,10887,0
20190122,1330,26887,26894,26847,26890,5122,0
20190122,1345,26889,26899,26835,26856,7200,0
20190122,1400,26857,26891,26852,26891,5160,0
20190122,1415,26890,26895,26838,26876,5362,0
20190122,1430,26875,26897,26865,26879,3566,0
20190122,1445,26879,26882,26857,26877,2504,0
20190122,1500,26876,26920,26875,26920,5532,0
20190122,1515,26922,26961,26906,26932,7141,0
20190122,1530,26933,26955,26924,26944,3754,0
20190122,1545,26944,26952,26914,26938,3059,0
20190122,1600,26939,26956,26935,26953,3841,0
20190122,1615,26951,27000,26950,26984,6070,0
20190122,1630,26984,27005,26953,27003,3390,0
20190122,1645,27003,27003,27003,27003,1,0
20190122,1700,27003,27003,27003,27003,0,0
20190122,1715,27003,27003,27003,27003,0,0
20190122,1730,27003,27031,27003,27016,1147,0
20190122,1745,27015,27041,27014,27021,953,0
20190122,1800,27021,27027,27005,27015,564,0
20190122,1815,27010,27024,26996,27000,609,0
20190122,1830,27000,27000,26986,26993,540,0
20190122,1845,26994,26995,26945,26959,1469,0
20190122,1900,26958,26968,26943,26946,484,0
20190122,1915,26946,26947,26919,26922,765,0
20190122,1930,26921,26930,26892,26893,1059,0
20190122,1945,26893,26904,26882,26899,825,0
20190122,2000,26899,26913,26877,26911,842,0
20190122,2015,26910,26951,26905,26942,1532,0
20190122,2030,26942,26971,26933,26960,762,0
20190122,2045,26960,26990,26955,26983,871,0
20190122,2100,26983,26984,26945,26946,903,0
20190122,2115,26949,26973,26945,26969,699,0
20190122,2130,26966,26969,26939,26946,561,0
20190122,2145,26946,26953,26924,26936,775,0
20190122,2200,26936,26943,26927,26937,482,0
20190122,2215,26937,26959,26932,26938,709,0
20190122,2230,26938,26943,26913,26940,960,0
20190122,2245,26942,26984,26925,26980,2436,0
20190122,2300,26982,26999,26936,26978,2033,0
20190122,2315,26976,26986,26896,26914,2542,0
20190122,2330,26913,26957,26908,26948,1543,0
20190122,2345,26950,26967,26929,26942,1224,0
20190123,0000,26942,26959,26925,26935,809,0
20190123,0015,26935,26957,26922,26941,867,0
20190123,0030,26941,26972,26940,26952,668,0
20190123,0045,26952,26966,26917,26933,713,0
20190123,0100,26931,26939,26885,26896,922,0
20190123,0930,26905,26940,26877,26925,8801,0
20190123,0945,26919,27097,26919,27096,18708,0
20190123,1000,27102,27150,27084,27099,14805,0
20190123,1015,27096,27116,26974,27030,18820,0
20190123,1030,27029,27135,27029,27102,11128,0
20190123,1045,27102,27158,27058,27119,12017,0
20190123,1100,27120,27156,27060,27074,8006,0
20190123,1115,27072,27130,27059,27084,6712,0
20190123,1130,27084,27123,27064,27069,5922,0
20190123,1145,27068,27070,27031,27060,4415,0
20190123,1200,27060,27068,27022,27032,2703,0
20190123,1215,27029,27029,27029,27029,2,0
20190123,1245,27029,27029,27029,27029,0,0
20190123,1300,27029,27029,27028,27028,31,0
20190123,1315,27029,27033,26988,27006,4633,0
20190123,1330,27006,27027,26983,27004,4804,0
20190123,1345,27003,27019,26983,27003,3199,0
20190123,1400,27004,27011,26965,26993,5766,0
20190123,1415,26993,27014,26981,26996,5158,0
20190123,1430,26995,27038,26988,27034,4089,0
20190123,1445,27033,27062,27025,27044,4369,0
20190123,1500,27043,27054,27026,27033,2137,0
20190123,1515,27033,27038,26982,26984,4478,0
20190123,1530,26984,26991,26943,26947,5372,0
20190123,1545,26948,27003,26935,26986,3940,0
20190123,1600,26987,27015,26984,27002,3510,0
20190123,1615,27002,27011,26961,26968,3825,0
20190123,1630,26968,27017,26963,26985,2370,0
20190123,1645,26985,26985,26985,26985,0,0
20190123,1715,26985,26985,26985,26985,0,0
20190123,1730,26985,27046,26985,27043,1117,0
20190123,1745,27043,27059,27032,27058,912,0
20190123,1800,27058,27086,27050,27083,1023,0
20190123,1815,27083,27084,27068,27071,526,0
20190123,1830,27072,27102,27072,27087,615,0
20190123,1845,27087,27106,27082,27090,525,0
20190123,1900,27090,27110,27090,27098,595,0
20190123,1915,27097,27116,27093,27099,753,0
20190123,1930,27099,27108,27089,27105,589,0
20190123,1945,27105,27126,27096,27117,747,0
20190123,2000,27117,27141,27117,27136,839,0
20190123,2015,27136,27153,27135,27138,1072,0
20190123,2030,27138,27151,27133,27148,728,0
20190123,2045,27148,27151,27136,27146,495,0
20190123,2100,27146,27146,27132,27140,501,0
20190123,2115,27140,27163,27135,27143,942,0
20190123,2130,27143,27149,27120,27120,721,0
20190123,2145,27120,27130,27095,27101,983,0
20190123,2200,27101,27124,27096,27114,722,0
20190123,2215,27114,27139,27114,27121,681,0
20190123,2230,27121,27142,27098,27131,949,0
20190123,2245,27131,27144,27095,27122,1800,0
20190123,2300,27119,27147,27110,27115,1237,0
20190123,2315,27114,27138,27103,27129,1221,0
20190123,2330,27129,27140,27069,27074,1702,0
20190123,2345,27070,27075,27042,27045,2263,0
20190124,0000,27045,27065,27034,27053,1155,0
20190124,0015,27053,27091,27045,27077,1043,0
20190124,0030,27077,27082,27014,27037,1326,0
20190124,0045,27036,27038,26988,26990,932,0
20190124,0100,26990,26994,26940,26953,937,0
20190124,0930,27055,27094,27047,27059,6461,0
20190124,0945,27049,27106,26959,27024,21177,0
20190124,1000,27025,27051,26963,26977,11751,0
20190124,1015,26977,26991,26913,26980,12794,0
20190124,1030,26983,26997,26933,26968,7714,0
20190124,1045,26967,27022,26873,26994,13841,0
20190124,1100,26995,27058,26985,27032,10020,0
20190124,1115,27032,27094,27028,27061,8816,0
20190124,1130,27060,27084,27044,27048,6515,0
20190124,1145,27043,27075,27043,27068,2814,0
20190124,1200,27068,27083,27055,27068,2052,0
20190124,1215,27070,27070,27067,27067,6,0
20190124,1230,27067,27067,27067,27067,0,0
20190124,1245,27067,27067,27067,27067,0,0
20190124,1300,27067,27067,27066,27066,7,0
20190124,1315,27066,27067,27030,27044,4766,0
20190124,1330,27044,27097,27044,27061,5455,0
20190124,1345,27061,27088,27050,27076,3609,0
20190124,1400,27075,27120,27068,27110,6691,0
20190124,1415,27105,27130,27095,27116,4700,0
20190124,1430,27116,27118,27073,27113,4531,0
20190124,1445,27113,27131,27082,27095,4286,0
20190124,1500,27095,27116,27074,27089,3536,0
20190124,1515,27093,27107,27066,27103,4023,0
20190124,1530,27103,27103,27077,27098,3674,0
20190124,1545,27098,27116,27085,27099,4308,0
20190124,1600,27099,27126,27093,27125,4208,0
20190124,1615,27124,27126,27064,27082,4576,0
20190124,1630,27079,27098,27071,27096,3420,0
20190124,1645,27096,27096,27096,27096,0,0
20190124,1700,27096,27096,27096,27096,0,0
20190124,1715,27096,27096,27096,27096,0,0
20190124,1730,27147,27194,27145,27173,2757,0
20190124,1745,27173,27194,27172,27194,504,0
20190124,1800,27194,27223,27194,27216,1086,0
20190124,1815,27216,27224,27193,27199,667,0
20190124,1830,27199,27201,27176,27189,702,0
20190124,1845,27190,27190,27144,27146,1076,0
20190124,1900,27146,27170,27146,27157,594,0
20190124,1915,27157,27189,27153,27174,840,0
20190124,1930,27174,27184,27166,27169,366,0
20190124,1945,27169,27173,27156,27161,375,0
20190124,2000,27161,27168,27154,27165,266,0
20190124,2015,27165,27197,27165,27195,655,0
20190124,2030,27195,27201,27176,27182,715,0
20190124,2045,27182,27185,27166,27172,460,0
20190124,2100,27167,27192,27160,27181,832,0
20190124,2115,27181,27191,27174,27186,362,0
20190124,2130,27186,27192,27177,27191,373,0
20190124,2145,27191,27195,27106,27136,2877,0
20190124,2200,27137,27149,27104,27128,1320,0
20190124,2215,27128,27156,27124,27156,847,0
20190124,2230,27157,27164,27134,27141,946,0
20190124,2245,27143,27197,27135,27150,2713,0
20190124,2300,27153,27179,27143,27161,1696,0
20190124,2315,27157,27193,27145,27193,1044,0
20190124,2330,27192,27206,27172,27197,2144,0
20190124,2345,27198,27212,27185,27202,1271,0
20190125,0000,27201,27217,27188,27205,1461,0
20190125,0015,27202,27213,27175,27179,1121,0
20190125,0030,27179,27209,27175,27201,748,0
20190125,0045,27200,27232,27186,27219,1052,0
20190125,0100,27225,27269,27223,27269,1214,0
20190125,0930,27289,27304,27217,27232,11586,0
20190125,0945,27236,27357,27210,27351,21159,0
20190125,1000,27351,27501,27351,27366,25127,0
20190125,1015,27365,27451,27359,27423,11013,0
20190125,1030,27425,27518,27416,27483,12844,0
20190125,1045,27484,27512,27468,27491,8522,0
20190125,1100,27493,27538,27460,27477,9654,0
20190125,1115,27475,27506,27445,27496,6641,0
20190125,1130,27497,27519,27486,27501,5084,0
20190125,1145,27502,27560,27502,27538,6309,0
20190125,1200,27539,27545,27505,27506,5995,0
20190125,1215,27506,27506,27506,27506,0,0
20190125,1230,27506,27506,27506,27506,0,0
20190125,1245,27506,27506,27506,27506,0,0
20190125,1300,27506,27506,27500,27500,43,0
20190125,1315,27499,27510,27464,27509,7602,0
20190125,1330,27510,27541,27509,27529,8150,0
20190125,1345,27529,27534,27493,27523,4283,0
20190125,1400,27518,27544,27505,27522,5243,0
20190125,1415,27523,27531,27510,27528,2828,0
20190125,1430,27529,27549,27519,27520,3579,0
20190125,1445,27520,27536,27510,27532,4799,0
20190125,1500,27530,27538,27507,27520,4011,0
20190125,1515,27521,27533,27514,27519,3061,0
20190125,1530,27519,27546,27516,27535,3370,0
20190125,1545,27535,27557,27527,27556,4733,0
20190125,1600,27555,27590,27553,27577,7927,0
20190125,1615,27578,27605,27564,27580,9845,0
20190125,1630,27582,27616,27578,27608,15606,0
20190125,1645,27602,27602,27602,27602,21,0
20190125,1700,27602,27602,27602,27602,0,0
20190125,1715,27602,27602,27602,27602,0,0
20190125,1730,27597,27637,27597,27629,1721,0
20190125,1745,27629,27636,27621,27624,740,0
20190125,1800,27625,27625,27588,27597,1380,0
20190125,1815,27597,27608,27591,27597,971,0
20190125,1830,27597,27607,27582,27604,508,0
20190125,1845,27604,27621,27599,27618,480,0
20190125,1900,27619,27626,27615,27620,470,0
20190125,1915,27620,27643,27619,27631,680,0
20190125,1930,27631,27641,27620,27624,785,0
20190125,1945,27625,27628,27605,27615,646,0
20190125,2000,27612,27626,27607,27610,694,0
20190125,2015,27608,27620,27598,27614,889,0
20190125,2030,27614,27627,27613,27620,455,0
20190125,2045,27620,27621,27606,27608,579,0
20190125,2100,27609,27618,27601,27616,561,0
20190125,2115,27616,27626,27611,27615,535,0
20190125,2130,27615,27623,27614,27615,265,0
20190125,2145,27616,27628,27611,27613,523,0
20190125,2200,27613,27633,27610,27626,723,0
20190125,2215,27626,27635,27620,27630,524,0
20190125,2230,27630,27636,27623,27633,629,0
20190125,2245,27635,27660,27617,27633,2193,0
20190125,2300,27636,27691,27635,27689,2003,0
20190125,2315,27690,27708,27683,27703,1733,0
20190125,2330,27706,27725,27686,27722,1515,0
20190125,2345,27722,27769,27718,27769,2175,0
20190126,0000,27769,27770,27745,27765,1013,0
20190126,0015,27765,27770,27740,27751,975,0
20190126,0030,27751,27760,27727,27756,1082,0
20190126,0045,27755,27773,27740,27756,1007,0
20190126,0100,27756,27799,27751,27789,1122,0
20190128,0930,27670,27736,27636,27679,12281,0
20190128,0945,27678,27812,27676,27769,20668,0
20190128,1000,27776,27785,27703,27768,12086,0
20190128,1015,27762,27777,27730,27744,12058,0
20190128,1030,27745,27752,27665,27725,13048,0
20190128,1045,27729,27752,27680,27701,7879,0
20190128,1100,27702,27721,27676,27678,6141,0
20190128,1115,27677,27688,27609,27639,12001,0
20190128,1130,27638,27666,27612,27657,5942,0
20190128,1145,27655,27694,27652,27666,5272,0
20190128,1200,27666,27688,27652,27684,3110,0
20190128,1215,27687,27687,27687,27687,3,0
20190128,1230,27687,27687,27687,27687,0,0
20190128,1245,27687,27687,27687,27687,0,0
20190128,1300,27687,27694,27687,27694,28,0
20190128,1315,27692,27704,27670,27673,3758,0
20190128,1330,27673,27691,27634,27647,5040,0
20190128,1345,27647,27652,27590,27601,7421,0
20190128,1400,27601,27601,27453,27505,14034,0
20190128,1415,27504,27625,27462,27586,12153,0
20190128,1430,27586,27591,27532,27538,6465,0
20190128,1445,27538,27574,27535,27546,4242,0
20190128,1500,27546,27557,27522,27553,3891,0
20190128,1515,27553,27591,27548,27578,3983,0
20190128,1530,27579,27587,27557,27574,2522,0
20190128,1545,27574,27583,27541,27564,3893,0
20190128,1600,27563,27582,27559,27581,5449,0
20190128,1615,27583,27589,27554,27568,9289,0
20190128,1630,27566,27587,27550,27559,12431,0
20190128,1645,27557,27557,27557,27557,2,0
20190128,1700,27557,27557,27557,27557,0,0
20190128,1715,27557,27557,27557,27557,0,0
20190128,1730,27557,27574,27544,27567,1097,0
20190128,1745,27567,27591,27566,27587,815,0
20190128,1800,27589,27614,27586,27602,1080,0
20190128,1815,27602,27619,27600,27600,703,0
20190128,1830,27600,27611,27592,27603,530,0
20190128,1845,27603,27610,27589,27593,533,0
20190128,1900,27593,27596,27574,27580,639,0
20190128,1915,27578,27597,27570,27588,401,0
20190128,1930,27588,27589,27575,27579,271,0
20190128,1945,27581,27583,27564,27572,505,0
20190128,2000,27572,27573,27552,27554,402,0
20190128,2015,27554,27572,27551,27564,1224,0
20190128,2030,27564,27566,27552,27558,530,0
20190128,2045,27558,27558,27518,27526,806,0
20190128,2100,27527,27540,27521,27538,454,0
20190128,2115,27539,27546,27526,27529,417,0
20190128,2130,27529,27531,27502,27521,806,0
20190128,2145,27522,27527,27502,27520,938,0
20190128,2200,27520,27526,27509,27525,367,0
20190128,2215,27525,27530,27467,27477,1277,0
20190128,2230,27478,27489,27458,27474,828,0
20190128,2245,27474,27480,27416,27439,3392,0
20190128,2300,27439,27454,27363,27385,3378,0
20190128,2315,27386,27434,27363,27407,2932,0
20190128,2330,27404,27453,27385,27445,2136,0
20190128,2345,27445,27476,27439,27468,1306,0
20190129,0000,27466,27470,27441,27441,715,0
20190129,0015,27442,27453,27402,27452,1568,0
20190129,0030,27450,27453,27412,27440,1202,0
20190129,0045,27443,27457,27399,27401,791,0
20190129,0100,27401,27410,27377,27394,855,0
20190129,0930,27337,27475,27335,27469,12433,0
20190129,0945,27472,27508,27384,27432,26603,0
20190129,1000,27431,27517,27411,27470,10166,0
20190129,1015,27465,27477,27384,27406,9683,0
20190129,1030,27407,27422,27367,27377,7247,0
20190129,1045,27378,27410,27342,27406,7844,0
20190129,1100,27406,27443,27376,27387,7248,0
20190129,1115,27386,27433,27383,27417,6305,0
20190129,1130,27419,27451,27392,27441,6013,0
20190129,1145,27443,27462,27425,27434,3440,0
20190129,1200,27434,27452,27432,27435,1730,0
20190129,1215,27438,27438,27438,27438,2,0
20190129,1230,27438,27438,27438,27438,0,0
20190129,1245,27438,27438,27438,27438,0,0
20190129,1300,27438,27451,27438,27451,39,0
20190129,1315,27453,27477,27437,27467,4417,0
20190129,1330,27469,27520,27443,27519,4142,0
20190129,1345,27520,27548,27501,27506,6648,0
20190129,1400,27508,27522,27487,27498,4382,0
20190129,1415,27503,27553,27499,27553,3579,0
20190129,1430,27553,27580,27536,27547,4410,0
20190129,1445,27547,27553,27518,27540,3769,0
20190129,1500,27541,27550,27522,27531,3134,0
20190129,1515,27532,27542,27484,27511,4960,0
20190129,1530,27510,27526,27500,27517,2249,0
20190129,1545,27519,27533,27511,27514,2850,0
20190129,1600,27514,27533,27511,27533,2687,0
20190129,1615,27536,27550,27509,27545,4697,0
20190129,1630,27546,27579,27536,27566,2906,0
20190129,1645,27566,27566,27566,27566,0,0
20190129,1700,27566,27566,27566,27566,0,0
20190129,1715,27566,27566,27566,27566,0,0
20190129,1730,27602,27629,27594,27595,1183,0
20190129,1745,27595,27617,27591,27605,658,0
20190129,1800,27605,27614,27595,27610,563,0
20190129,1815,27611,27634,27603,27629,578,0
20190129,1830,27629,27649,27629,27643,508,0
20190129,1845,27644,27655,27640,27649,454,0
20190129,1900,27649,27653,27636,27643,402,0
20190129,1915,27643,27643,27625,27628,369,0
20190129,1930,27629,27639,27617,27622,310,0
20190129,1945,27622,27632,27620,27627,239,0
20190129,2000,27627,27649,27625,27648,284,0
20190129,2015,27648,27665,27648,27655,567,0
20190129,2030,27656,27660,27634,27637,429,0
20190129,2045,27636,27640,27622,27632,261,0
20190129,2100,27630,27648,27629,27634,327,0
20190129,2115,27635,27639,27630,27631,105,0
20190129,2130,27632,27644,27629,27636,227,0
20190129,2145,27636,27646,27631,27637,194,0
20190129,2200,27637,27641,27633,27640,203,0
20190129,2215,27639,27644,27611,27625,544,0
20190129,2230,27625,27631,27616,27630,339,0
20190129,2245,27630,27642,27586,27612,1192,0
20190129,2300,27606,27641,27600,27626,633,0
20190129,2315,27626,27658,27607,27610,891,0
20190129,2330,27610,27651,27597,27648,596,0
20190129,2345,27648,27657,27619,27626,529,0
20190130,0000,27626,27637,27562,27579,607,0
20190130,0015,27577,27593,27564,27591,426,0
20190130,0030,27591,27599,27576,27590,297,0
20190130,0045,27590,27623,27590,27623,408,0
20190130,0100,27623,27630,27593,27598,450,0
20190130,0930,27563,27574,27504,27507,1901,0
20190130,0945,27508,27508,27387,27400,3305,0
20190130,1000,27400,27484,27380,27457,1868,0
20190130,1015,27460,27536,27430,27526,1555,0
20190130,1030,27524,27537,27489,27532,862,0
20190130,1045,27528,27548,27490,27514,745,0
20190130,1100,27514,27525,27505,27510,239,0
20190130,1115,27510,27585,27504,27570,887,0
20190130,1130,27570,27613,27557,27584,547,0
20190130,1145,27584,27584,27565,27575,452,0
20190130,1200,27575,27593,27573,27593,196,0
20190130,1215,27593,27593,27593,27593,0,0
20190130,1230,27593,27593,27593,27593,0,0
20190130,1245,27593,27593,27593,27593,0,0
20190130,1300,27593,27601,27593,27601,13,0
20190130,1315,27605,27605,27569,27571,585,0
20190130,1330,27571,27575,27545,27547,459,0
20190130,1345,27547,27560,27545,27549,339,0
20190130,1400,27549,27555,27541,27550,328,0
20190130,1415,27550,27567,27550,27559,506,0
20190130,1430,27559,27564,27551,27561,395,0
20190130,1445,27561,27562,27553,27558,182,0
20190130,1500,27558,27561,27549,27550,125,0
20190130,1515,27550,27554,27547,27552,171,0
20190130,1530,27552,27555,27551,27552,99,0
20190130,1545,27552,27554,27550,27552,151,0
20190130,1600,27551,27552,27551,27552,163,0
20190130,1700,27552,27552,27552,27552,0,0
20190131,0930,27843,27843,27722,27724,11407,0
20190131,0945,27741,27890,27721,27876,18429,0
20190131,1000,27879,27897,27768,27814,14716,0
20190131,1015,27815,27833,27770,27808,8100,0
20190131,1030,27810,27850,27779,27844,6578,0
20190131,1045,27844,27910,27825,27877,8635,0
20190131,1100,27884,27964,27875,27930,8929,0
20190131,1115,27924,27960,27924,27959,5583,0
20190131,1130,27957,27962,27896,27921,5497,0
20190131,1145,27922,27972,27922,27956,4102,0
20190131,1200,27956,27962,27925,27937,3086,0
20190131,1215,27940,27940,27936,27936,6,0
20190131,1230,27936,27936,27936,27936,0,0
20190131,1245,27936,27936,27936,27936,0,0
20190131,1300,27936,27936,27935,27935,22,0
20190131,1315,27932,27932,27887,27913,5225,0
20190131,1330,27914,27919,27857,27861,4749,0
20190131,1345,27863,27917,27854,27913,4877,0
20190131,1400,27912,27925,27891,27902,4358,0
20190131,1415,27900,27913,27850,27860,5165,0
20190131,1430,27861,27881,27853,27859,3518,0
20190131,1445,27859,27910,27857,27907,3716,0
20190131,1500,27908,27920,27896,27908,3008,0
20190131,1515,27908,27933,27899,27925,3219,0
20190131,1530,27924,27945,27911,27934,2970,0
20190131,1545,27934,27939,27903,27919,3037,0
20190131,1600,27918,27936,27908,27918,3880,0
20190131,1615,27921,27948,27904,27941,5879,0
20190131,1630,27942,28067,27941,28059,6825,0
20190131,1645,28055,28055,28055,28055,3,0
20190131,1700,28055,28055,28055,28055,0,0
20190131,1715,28055,28055,28055,28055,0,0
20190131,1730,28000,28032,27996,28007,1978,0
20190131,1745,28007,28024,27993,28020,1052,0
20190131,1800,28020,28023,28001,28008,334,0
20190131,1815,28007,28013,27975,27980,1208,0
20190131,1830,27980,27994,27954,27957,912,0
20190131,1845,27957,27972,27939,27959,1006,0
20190131,1900,27959,27966,27947,27958,331,0
20190131,1915,27960,27973,27953,27967,414,0
20190131,1930,27967,27991,27967,27987,479,0
20190131,1945,27987,27994,27984,27987,354,0
20190131,2000,27987,28005,27986,27992,358,0
20190131,2015,27992,27993,27979,27986,444,0
20190131,2030,27986,28004,27981,27993,339,0
20190131,2045,27993,28017,27974,28016,777,0
20190131,2100,28016,28017,27999,28009,568,0
20190131,2115,28009,28017,28002,28006,336,0
20190131,2130,28005,28013,27994,27995,487,0
20190131,2145,27995,28005,27986,27995,383,0
20190131,2200,27995,27998,27955,27976,886,0
20190131,2215,27975,27976,27926,27932,984,0
20190131,2230,27930,27941,27919,27938,814,0
20190131,2245,27938,27966,27929,27938,1705,0
20190131,2300,27938,27973,27935,27960,1323,0
20190131,2315,27962,28005,27955,28002,1216,0
20190131,2330,28003,28034,27987,28033,1539,0
20190131,2345,28035,28098,28027,28096,1959,0
20190201,0000,28097,28107,28036,28057,1440,0
20190201,0015,28057,28081,28039,28061,1002,0
20190201,0030,28061,28070,28026,28053,848,0
20190201,0045,28047,28098,28042,28091,946,0
20190201,0100,28092,28131,28072,28129,1447,0
20190201,0930,28149,28199,28131,28135,9465,0
20190201,0945,28120,28121,27964,28004,16377,0
20190201,1000,27964,27969,27850,27873,16574,0
20190201,1015,27873,27929,27844,27916,9303,0
20190201,1030,27916,27933,27876,27876,6577,0
20190201,1045,27878,27887,27838,27878,7692,0
20190201,1100,27876,27912,27858,27880,5581,0
20190201,1115,27877,27886,27816,27874,6995,0
20190201,1130,27879,27923,27867,27897,4966,0
20190201,1145,27896,27901,27861,27872,2810,0
20190201,1200,27873,27874,27799,27812,3660,0
20190201,1215,27810,27810,27810,27810,4,0
20190201,1230,27810,27810,27810,27810,0,0
20190201,1245,27810,27810,27810,27810,0,0
20190201,1300,27810,27810,27808,27808,17,0
20190201,1315,27803,27811,27745,27801,5738,0
20190201,1330,27800,27832,27794,27823,3553,0
20190201,1345,27823,27837,27785,27810,3587,0
20190201,1400,27810,27818,27785,27814,2749,0
20190201,1415,27812,27829,27803,27809,2968,0
20190201,1430,27809,27831,27777,27795,3578,0
20190201,1445,27794,27826,27787,27823,2073,0
20190201,1500,27823,27878,27808,27872,3784,0
20190201,1515,27872,27884,27836,27837,3669,0
20190201,1530,27836,27838,27812,27833,3358,0
20190201,1545,27833,27890,27821,27890,3872,0
20190201,1600,27888,27893,27852,27861,3892,0
20190201,1615,27860,27880,27826,27872,5286,0
20190201,1630,27872,27877,27856,27862,2553,0
20190201,1645,27862,27862,27862,27862,0,0
20190201,1700,27862,27862,27862,27862,0,0
20190201,1730,27856,27881,27850,27874,825,0
20190201,1745,27874,27886,27847,27851,542,0
20190201,1800,27849,27869,27845,27864,417,0
20190201,1815,27864,27872,27856,27867,221,0
20190201,1830,27868,27872,27852,27870,208,0
20190201,1845,27870,27880,27837,27846,484,0
20190201,1900,27846,27864,27842,27863,285,0
20190201,1915,27863,27879,27861,27875,481,0
20190201,1930,27875,27879,27865,27865,258,0
20190201,1945,27865,27867,27851,27856,243,0
20190201,2000,27856,27863,27848,27854,205,0
20190201,2015,27854,27860,27838,27839,494,0
20190201,2030,27839,27840,27826,27837,400,0
20190201,2045,27838,27838,27780,27792,887,0
20190201,2100,27789,27798,27765,27766,643,0
20190201,2115,27766,27791,27765,27782,538,0
20190201,2130,27783,27807,27770,27790,565,0
20190201,2145,27795,27874,27785,27856,1679,0
20190201,2200,27856,27861,27832,27840,819,0
20190201,2215,27840,27854,27827,27853,523,0
20190201,2230,27855,27856,27825,27838,416,0
20190201,2245,27838,27871,27807,27846,1428,0
20190201,2300,27846,27856,27793,27799,1318,0
20190201,2315,27805,27842,27731,27821,2748,0
20190201,2330,27821,27869,27813,27852,1530,0
20190201,2345,27853,27882,27838,27873,1081,0
20190202,0000,27869,27882,27854,27856,687,0
20190202,0015,27856,27862,27832,27852,709,0
20190202,0030,27852,27909,27844,27897,914,0
20190202,0045,27897,27921,27884,27916,696,0
20190202,0100,27917,27934,27901,27920,619,0
20190204,0930,27904,27950,27868,27873,5036,0
20190204,0945,27870,27905,27782,27892,8762,0
20190204,1000,27897,27934,27877,27910,5193,0
20190204,1015,27910,27934,27878,27916,4295,0
20190204,1030,27916,27924,27876,27905,2750,0
20190204,1045,27905,27934,27886,27889,2477,0
20190204,1100,27889,27893,27848,27878,3304,0
20190204,1115,27881,27908,27876,27902,2305,0
20190204,1130,27902,27907,27866,27906,2207,0
20190204,1145,27906,27906,27878,27881,1580,0
20190204,1200,27881,27899,27870,27886,1940,0
20190204,1215,27886,27912,27881,27881,1175,0
20190204,1230,27882,27889,27827,27827,779,0
20190204,1245,27826,27826,27826,27826,1,0
20190208,0930,27661,27661,27498,27546,9110,0
20190208,0945,27554,27653,27451,27621,14316,0
20190208,1000,27618,27630,27572,27620,5673,0
20190208,1015,27621,27625,27511,27595,7553,0
20190208,1030,27597,27624,27561,27601,3799,0
20190208,1045,27603,27705,27595,27671,6218,0
20190208,1100,27671,27698,27660,27693,3504,0
20190208,1115,27693,27738,27688,27716,4310,0
20190208,1130,27718,27753,27704,27723,3124,0
20190208,1145,27721,27766,27701,27758,3073,0
20190208,1200,27757,27793,27746,27777,2519,0
20190208,1215,27777,27777,27777,27777,2,0
20190208,1245,27777,27777,27777,27777,0,0
20190208,1300,27777,27777,27775,27775,80,0
20190208,1315,27771,27771,27713,27736,3794,0
20190208,1330,27736,27781,27734,27775,2462,0
20190208,1345,27774,27850,27773,27834,4725,0
20190208,1400,27834,27891,27833,27885,3628,0
20190208,1415,27885,27895,27824,27825,3849,0
20190208,1430,27824,27862,27817,27856,2137,0
20190208,1445,27857,27905,27848,27902,2777,0
20190208,1500,27903,27908,27859,27874,2333,0
20190208,1515,27876,27925,27875,27900,3504,0
20190208,1530,27901,27945,27901,27940,3087,0
20190208,1545,27939,27939,27884,27894,3504,0
20190208,1600,27894,27911,27883,27898,3430,0
20190208,1615,27899,27949,27882,27945,4935,0
20190208,1630,27948,27960,27932,27951,2604,0
20190208,1645,27951,27951,27951,27951,0,0
20190208,1700,27951,27951,27951,27951,0,0
20190208,1730,28012,28026,27971,27984,1125,0
20190208,1745,27984,27999,27966,27973,828,0
20190208,1800,27972,27982,27955,27973,420,0
20190208,1815,27973,27978,27940,27943,398,0
20190208,1830,27946,27983,27941,27983,422,0
20190208,1845,27983,27988,27948,27953,465,0
20190208,1900,27953,27978,27953,27971,320,0
20190208,1915,27971,27983,27969,27975,221,0
20190208,1930,27975,27980,27959,27961,181,0
20190208,1945,27961,27965,27945,27949,322,0
20190208,2000,27948,27948,27905,27906,985,0
20190208,2015,27906,27933,27895,27927,824,0
20190208,2030,27927,27947,27920,27941,406,0
20190208,2045,27943,27961,27937,27947,540,0
20190208,2100,27947,27957,27936,27951,446,0
20190208,2115,27951,27969,27947,27954,334,0
20190208,2130,27954,27962,27943,27952,299,0
20190208,2145,27952,27964,27942,27954,372,0
20190208,2200,27954,27956,27921,27924,426,0
20190208,2215,27924,27941,27912,27914,433,0
20190208,2230,27917,27923,27904,27910,494,0
20190208,2245,27912,27936,27881,27883,1477,0
20190208,2300,27883,27895,27847,27854,1560,0
20190208,2315,27846,27865,27825,27828,1495,0
20190208,2330,27829,27843,27817,27834,1155,0
20190208,2345,27834,27877,27828,27853,965,0
20190209,0000,27854,27857,27807,27811,838,0
20190209,0015,27811,27812,27773,27798,928,0
20190209,0030,27797,27817,27783,27801,697,0
20190209,0045,27801,27807,27758,27791,818,0
20190209,0100,27792,27830,27761,27827,689,0
20190211,0930,27895,27895,27818,27834,5547,0
20190211,0945,27834,27914,27794,27875,15407,0
20190211,1000,27875,27875,27760,27834,11051,0
20190211,1015,27834,27901,27829,27893,7575,0
20190211,1030,27896,27908,27837,27837,5874,0
20190211,1045,27839,27936,27810,27931,7805,0
20190211,1100,27933,27970,27925,27960,6703,0
20190211,1115,27959,27986,27937,27969,5420,0
20190211,1130,27967,27969,27912,27945,4609,0
20190211,1145,27946,27950,27922,27924,1203,0
20190211,1200,27922,27934,27893,27930,2572,0
20190211,1215,27932,27932,27932,27932,2,0
20190211,1230,27932,27932,27932,27932,0,0
20190211,1245,27932,27932,27932,27932,0,0
20190211,1300,27932,27932,27930,27930,12,0
20190211,1315,27930,27954,27883,27944,4128,0
20190211,1330,27945,27969,27935,27951,2474,0
20190211,1345,27951,27953,27897,27923,3399,0
20190211,1400,27921,27957,27908,27953,2832,0
20190211,1415,27953,27974,27940,27952,3510,0
20190211,1430,27951,28019,27944,28005,4602,0
20190211,1445,28008,28079,28008,28060,7232,0
20190211,1500,28058,28064,28031,28053,3797,0
20190211,1515,28051,28078,28042,28058,3032,0
20190211,1530,28059,28064,28031,28036,2757,0
20190211,1545,28037,28065,28028,28052,2695,0
20190211,1600,28051,28078,28049,28075,2786,0
20190211,1615,28073,28129,28066,28098,5118,0
20190211,1630,28099,28155,28071,28135,3394,0
20190211,1645,28136,28136,28130,28130,2,0
20190211,1700,28130,28130,28130,28130,0,0
20190211,1715,28130,28130,28130,28130,0,0
20190211,1730,28178,28219,28161,28180,1525,0
20190211,1745,28180,28194,28163,28187,759,0
20190211,1800,28187,28207,28182,28199,645,0
20190211,1815,28199,28203,28181,28195,431,0
20190211,1830,28195,28213,28190,28210,352,0
20190211,1845,28210,28212,28187,28191,423,0
20190211,1900,28191,28196,28172,28178,469,0
20190211,1915,28177,28185,28158,28165,450,0
20190211,1930,28164,28172,28159,28164,363,0
20190211,1945,28164,28170,28153,28159,308,0
20190211,2000,28159,28159,28140,28157,432,0
20190211,2015,28155,28155,28135,28146,503,0
20190211,2030,28146,28152,28143,28150,187,0
20190211,2045,28150,28168,28145,28164,418,0
20190211,2100,28164,28183,28161,28178,381,0
20190211,2115,28179,28195,28169,28191,428,0
20190211,2130,28191,28218,28183,28191,873,0
20190211,2145,28191,28198,28184,28196,294,0
20190211,2200,28196,28200,28166,28171,416,0
20190211,2215,28170,28176,28156,28167,420,0
20190211,2230,28166,28170,28138,28148,531,0
20190211,2245,28150,28175,28113,28136,1832,0
20190211,2300,28136,28147,28115,28131,1111,0
20190211,2315,28128,28170,28128,28146,1281,0
20190211,2330,28146,28172,28129,28136,1028,0
20190211,2345,28137,28150,28124,28140,801,0
20190212,0000,28140,28163,28132,28140,793,0
20190212,0015,28142,28160,28098,28100,1134,0
20190212,0030,28099,28139,28099,28123,855,0
20190212,0045,28124,28129,28111,28122,418,0
20190212,0930,28164,28165,28000,28036,8320,0
20190212,0945,28036,28069,27981,27984,12924,0
20190212,1000,27983,28042,27916,28039,11119,0
20190212,1015,28040,28042,27953,28019,8326,0
20190212,1030,28016,28037,27967,28025,7156,0
20190212,1045,28024,28091,28004,28073,8821,0
20190212,1100,28071,28120,28062,28120,6759,0
20190212,1115,28122,28185,28104,28147,8276,0
20190212,1130,28146,28174,28130,28146,5530,0
20190212,1145,28146,28163,28134,28145,2574,0
20190212,1200,28145,28161,28132,28145,2133,0
20190212,1215,28148,28148,28148,28148,3,0
20190212,1245,28148,28148,28148,28148,83,0
20190212,1300,28148,28149,28148,28149,82635,0
20190212,1315,28145,28145,28080,28084,5628,0
20190212,1330,28084,28123,28072,28102,4648,0
20190212,1345,28102,28121,28085,28104,3437,0
20190212,1400,28104,28104,28082,28098,2144,0
20190212,1415,28099,28137,28095,28099,4380,0
20190212,1430,28100,28120,28095,28116,2539,0
20190212,1445,28114,28139,28108,28135,3411,0
20190212,1500,28135,28151,28116,28116,2266,0
20190212,1515,28117,28129,28095,28121,2818,0
20190212,1530,28121,28125,28087,28104,2456,0
20190212,1545,28104,28117,28092,28099,1669,0
20190212,1600,28099,28138,28097,28135,3610,0
20190212,1615,28136,28154,28112,28127,4296,0
20190212,1630,28127,28144,28114,28123,2567,0
20190212,1645,28123,28123,28123,28123,0,0
20190212,1715,28123,28123,28123,28123,0,0
20190212,1730,28123,28136,28111,28122,854,0
20190212,1745,28124,28132,28114,28130,490,0
20190212,1800,28130,28135,28124,28131,295,0
20190212,1815,28131,28146,28130,28138,316,0
20190212,1830,28138,28148,28129,28140,319,0
20190212,1845,28140,28145,28132,28141,281,0
20190212,1900,28141,28160,28141,28156,396,0
20190212,1915,28156,28167,28152,28161,340,0
20190212,1930,28161,28167,28152,28167,263,0
20190212,1945,28167,28167,28160,28163,171,0
20190212,2000,28161,28171,28160,28169,224,0
20190212,2015,28170,28176,28163,28163,352,0
20190212,2030,28163,28164,28153,28155,318,0
20190212,2045,28155,28167,28154,28161,325,0
20190212,2100,28161,28161,28137,28139,370,0
20190212,2115,28139,28152,28135,28142,289,0
20190212,2130,28143,28144,28135,28141,237,0
20190212,2145,28141,28143,28122,28133,369,0
20190212,2200,28133,28146,28131,28135,339,0
20190212,2215,28132,28148,28132,28141,231,0
20190212,2230,28141,28154,28141,28144,216,0
20190212,2245,28147,28191,28144,28176,1697,0
20190212,2300,28176,28187,28161,28163,785,0
20190212,2315,28166,28179,28146,28149,855,0
20190212,2330,28147,28156,28133,28139,877,0
20190212,2345,28143,28145,28113,28116,1047,0
20190213,0000,28116,28155,28110,28139,1046,0
20190213,0015,28139,28152,28136,28152,639,0
20190213,0030,28152,28164,28145,28157,645,0
20190213,0045,28157,28159,28143,28154,313,0
20190213,0100,28151,28153,28141,28143,610,0
20190213,0930,28170,28205,28135,28143,8402,0
20190213,0945,28142,28202,28103,28130,13231,0
20190213,1000,28130,28288,28116,28239,14869,0
20190213,1015,28244,28311,28237,28253,10081,0
20190213,1030,28251,28264,28174,28232,11950,0
20190213,1045,28230,28264,28224,28241,7292,0
20190213,1100,28241,28260,28196,28217,6260,0
20190213,1115,28216,28331,28201,28327,8822,0
20190213,1130,28333,28376,28321,28360,11101,0
20190213,1145,28361,28375,28331,28354,4601,0
20190213,1200,28353,28390,28353,28361,3668,0
20190213,1215,28360,28360,28360,28360,2,0
20190213,1245,28360,28360,28360,28360,0,0
20190213,1300,28360,28370,28360,28370,23,0
20190213,1315,28370,28399,28342,28375,4101,0
20190213,1330,28376,28425,28376,28412,5497,0
20190213,1345,28412,28449,28412,28432,5283,0
20190213,1400,28434,28468,28426,28460,6699,0
20190213,1415,28462,28476,28431,28435,6100,0
20190213,1430,28435,28490,28423,28479,5704,0
20190213,1445,28479,28507,28476,28502,4693,0
20190213,1500,28502,28509,28453,28456,4027,0
20190213,1515,28456,28470,28434,28463,4214,0
20190213,1530,28463,28463,28426,28446,2887,0
20190213,1545,28446,28460,28436,28445,2226,0
20190213,1600,28445,28469,28443,28454,3832,0
20190213,1615,28453,28458,28399,28402,6001,0
20190213,1630,28403,28414,28392,28399,2903,0
20190213,1645,28400,28400,28400,28400,0,0
20190213,1715,28400,28400,28400,28400,0,0
20190213,1730,28394,28400,28351,28363,1777,0
20190213,1745,28363,28368,28351,28351,732,0
20190213,1800,28351,28371,28351,28364,816,0
20190213,1815,28364,28393,28337,28379,1607,0
20190213,1830,28378,28389,28368,28371,505,0
20190213,1845,28371,28396,28367,28393,446,0
20190213,1900,28393,28395,28379,28393,378,0
20190213,1915,28392,28396,28373,28380,387,0
20190213,1930,28380,28419,28380,28413,636,0
20190213,1945,28413,28427,28410,28422,642,0
20190213,2000,28422,28439,28408,28439,736,0
20190213,2015,28438,28452,28428,28443,833,0
20190213,2030,28441,28447,28430,28439,544,0
20190213,2045,28439,28446,28429,28445,449,0
20190213,2100,28445,28452,28436,28440,415,0
20190213,2115,28440,28443,28434,28441,336,0
20190213,2130,28441,28458,28434,28455,620,0
20190213,2145,28445,28483,28429,28472,1596,0
20190213,2200,28471,28498,28471,28482,931,0
20190213,2215,28480,28491,28473,28489,576,0
20190213,2230,28488,28494,28461,28468,821,0
20190213,2245,28466,28488,28451,28476,1694,0
20190213,2300,28479,28486,28444,28452,1282,0
20190213,2315,28450,28460,28425,28432,1218,0
20190213,2330,28433,28453,28419,28438,1064,0
20190213,2345,28436,28470,28434,28462,1288,0
20190214,0000,28462,28473,28427,28434,877,0
20190214,0015,28434,28446,28388,28393,1064,0
20190214,0030,28391,28392,28353,28354,1073,0
20190214,0045,28354,28358,28323,28327,1152,0
20190214,0100,28325,28359,28324,28354,812,0
20190214,0930,28317,28370,28278,28357,8537,0
20190214,0945,28356,28436,28286,28433,17770,0
20190214,1000,28432,28440,28297,28304,12573,0
20190214,1015,28309,28334,28266,28273,12168,0
20190214,1030,28271,28324,28255,28285,9877,0
20190214,1045,28289,28342,28258,28274,8967,0
20190214,1100,28276,28287,28223,28230,7963,0
20190214,1115,28228,28290,28223,28270,8567,0
20190214,1130,28269,28297,28253,28279,4365,0
20190214,1145,28279,28294,28268,28268,2099,0
20190214,1200,28267,28379,28264,28362,6389,0
20190214,1215,28361,28361,28361,28361,1,0
20190214,1230,28361,28361,28361,28361,0,0
20190214,1245,28361,28361,28361,28361,0,0
20190214,1300,28361,28361,28355,28355,32,0
20190214,1315,28355,28365,28327,28349,5090,0
20190214,1330,28349,28352,28324,28347,3358,0
20190214,1345,28347,28373,28335,28367,3202,0
20190214,1400,28368,28370,28337,28361,2562,0
20190214,1415,28357,28410,28357,28399,5828,0
20190214,1430,28401,28438,28387,28438,4782,0
20190214,1445,28438,28445,28386,28386,4818,0
20190214,1500,28383,28406,28376,28385,2928,0
20190214,1515,28386,28413,28370,28395,3843,0
20190214,1530,28398,28408,28385,28406,2553,0
20190214,1545,28408,28420,28373,28374,3139,0
20190214,1600,28373,28395,28358,28389,4438,0
20190214,1615,28390,28395,28303,28320,4666,0
20190214,1630,28319,28345,28289,28339,3085,0
20190214,1645,28339,28339,28339,28339,0,0
20190214,1700,28339,28339,28339,28339,0,0
20190214,1715,28339,28339,28339,28339,0,0
20190214,1730,28330,28356,28329,28350,947,0
20190214,1745,28350,28355,28333,28343,376,0
20190214,1800,28343,28343,28321,28328,344,0
20190214,1815,28327,28352,28327,28347,383,0
20190214,1830,28345,28356,28334,28334,433,0
20190214,1845,28335,28340,28322,28337,337,0
20190214,1900,28337,28351,28332,28350,329,0
20190214,1915,28350,28371,28346,28367,529,0
20190214,1930,28367,28378,28362,28368,304,0
20190214,1945,28368,28371,28355,28369,261,0
20190214,2000,28369,28372,28351,28359,200,0
20190214,2015,28359,28368,28348,28364,384,0
20190214,2030,28364,28381,28362,28378,432,0
20190214,2045,28378,28384,28371,28376,280,0
20190214,2100,28376,28379,28366,28369,251,0
20190214,2115,28369,28377,28362,28376,235,0
20190214,2130,28375,28380,28359,28378,260,0
20190214,2145,28375,28397,28327,28328,1686,0
20190214,2200,28326,28339,28268,28269,1516,0
20190214,2215,28268,28268,28181,28214,2650,0
20190214,2230,28213,28219,28155,28175,1694,0
20190214,2245,28180,28191,28123,28136,3087,0
20190214,2300,28136,28188,28107,28187,2389,0
20190214,2315,28186,28218,28164,28208,1786,0
20190214,2330,28207,28247,28206,28247,1673,0
20190214,2345,28248,28266,28117,28182,3868,0
20190215,0000,28185,28232,28183,28202,1331,0
20190215,0015,28202,28207,28162,28172,967,0
20190215,0030,28172,28182,28151,28154,634,0
20190215,0045,28155,28184,28128,28175,746,0
20190215,0100,28175,28204,28171,28198,630,0
20190215,0930,28153,28221,28135,28211,6844,0
20190215,0945,28202,28231,28069,28118,16132,0
20190215,1000,28116,28178,28077,28092,11109,0
20190215,1015,28091,28091,27945,27945,14819,0
20190215,1030,27944,27966,27876,27936,15092,0
20190215,1045,27940,27979,27921,27975,9222,0
20190215,1100,27974,27975,27932,27938,6190,0
20190215,1115,27937,27942,27903,27906,5477,0
20190215,1130,27904,27940,27884,27931,6382,0
20190215,1145,27935,27949,27924,27934,2766,0
20190215,1200,27934,27936,27904,27915,2344,0
20190215,1215,27913,27913,27913,27913,6,0
20190215,1230,27913,27913,27913,27913,0,0
20190215,1245,27913,27913,27913,27913,0,0
20190215,1300,27913,27914,27913,27914,17,0
20190215,1315,27914,27914,27839,27877,7265,0
20190215,1330,27877,27892,27838,27856,5109,0
20190215,1345,27856,27906,27851,27884,4753,0
20190215,1400,27884,27911,27880,27890,3120,0
20190215,1415,27890,27902,27848,27851,4263,0
20190215,1430,27849,27874,27828,27872,4386,0
20190215,1445,27873,27873,27804,27815,6133,0
20190215,1500,27813,27841,27809,27825,3981,0
20190215,1515,27827,27881,27827,27860,5902,0
20190215,1530,27860,27864,27788,27817,6021,0
20190215,1545,27818,27824,27786,27789,4533,0
20190215,1600,27788,27810,27781,27799,4426,0
20190215,1615,27805,27842,27805,27812,6482,0
20190215,1630,27811,27881,27804,27867,4376,0
20190215,1645,27867,27867,27867,27867,0,0
20190215,1700,27867,27867,27867,27867,0,0
20190215,1730,27895,27903,27879,27900,1397,0
20190215,1745,27900,27923,27900,27921,805,0
20190215,1800,27921,27940,27913,27935,1154,0
20190215,1815,27935,27944,27925,27942,724,0
20190215,1830,27942,27953,27911,27912,850,0
20190215,1845,27912,27943,27912,27940,576,0
20190215,1900,27940,27977,27940,27966,1252,0
20190215,1915,27966,27981,27966,27972,269,0
20190218,0930,28198,28201,28127,28187,7303,0
20190218,0945,28191,28339,28140,28290,18371,0
20190218,1000,28288,28332,28273,28303,9330,0
20190218,1015,28303,28323,28239,28294,10735,0
20190218,1030,28291,28357,28291,28323,8579,0
20190218,1045,28320,28370,28319,28345,6024,0
20190218,1100,28345,28361,28306,28332,4951,0
20190218,1115,28334,28375,28309,28374,5064,0
20190218,1130,28375,28384,28336,28338,4603,0
20190218,1145,28338,28340,28317,28329,2699,0
20190218,1200,28329,28329,28282,28288,3309,0
20190218,1215,28286,28286,28286,28286,11,0
20190218,1230,28286,28286,28286,28286,0,0
20190218,1245,28286,28286,28286,28286,0,0
20190218,1300,28286,28286,28285,28285,14,0
20190218,1315,28287,28324,28270,28322,4034,0
20190218,1330,28324,28340,28312,28328,3615,0
20190218,1345,28329,28353,28317,28340,3408,0
20190218,1400,28340,28358,28329,28349,3736,0
20190218,1415,28349,28365,28346,28349,2429,0
20190218,1430,28348,28354,28330,28348,2345,0
20190218,1445,28348,28367,28337,28342,3228,0
20190218,1500,28342,28358,28325,28346,2932,0
20190218,1515,28344,28359,28333,28341,2146,0
20190218,1530,28340,28345,28316,28323,2492,0
20190218,1545,28323,28329,28259,28275,5743,0
20190218,1600,28278,28315,28272,28310,4757,0
20190218,1615,28309,28325,28283,28315,3679,0
20190218,1630,28315,28348,28313,28334,2958,0
20190218,1645,28334,28334,28334,28334,0,0
20190218,1700,28334,28334,28334,28334,0,0
20190218,1715,28334,28334,28334,28334,0,0
20190218,1730,28315,28316,28286,28301,1067,0
20190218,1745,28301,28312,28296,28302,390,0
20190218,1800,28303,28329,28296,28316,691,0
20190218,1815,28316,28325,28310,28320,277,0
20190218,1830,28320,28361,28320,28344,957,0
20190218,1845,28345,28370,28341,28367,495,0
20190218,1900,28367,28371,28357,28366,395,0
20190218,1915,28366,28371,28360,28360,229,0
20190218,1930,28360,28365,28345,28351,415,0
20190218,1945,28351,28352,28337,28340,371,0
20190218,2000,28341,28358,28339,28351,265,0
20190218,2015,28351,28353,28334,28353,558,0
20190218,2030,28353,28368,28353,28354,642,0
20190218,2045,28356,28356,28342,28344,245,0
20190218,2100,28344,28352,28339,28341,191,0
20190218,2115,28341,28343,28318,28330,579,0
20190218,2130,28330,28340,28315,28336,446,0
20190218,2145,28334,28353,28330,28351,519,0
20190218,2200,28353,28359,28338,28344,377,0
20190218,2215,28344,28360,28344,28352,309,0
20190218,2230,28352,28352,28343,28345,177,0
20190218,2245,28345,28356,28326,28338,616,0
20190218,2300,28340,28352,28340,28350,374,0
20190218,2315,28350,28350,28339,28341,175,0
20190218,2330,28340,28344,28330,28342,300,0
20190218,2345,28342,28343,28332,28336,253,0
20190219,0000,28337,28337,28313,28324,407,0
20190219,0015,28324,28324,28306,28320,273,0
20190219,0030,28320,28334,28316,28332,354,0
20190219,0045,28332,28332,28317,28328,186,0
20190219,0100,28323,28332,28314,28325,420,0
20190219,0930,28291,28420,28263,28357,8826,0
20190219,0945,28352,28405,28269,28380,16382,0
20190219,1000,28381,28448,28347,28407,12810,0
20190219,1015,28406,28418,28315,28366,12146,0
20190219,1030,28361,28373,28319,28369,7141,0
20190219,1045,28370,28396,28342,28354,7582,0
20190219,1100,28353,28429,28343,28429,8403,0
20190219,1115,28431,28435,28393,28396,5943,0
20190219,1130,28394,28400,28347,28347,5199,0
20190219,1145,28349,28365,28311,28325,5949,0
20190219,1200,28326,28340,28303,28325,3190,0
20190219,1215,28327,28327,28327,28327,2,0
20190219,1245,28327,28327,28327,28327,0,0
20190219,1300,28327,28327,28299,28299,109,0
20190219,1315,28293,28306,28167,28214,12547,0
20190219,1330,28214,28227,28179,28210,6291,0
20190219,1345,28210,28247,28193,28242,4688,0
20190219,1400,28239,28262,28235,28245,4705,0
20190219,1415,28243,28243,28201,28219,5390,0
20190219,1430,28219,28242,28213,28242,2751,0
20190219,1445,28241,28273,28237,28264,4109,0
20190219,1500,28262,28266,28237,28259,2848,0
20190219,1515,28260,28260,28224,28234,3044,0
20190219,1530,28234,28250,28221,28235,2268,0
20190219,1545,28235,28245,28193,28196,3130,0
20190219,1600,28196,28242,28196,28224,4450,0
20190219,1615,28223,28232,28136,28149,5297,0
20190219,1630,28150,28162,28129,28155,3600,0
20190219,1645,28155,28155,28155,28155,0,0
20190219,1715,28155,28155,28155,28155,0,0
20190219,1730,28123,28135,28077,28096,1656,0
20190219,1745,28095,28105,28075,28096,833,0
20190219,1800,28096,28106,28085,28099,521,0
20190219,1815,28096,28104,28090,28091,264,0
20190219,1830,28091,28097,28081,28088,389,0
20190219,1845,28088,28099,28086,28098,360,0
20190219,1900,28098,28126,28098,28115,582,0
20190219,1915,28113,28118,28095,28097,387,0
20190219,1930,28097,28098,28058,28065,1085,0
20190219,1945,28064,28072,28042,28052,735,0
20190219,2000,28052,28070,28038,28063,491,0
20190219,2015,28063,28077,28055,28070,495,0
20190219,2030,28070,28078,28064,28068,329,0
20190219,2045,28068,28096,28068,28086,661,0
20190219,2100,28088,28104,28082,28085,468,0
20190219,2115,28084,28102,28080,28102,338,0
20190219,2130,28102,28102,28072,28091,529,0
20190219,2145,28091,28098,28083,28091,426,0
20190219,2200,28091,28107,28083,28090,469,0
20190219,2215,28090,28096,28074,28079,551,0
20190219,2230,28079,28111,28067,28095,800,0
20190219,2245,28093,28161,28093,28151,2197,0
20190219,2300,28151,28200,28145,28199,1805,0
20190219,2315,28198,28233,28187,28224,1603,0
20190219,2330,28223,28244,28199,28226,1341,0
20190219,2345,28226,28231,28193,28215,1036,0
20190220,0000,28217,28220,28200,28200,435,0
20190220,0015,28205,28239,28205,28239,746,0
20190220,0030,28239,28252,28226,28236,701,0
20190220,0045,28235,28287,28235,28285,901,0
20190220,0100,28288,28313,28283,28312,899,0
20190220,0930,28295,28413,28277,28373,9699,0
20190220,0945,28366,28517,28360,28503,20206,0
20190220,1000,28506,28554,28479,28517,15079,0
20190220,1015,28518,28539,28464,28503,10961,0
20190220,1030,28504,28571,28496,28568,8903,0
20190220,1045,28567,28572,28511,28548,8283,0
20190220,1100,28547,28563,28487,28488,6488,0
20190220,1115,28489,28522,28485,28505,5387,0
20190220,1130,28505,28511,28365,28380,10601,0
20190220,1145,28378,28394,28297,28323,9719,0
20190220,1200,28325,28389,28304,28372,4728,0
20190220,1215,28372,28372,28370,28370,2,0
20190220,1245,28370,28370,28370,28370,0,0
20190220,1300,28370,28373,28370,28373,6,0
20190220,1315,28377,28390,28334,28351,4885,0
20190220,1330,28351,28384,28341,28369,3868,0
20190220,1345,28368,28404,28365,28374,3870,0
20190220,1400,28376,28454,28365,28435,6010,0
20190220,1415,28438,28477,28435,28452,5406,0
20190220,1430,28453,28474,28433,28456,4213,0
20190220,1445,28457,28483,28446,28455,3687,0
20190220,1500,28455,28466,28430,28437,4096,0
20190220,1515,28436,28460,28414,28449,4190,0
20190220,1530,28449,28466,28439,28447,3152,0
20190220,1545,28447,28475,28441,28452,2855,0
20190220,1600,28452,28462,28423,28431,4402,0
20190220,1615,28431,28506,28428,28481,5500,0
20190220,1630,28481,28514,28478,28509,4256,0
20190220,1645,28509,28510,28509,28510,5,0
20190220,1715,28510,28510,28510,28510,0,0
20190220,1730,28510,28517,28477,28477,1081,0
20190220,1745,28478,28478,28451,28455,882,0
20190220,1800,28455,28469,28445,28456,749,0
20190220,1815,28456,28476,28454,28474,727,0
20190220,1830,28476,28484,28457,28459,475,0
20190220,1845,28459,28475,28451,28471,517,0
20190220,1900,28471,28493,28470,28491,621,0
20190220,1915,28489,28492,28466,28469,519,0
20190220,1930,28469,28478,28458,28471,382,0
20190220,1945,28473,28473,28456,28459,454,0
20190220,2000,28461,28474,28459,28474,335,0
20190220,2015,28474,28479,28468,28478,425,0
20190220,2030,28478,28487,28474,28486,332,0
20190220,2045,28486,28502,28484,28485,538,0
20190220,2100,28483,28492,28477,28484,223,0
20190220,2115,28483,28488,28469,28483,429,0
20190220,2130,28483,28498,28478,28489,386,0
20190220,2145,28489,28504,28487,28503,254,0
20190220,2200,28503,28529,28502,28516,874,0
20190220,2215,28516,28517,28507,28515,487,0
20190220,2230,28515,28525,28513,28516,401,0
20190220,2245,28516,28554,28516,28520,2164,0
20190220,2300,28521,28559,28509,28554,1391,0
20190220,2315,28554,28585,28543,28565,1493,0
20190220,2330,28563,28638,28562,28637,1745,0
20190220,2345,28637,28647,28625,28636,1206,0
20190221,0000,28636,28643,28611,28614,768,0
20190221,0015,28614,28637,28611,28637,698,0
20190221,0030,28637,28646,28616,28635,810,0
20190221,0045,28635,28660,28622,28652,860,0
20190221,0100,28652,28671,28642,28662,735,0
20190221,0930,28543,28572,28428,28444,10748,0
20190221,0945,28442,28487,28366,28482,18304,0
20190221,1000,28481,28538,28447,28522,12110,0
20190221,1015,28523,28596,28504,28544,12511,0
20190221,1030,28543,28561,28486,28553,11243,0
20190221,1045,28553,28582,28542,28561,6630,0
20190221,1100,28560,28683,28534,28673,14923,0
20190221,1115,28673,28685,28630,28650,8509,0
20190221,1130,28648,28687,28640,28651,6777,0
20190221,1145,28651,28744,28651,28709,7844,0
20190221,1200,28708,28713,28681,28704,4281,0
20190221,1215,28704,28704,28704,28704,6,0
20190221,1245,28704,28704,28704,28704,0,0
20190221,1300,28704,28704,28701,28701,26,0
20190221,1315,28698,28758,28683,28753,6334,0
20190221,1330,28755,28787,28731,28737,7240,0
20190221,1345,28739,28767,28737,28748,5002,0
20190221,1400,28748,28785,28595,28595,16129,0
20190221,1415,28594,28630,28564,28600,10291,0
20190221,1430,28600,28603,28531,28582,10323,0
20190221,1445,28579,28581,28528,28531,5448,0
20190221,1500,28528,28609,28523,28599,6653,0
20190221,1515,28598,28603,28563,28599,4361,0
20190221,1530,28599,28657,28586,28646,5256,0
20190221,1545,28646,28646,28613,28624,3769,0
20190221,1600,28626,28643,28617,28630,4095,0
20190221,1615,28632,28638,28608,28632,4775,0
20190221,1630,28635,28655,28631,28653,3579,0
20190221,1645,28655,28655,28655,28655,4,0
20190221,1715,28655,28655,28655,28655,0,0
20190221,1730,28638,28638,28583,28619,1384,0
20190221,1745,28619,28637,28610,28618,809,0
20190221,1800,28620,28626,28601,28609,559,0
20190221,1815,28609,28634,28608,28629,460,0
20190221,1830,28629,28639,28621,28630,542,0
20190221,1845,28631,28663,28627,28653,978,0
20190221,1900,28654,28674,28643,28672,643,0
20190221,1915,28671,28683,28664,28671,576,0
20190221,1930,28673,28682,28670,28674,293,0
20190221,1945,28674,28679,28655,28663,538,0
20190221,2000,28663,28667,28645,28665,588,0
20190221,2015,28663,28679,28643,28645,691,0
20190221,2030,28646,28653,28628,28639,873,0
20190221,2045,28636,28639,28603,28628,1319,0
20190221,2100,28626,28642,28622,28636,482,0
20190221,2115,28636,28649,28614,28640,812,0
20190221,2130,28640,28646,28626,28626,405,0
20190221,2145,28626,28629,28594,28625,979,0
20190221,2200,28624,28639,28623,28629,545,0
20190221,2215,28628,28633,28608,28616,807,0
20190221,2230,28616,28626,28582,28589,776,0
20190221,2245,28587,28620,28544,28552,2720,0
20190221,2300,28537,28559,28500,28539,2310,0
20190221,2315,28539,28543,28484,28512,2089,0
20190221,2330,28512,28542,28493,28496,1443,0
20190221,2345,28498,28518,28496,28510,974,0
20190222,0000,28510,28520,28472,28491,1012,0
20190222,0015,28489,28517,28481,28505,1015,0
20190222,0030,28506,28512,28456,28462,1050,0
20190222,0045,28462,28484,28462,28473,830,0
20190222,0100,28473,28506,28458,28500,875,0
20190222,0930,28506,28569,28492,28529,10194,0
20190222,0945,28529,28561,28451,28521,19442,0
20190222,1000,28519,28563,28420,28422,16436,0
20190222,1015,28422,28510,28417,28469,12450,0
20190222,1030,28470,28505,28446,28446,8391,0
20190222,1045,28446,28493,28437,28492,7988,0
20190222,1100,28493,28544,28476,28508,9438,0
20190222,1115,28509,28590,28482,28571,10231,0
20190222,1130,28572,28593,28547,28561,8563,0
20190222,1145,28562,28603,28551,28574,4110,0
20190222,1200,28575,28576,28555,28564,7007,0
20190222,1215,28564,28564,28564,28564,1,0
20190222,1245,28564,28564,28564,28564,0,0
20190222,1300,28564,28564,28557,28557,25,0
20190222,1315,28560,28586,28535,28540,8546,0
20190222,1330,28540,28582,28538,28574,5587,0
20190222,1345,28574,28637,28573,28629,9057,0
20190222,1400,28629,28642,28608,28625,5742,0
20190222,1415,28627,28644,28598,28635,5098,0
20190222,1430,28636,28680,28628,28680,6405,0
20190222,1445,28679,28720,28676,28693,8330,0
20190222,1500,28693,28745,28689,28729,6014,0
20190222,1515,28729,28733,28701,28729,4647,0
20190222,1530,28729,28747,28704,28736,3982,0
20190222,1545,28736,28779,28729,28758,5361,0
20190222,1600,28759,28820,28759,28814,6490,0
20190222,1615,28815,28845,28782,28843,7897,0
20190222,1630,28843,28864,28804,28805,16032,0
20190222,1645,28806,28806,28806,28806,3,0
20190222,1715,28806,28806,28806,28806,0,0
20190222,1730,28849,28861,28828,28830,1605,0
20190222,1745,28829,28858,28819,28831,934,0
20190222,1800,28831,28835,28814,28826,687,0
20190222,1815,28827,28834,28816,28828,550,0
20190222,1830,28824,28844,28821,28829,474,0
20190222,1845,28830,28850,28825,28850,470,0
20190222,1900,28850,28882,28846,28878,1463,0
20190222,1915,28879,28887,28871,28879,608,0
20190222,1930,28879,28892,28879,28881,474,0
20190222,1945,28882,28892,28876,28892,482,0
20190222,2000,28892,28892,28869,28885,579,0
20190222,2015,28885,28891,28873,28879,359,0
20190222,2030,28879,28882,28856,28856,366,0
20190222,2045,28857,28868,28854,28860,543,0
20190222,2100,28859,28859,28844,28849,499,0
20190222,2115,28849,28858,28840,28852,432,0
20190222,2130,28852,28868,28843,28857,618,0
20190222,2145,28857,28860,28807,28810,1407,0
20190222,2200,28808,28808,28781,28796,1581,0
20190222,2215,28795,28829,28795,28825,781,0
20190222,2230,28823,28829,28800,28813,547,0
20190222,2245,28813,28835,28771,28826,2659,0
20190222,2300,28827,28852,28813,28845,1437,0
20190222,2315,28845,28870,28840,28848,1362,0
20190222,2330,28848,28862,28825,28834,1013,0
20190222,2345,28835,28853,28819,28852,933,0
20190223,0000,28852,28872,28843,28857,871,0
20190223,0015,28864,28877,28850,28859,993,0
20190223,0030,28859,28881,28854,28878,737,0
20190223,0045,28876,28877,28853,28866,514,0
20190223,0100,28866,28873,28845,28872,778,0
20190225,0930,28932,28972,28899,28958,15360,0
20190225,0945,28959,29006,28896,28968,22876,0
20190225,1000,28969,29018,28796,28849,22749,0
20190225,1015,28851,28946,28837,28937,15167,0
20190225,1030,28933,28937,28840,28936,15296,0
20190225,1045,28936,28945,28790,28801,15113,0
20190225,1100,28799,28841,28742,28815,17659,0
20190225,1115,28813,28857,28795,28843,7655,0
20190225,1130,28844,28928,28835,28925,10123,0
20190225,1145,28930,28930,28860,28885,6216,0
20190225,1200,28888,28903,28881,28893,2320,0
20190225,1215,28893,28893,28893,28893,4,0
20190225,1245,28893,28893,28893,28893,0,0
20190225,1300,28893,28893,28890,28890,11,0
20190225,1315,28893,28941,28893,28897,9160,0
20190225,1330,28895,28917,28869,28896,7577,0
20190225,1345,28896,28897,28823,28867,11176,0
20190225,1400,28868,28876,28820,28855,6931,0
20190225,1415,28856,28909,28836,28909,6736,0
20190225,1430,28909,28933,28884,28929,7082,0
20190225,1445,28930,28990,28923,28938,11994,0
20190225,1500,28937,28964,28921,28952,7055,0
20190225,1515,28951,28976,28923,28965,5616,0
20190225,1530,28965,28982,28920,28922,6869,0
20190225,1545,28922,28943,28909,28936,3931,0
20190225,1600,28937,28957,28928,28934,6378,0
20190225,1615,28938,28939,28866,28893,13439,0
20190225,1630,28890,28903,28873,28891,9364,0
20190225,1645,28891,28891,28890,28890,2,0
20190225,1715,28890,28890,28890,28890,0,0
20190225,1730,28919,28931,28903,28926,1444,0
20190225,1745,28926,28935,28919,28923,436,0
20190225,1800,28923,28932,28912,28918,593,0
20190225,1815,28918,28925,28913,28923,389,0
20190225,1830,28923,28938,28922,28925,568,0
20190225,1845,28924,28947,28924,28939,550,0
20190225,1900,28938,28957,28938,28953,462,0
20190225,1915,28953,28962,28945,28948,351,0
20190225,1930,28948,28959,28945,28945,240,0
20190225,1945,28945,28952,28937,28938,927,0
20190225,2000,28938,28945,28923,28927,753,0
20190225,2015,28927,28929,28916,28926,577,0
20190225,2030,28928,28932,28915,28922,356,0
20190225,2045,28922,28927,28918,28921,322,0
20190225,2100,28921,28939,28921,28934,388,0
20190225,2115,28932,28944,28932,28944,717,0
20190225,2130,28942,28952,28934,28946,474,0
20190225,2145,28947,28960,28943,28947,489,0
20190225,2200,28947,28960,28947,28956,729,0
20190225,2215,28956,28972,28956,28969,612,0
20190225,2230,28969,28978,28965,28977,530,0
20190225,2245,28978,29025,28978,29007,2795,0
20190225,2300,29007,29017,28992,28994,1510,0
20190225,2315,28994,29062,28979,29061,2611,0
20190225,2330,29062,29072,29036,29046,1825,0
20190225,2345,29046,29081,29043,29080,1198,0
20190226,0000,29081,29111,29073,29101,1669,0
20190226,0015,29101,29114,29089,29092,923,0
20190226,0030,29092,29098,29082,29090,845,0
20190226,0045,29088,29107,29073,29090,1115,0
20190226,0100,29090,29108,29063,29063,890,0
20190226,0930,28971,28994,28928,28941,14669,0
20190226,0945,28938,28938,28803,28860,20302,0
20190226,1000,28866,28896,28810,28889,13438,0
20190226,1015,28890,28924,28848,28920,13517,0
20190226,1030,28923,28926,28825,28852,11579,0
20190226,1045,28853,28868,28747,28766,13127,0
20190226,1100,28764,28832,28744,28808,8586,0
20190226,1115,28807,28852,28770,28771,7982,0
20190226,1130,28770,28836,28767,28831,5733,0
20190226,1145,28827,28842,28799,28803,4051,0
20190226,1200,28803,28818,28786,28794,2503,0
20190226,1215,28794,28794,28794,28794,0,0
20190226,1245,28794,28794,28794,28794,0,0
20190226,1300,28794,28794,28787,28787,3,0
20190226,1315,28795,28853,28795,28836,7587,0
20190226,1330,28835,28863,28797,28797,5740,0
20190226,1345,28799,28817,28758,28768,7310,0
20190226,1400,28770,28803,28732,28781,8247,0
20190226,1415,28781,28811,28759,28789,7274,0
20190226,1430,28786,28807,28755,28760,5689,0
20190226,1445,28762,28774,28736,28746,5307,0
20190226,1500,28744,28762,28703,28726,6431,0
20190226,1515,28723,28770,28722,28758,3286,0
20190226,1530,28758,28781,28752,28756,3421,0
20190226,1545,28756,28793,28749,28779,3871,0
20190226,1600,28778,28796,28775,28781,4124,0
20190226,1615,28786,28791,28711,28719,10008,0
20190226,1630,28719,28732,28719,28727,4764,0
20190226,1645,28727,28727,28727,28727,0,0
